Time in Minutes,Kyowa PG 500 KUM -Load in bar-(bar),Load in kN,Stud2-Axial,Stud3-Axial,Stud4-Axial,Stud5-Axial,Stud3-Top,Stud3-Mid,Stud3-Bottom,Stud4-Top,Stud4-Mid,Stud4-Bottom,Pb1-Top-Left,Pb1-Top-Right,Pb1-Mid-Mid,Pb1-Bottom-Left,Pb1-Bottom-Right,Pb1-Pb2-Mid-Left,Pb1-Pb2-Mid-Mid,Pb1-Pb2-Mid-Right,Pb2-Top-Left,Pb2-Top-Right,Pb2-Mid-Mid,Pb2-Bottom-Left,Pb2-Bottom-Right,Pb3-Top-Left,Pb3-Top-Right,Pb3-Mid-Mid,Pb3-Bottom-Left,Pb3-Bottom-Right,Pb3-Pb4-Mid-Left,Pb3-Pb4-Mid-Mid,Pb3-Pb4-Mid-Right,Pb4-Top-Left,Pb4-Top-Right,Pb4-Mid-Mid,Pb4-Bottom-Left,Pb4-Bottom-Right,Pb4-Top of stud,Pb4-Inbetween stud 3-4,Stud2-Mid-Fire-HF,Stud2-Mid-Fire-CF,Stud2-Mid-Amb-HF,Stud2-Mid-Amb-CF,Stud3-Top-Fire-HF,Stud3-Top-Fire-CF,Stud3-Top-Amb-HF,Stud3-Top-Amb-CF,Stud3-Mid-Fire-HF,Stud3-Mid-Fire-CF,Stud3-Mid-Amb-HF,Stud3-Mid-Amb-CF,Stud3-Bottom-Fire-HF,Stud3-Bottom-Fire-CF,Stud3-Bottom-Amb-HF,Stud3-Bottom-Amb-CF,Stud4-Top-Fire-HF,Stud4-Top-Fire-CF,Stud4-Top-Amb-HF,Stud4-Top-Amb-CF,Stud4-Mid-Fire-HF,Stud4-Mid-Fire-CF,Stud4-Mid-Amb-HF,Stud4-Mid-Amb-CF,Stud4-Bottom-Fire-HF,Stud4-Bottom-Fire-CF,Stud4-Bottom-Amb-HF,Stud4-Bottom-Amb-CF,Stud5-Mid-Fire-HF,Stud5-Mid-Fire-CF,Stud5-Mid-Amb-HF,Stud5-Mid-Amb-CF,Furnace-Top-Left,Furnace-Top-Right,Furnace-Bottom-Left,Furnace-Bottom-Right,Average-Pb1,Average-Pb1-Pb2,Average-Pb2,Average-Pb3,Average-Pb3-Pb4,Average-Pb4,Average-Furnace
0,-86.489334,28,6.462831,6.901223,8.392123,7.171287,1.632138,2.684691,-2.088565,2.137876,3.236396,-2.229789,48.932293,48.13818,44.386539,58.453888,51.38216,32.57563,28.905029,30.129675,28.575428,27.52664,26.621689,23.971521,24.623306,21.807775,21.464682,21.792973,21.701365,21.329081,21.21707,21.388321,21.297377,21.234428,21.135834,21.21707,21.278168,20.905052,21.805,21.416088,26.282164,25.257177,23.114658,22.826735,20.92635,26.403566,24.553623,23.297403,26.481194,25.656271,23.384262,22.933502,24.817799,23.751711,22.769186,2293.708252,27.120646,26.334229,24.29954,23.399044,26.294373,25.035549,23.357466,22.501286,24.709368,24.075178,22.427076,22.299683,25.632757,24.683296,23.591442,22.701004,80.385406,92.184784,76.553169,113.008644,50.258612,30.536778,26.2637168,21.6191752,21.30092267,21.28452,90.53300075
1,-86.450928,28,6.467757,6.901223,8.388839,7.169645,1.632138,2.671555,-2.085281,2.137876,3.241322,-2.219937,48.033546,47.620125,44.306309,58.323387,48.899544,32.971748,29.264624,30.670345,28.725071,27.631105,26.698608,24.032471,24.682835,21.810783,21.47278,21.792973,21.709,21.32584,21.213137,21.39156,21.29159,21.227486,21.132362,21.221004,21.268217,20.895098,21.786032,21.421412,26.392971,25.337654,23.129215,22.826965,20.926813,26.480732,24.583389,23.316116,26.572172,25.708826,23.388418,22.942976,24.891155,23.784731,22.785133,2293.71167,27.204666,26.401955,24.352854,23.415676,26.374081,25.09367,23.375946,22.504292,24.759663,24.092491,22.435629,22.291821,25.688772,24.720442,23.599756,22.696381,76.499695,86.341118,74.523308,101.749207,49.4365822,30.96890567,26.354018,21.6222752,21.29876233,21.27880157,84.778332
2,-86.424667,28,6.452979,6.897939,8.388839,7.177855,1.645274,2.664987,-2.075429,2.13295,3.251174,-2.211727,72.00531,63.748604,70.81115,76.544891,113.924133,33.59288,29.82778,31.484041,29.037392,27.901884,26.894106,24.187826,24.821028,21.828594,21.475325,21.814484,21.714552,21.339725,21.207813,21.397345,21.283953,21.238131,21.120558,21.230494,21.261274,20.907598,21.794359,21.426039,26.622379,25.497896,23.173574,22.869488,20.937693,26.632744,24.67153,23.349611,26.749271,25.854494,23.442701,22.947367,25.068531,23.886559,22.812174,2293.705078,27.400761,26.556511,24.434551,23.453558,26.544304,25.21221,23.413597,22.502441,24.892309,24.174669,22.464991,22.305,25.839052,24.836021,23.654953,22.720881,105.583435,131.971909,100.823448,214.124481,79.4068176,31.63490033,26.5684472,21.634536,21.29637033,21.28263614,138.1258183
3,-86.399284,28,6.464473,6.904507,8.390481,7.181139,1.632138,2.684691,-2.108268,2.14116,3.241322,-2.233073,96.628098,112.600502,88.024742,112.696861,140.897293,34.396564,30.742153,32.847664,29.407507,28.176273,27.155176,24.370625,25.052387,21.829752,21.464682,21.828363,21.714552,21.337412,21.222626,21.394569,21.304319,21.221235,21.121252,21.214756,21.243454,20.9032,21.795053,21.409842,26.914829,25.681858,23.243114,22.917326,20.921721,26.813517,24.775579,23.397196,27.006922,25.999451,23.518692,22.979256,25.322897,23.998533,22.866947,2293.707275,27.654573,26.723709,24.565161,23.512917,26.766542,25.347338,23.467648,22.526945,25.091133,24.261457,22.514,22.321878,26.077106,24.984806,23.747786,22.765257,178.723099,185.318649,132.297485,290.209625,110.1694992,32.662127,26.8323936,21.6349522,21.30717133,21.27268457,196.6372145
4,-90.315666,29,6.475966,6.922569,8.387197,7.213978,1.619002,2.671555,-2.081997,2.14116,3.224902,-2.210085,141.88501,144.965424,142.828461,166.411072,203.458969,35.937069,32.360332,35.529713,29.80344,28.516115,27.604185,24.562853,25.354256,21.844555,21.471392,21.830908,21.711544,21.331163,21.220774,21.391792,21.296913,21.222393,21.111067,21.218227,21.244148,20.907135,21.790195,21.410536,27.246328,25.877079,23.309879,22.949909,20.908293,27.009686,24.874546,23.432076,27.272566,26.183327,23.592829,23.018307,25.664799,24.132427,22.910854,2293.716309,27.946508,26.917822,24.669222,23.560034,27.054577,25.510345,23.537861,22.545208,25.339037,24.386318,22.546595,22.344999,26.360489,25.138643,23.838301,22.811943,275.268555,274.474762,219.353119,308.679321,159.9097872,34.609038,27.1681698,21.6379124,21.30315967,21.27195729,269.4439393
5,-90.744957,29,6.49567,6.942273,8.407722,7.241892,1.632138,2.678123,-2.075429,2.128024,3.238038,-2.210085,170.128387,169.940353,176.930679,179.361008,228.446457,40.471088,35.546612,40.398102,30.398897,28.919737,28.45956,24.781809,25.794569,21.84363,21.501471,21.800142,21.722416,21.322832,21.218458,21.372816,21.278399,21.223087,21.103893,21.255951,21.294136,20.863382,21.813097,21.409609,27.598892,26.065125,23.404358,22.946442,20.936998,27.183258,25.015022,23.45656,27.625353,26.357956,23.655645,23.061979,26.161207,24.253839,23.004675,2293.703369,28.337931,27.126631,24.802803,23.58844,27.46911,25.671022,23.63463,22.567631,25.679783,24.493397,22.58728,22.33737,26.746048,25.287386,23.940584,22.830433,344.503906,340.084381,299.269104,328.642822,184.9613768,38.80526733,27.6709144,21.6380982,21.289891,21.28045071,328.1250533
6,-90.39711,29,6.502238,6.950482,8.411827,7.255028,1.668262,2.671555,-2.081997,2.131308,3.234754,-2.236357,202.006241,200.318039,227.886627,204.453522,227.943253,48.39465,42.397614,47.492161,31.203402,29.535904,29.977245,25.074528,26.450558,21.856121,21.505867,21.834146,21.735371,21.321213,21.221235,21.370272,21.28974,21.231651,21.099262,21.245768,21.283258,20.877966,21.805231,21.410767,28.146149,26.34828,23.511993,22.994045,20.954128,27.444946,25.185921,23.515688,28.147758,26.590828,23.762794,23.09063,26.772758,24.451628,23.066137,2293.720703,28.878139,27.395008,24.99703,23.666037,27.995272,25.898973,23.72146,22.600456,26.167429,24.672222,22.648535,22.359104,27.281082,25.541929,24.09203,22.906002,400.743347,397.996948,366.341309,349.990082,212.5215364,46.09480833,28.4483274,21.6505436,21.293749,21.279129,378.7679215
7,-90.171539,29,6.487461,6.95705,8.410185,7.271447,1.638706,2.655135,-2.081997,2.131308,3.228186,-2.190382,263.723724,266.614807,335.49176,265.546814,333.372894,58.190857,53.42308,57.993847,32.52639,30.708889,31.958485,25.546541,27.276249,21.860516,21.508644,21.839235,21.73329,21.323063,21.220079,21.375362,21.287657,21.237206,21.110605,21.213831,21.262199,20.886763,21.812172,21.40799,28.909855,26.746969,23.640404,23.066599,20.993944,27.835403,25.408901,23.601143,28.888712,26.939465,23.919344,23.140074,27.606716,24.746742,23.14793,2293.70459,29.664513,27.792845,25.271936,23.765104,28.846655,26.245071,23.896255,22.624727,26.839996,24.909378,22.705858,22.382454,28.005392,25.895517,24.272997,23.006523,476.638519,508.912018,445.446228,477.020538,292.9499998,56.535928,29.6033108,21.6529496,21.294366,21.27582371,477.0043258
8,-89.367912,29,6.485818,6.963618,8.408543,7.305108,1.619002,2.678123,-2.104985,2.139518,3.221618,-2.25606,333.634491,350.753174,400.425781,380.594177,476.738556,69.28933,67.997765,70.445442,35.187996,32.845833,34.382393,26.304972,28.637953,21.892204,21.524609,21.941702,21.740923,21.327229,21.224476,21.379528,21.283258,21.21059,21.102503,21.213367,21.246925,20.889311,21.808933,21.401279,30.403946,27.380508,23.953053,23.225096,21.02774,28.477032,25.95751,23.777111,30.266016,27.490282,24.289846,23.252817,28.986149,25.149483,23.290243,2293.703369,31.177488,28.514736,25.926168,23.944971,30.391783,26.758251,24.194983,22.672806,28.045414,25.29707,22.852386,22.464296,29.247852,26.43858,24.712597,23.165489,560.400024,563.471863,539.763367,547.578247,388.4292358,69.244179,31.4718294,21.6853334,21.295754,21.26755829,552.8033753
9,-90.276161,29,6.49567,6.945557,8.410185,7.343694,1.64199,2.664987,-2.088565,2.137876,3.228186,-2.236357,325.934479,333.665894,394.097656,397.382477,386.912048,74.180969,72.074013,73.532974,39.70573,36.783493,38.012146,27.88026,31.105251,21.937075,21.614609,22.172043,21.768221,21.354767,21.219152,21.371891,21.280481,21.229568,21.098801,21.239752,21.264051,20.859215,21.829752,21.404518,32.87056,28.533129,24.604618,23.448475,21.039776,29.692301,27.300877,24.052324,32.530743,28.544853,25.109354,23.570196,31.240549,25.742479,23.540632,2293.712158,33.879982,30.010534,27.864849,24.407551,33.081173,27.763857,24.995878,22.78421,30.067467,25.968111,23.121128,22.590284,31.259352,27.442186,25.623537,23.474113,518.121704,519.091248,499.445251,482.648956,367.5985108,73.262652,34.697376,21.769343,21.290508,21.27509386,504.8267898
10,-90.091202,29,6.500597,6.945557,8.411827,7.343694,1.605866,2.645283,-2.068862,2.128024,3.241322,-2.239641,360.619324,349.824982,419.281342,364.654541,376.783905,76.155785,74.675011,75.249596,45.583263,41.668266,42.847893,30.637537,35.106892,22.014324,21.756191,22.573179,21.958122,21.380684,21.233271,21.39966,21.298532,21.244612,21.109911,21.210127,21.266829,20.870327,21.840622,21.413774,36.517929,30.609087,26.044155,23.88171,21.044174,32.03685,30.144596,24.596542,35.911499,30.184534,26.852661,24.107727,34.513844,26.617313,23.9953,2293.69873,37.761921,32.744858,31.189413,25.43334,36.961185,29.584364,26.88858,22.98226,33.082775,26.972158,23.698137,22.836903,34.291851,29.085875,27.611778,24.066175,524.083984,525.358093,511.073303,478.282318,374.2328188,75.36013067,39.1687702,21.9365,21.31048767,21.27945743,509.6994245
11,-90.254974,29,6.522763,6.964439,8.411827,7.351904,1.456445,2.645283,-2.073788,2.011442,3.261026,-2.262628,424.639648,405.947205,493.216522,480.620911,505.879517,78.613365,77.826584,77.974937,51.434921,47.422298,48.151966,34.576935,39.863621,22.140593,21.933144,23.113504,22.241877,21.456814,21.261042,21.423956,21.311493,21.233965,21.114307,21.216608,21.25757,20.890467,21.859591,21.439459,41.02779,33.759888,28.270557,24.655148,21.053432,36.069244,34.025219,25.847118,40.139309,33.229034,29.889313,25.277239,38.500126,28.100842,24.848249,2293.705078,42.626858,37.202015,35.320034,27.30456,41.492905,32.781265,29.673929,23.464413,36.995167,29.128153,25.020788,23.385878,38.110123,32.256565,31.054796,25.371548,559.690918,572.921936,583.874512,598.367554,462.0607606,78.13829533,44.2899482,22.1771864,21.33216367,21.28742386,578.71373
12,-90.71627,29,6.516195,6.945557,8.411827,7.337947,1.119837,2.456451,-2.05901,1.710957,3.13295,-2.224863,433.864441,429.305176,500.3349,460.361481,476.258453,81.423775,79.982986,80.912964,56.878815,53.18232,53.242008,39.322517,44.668209,22.288584,22.199329,23.789118,22.826504,21.55006,21.29645,21.498693,21.328617,21.242529,21.124954,21.206425,21.240213,20.892088,21.861441,21.436914,45.936882,37.802032,31.449654,25.902431,21.092319,40.979836,38.651352,28.095552,44.793732,37.415886,33.699722,27.162081,42.737381,30.212538,26.348049,2293.712646,47.97501,42.176266,39.57444,30.12233,46.479118,37.053326,33.190353,24.450012,41.28616,31.960089,27.198681,24.453012,42.479328,36.582047,35.191879,27.457603,560.525208,559.679749,570.333435,549.33136,460.0248902,80.77324167,49.4587738,22.530719,21.37458667,21.28636629,559.967438
13,-91.800644,29,6.515374,6.953766,8.410185,7.336305,0.798007,2.086998,-2.101701,1.369422,2.735583,-2.242925,508.302582,503.448242,581.368958,549.424194,583.653625,83.819916,81.485558,83.180817,61.491714,58.464668,57.593475,44.054482,48.926197,22.473776,22.523247,24.648457,23.421913,21.702984,21.345047,21.583376,21.353378,21.227947,21.124493,21.232807,21.249008,20.859446,21.880407,21.414238,50.61306,42.1245,34.896908,27.704731,21.138842,46.130402,43.416183,31.261187,49.05809,41.799999,37.523491,29.684723,46.798336,33.005173,28.296772,2293.710449,52.891293,46.787704,43.618477,33.63269,51.21574,42.768017,37.528053,26.02042,45.546131,35.664906,29.82686,26.124804,46.859863,41.34137,39.581951,30.232277,615.897583,626.278503,635.308533,639.706238,545.2395202,82.82876367,54.1061072,22.9540754,21.427267,21.28404943,629.2977143
14,-92.962273,30,6.515374,6.954587,8.433172,7.327274,0.582906,1.812781,-2.095133,1.057443,2.444948,-2.216653,548.600403,542.258057,605.304321,585.89032,613.716797,85.920555,83.105583,85.58651,65.705971,62.95211,61.813148,48.668468,53.040867,22.743532,23.032402,25.693844,24.193136,21.93615,21.420717,21.778629,21.431824,21.26058,21.149952,21.214293,21.257109,20.895561,21.914177,21.452648,55.742466,45.911755,38.995636,30.161581,21.193001,50.724728,48.085976,35.359554,54.107105,45.967667,40.813232,32.632881,51.301434,36.258007,31.259352,2293.715332,58.257572,51.110649,48.253654,37.661175,56.424488,48.213207,42.416225,28.20433,50.311855,39.15226,33.255585,28.343449,51.91151,45.386494,43.663605,33.516689,639.005066,654.594727,667.32428,670.741882,579.1539796,84.87088267,58.4361128,23.5198128,21.54372333,21.30633143,657.9164888
15,-91.801971,29,6.521942,6.943914,8.434814,7.273089,0.325114,1.545133,-2.078713,0.758601,2.072212,-2.200234,570.647034,575.861511,602.260681,617.43457,639.859375,87.325378,83.976456,87.163338,69.384911,66.797256,65.477013,53.065872,56.951191,23.056433,23.682665,26.897329,25.099897,22.210892,21.544275,22.033981,21.499851,21.257339,21.172865,21.242296,21.273308,20.907829,21.966911,21.46954,60.568691,49.089256,43.371044,33.000366,21.219385,54.604755,52.378265,39.748276,59.003204,49.77969,44.677956,35.862186,55.819157,39.834728,34.774872,2293.703613,63.367531,54.7094,52.291958,41.9081,61.230141,52.284969,46.446083,30.844925,55.092144,42.572388,36.783264,30.987368,56.868923,49.466576,47.715748,36.963692,650.097351,668.304504,692.483276,687.581238,601.2126342,86.15505733,62.3352486,24.1894432,21.69270233,21.32715543,674.6165923
16,-92.659676,30,6.517837,6.945557,8.436457,7.259953,0.206891,1.384216,-2.06722,0.48603,1.871887,-2.173962,592.756287,597.00647,615.610901,643.18042,652.170288,88.10141,84.844803,88.39106,71.940414,69.621071,68.278313,56.738098,60.41991,23.456099,24.478397,28.268488,26.094158,22.503136,21.706686,22.347544,21.625946,21.276548,21.214525,21.284647,21.304319,20.898569,22.041615,21.484812,64.496048,51.679321,46.987659,35.792549,21.262894,57.463146,55.634956,43.478554,63.217781,53.36948,47.836006,38.877014,59.87048,42.974506,38.294891,2293.71167,67.412888,57.500446,55.658573,45.384682,65.267754,55.167061,50.118465,33.487633,59.258278,45.497223,40.24847,33.651222,61.322571,52.658119,50.986832,40.078808,660.012756,677.871155,704.465027,701.235535,620.1448732,87.11242433,65.3995612,24.9600556,21.893392,21.35786214,685.8961183
17,-89.452667,29,6.503881,6.917643,8.438099,7.166361,0.039408,1.206878,-2.013035,0.315262,1.651858,-2.111567,620.586426,582.578186,633.842957,645.07605,662.995483,89.036598,85.427223,89.635605,73.767693,72.022766,70.521759,60.223537,63.196259,23.957207,25.382154,29.982756,27.168756,22.903229,21.918341,22.776352,21.796209,21.322601,21.239058,21.323063,21.334635,20.916859,22.140825,21.535021,67.749893,54.310818,49.999981,38.975372,21.300848,60.042637,58.345623,47.182156,66.84362,56.567699,50.779316,42.065693,63.456081,46.197617,41.595352,2293.708984,70.582863,59.924576,58.383808,48.763794,68.570259,58.263638,53.522388,36.426884,62.791348,48.566811,43.326817,36.590942,65.028687,55.684887,54.090672,43.351765,673.778137,687.599915,718.459106,711.914307,629.0158204,88.033142,67.9464028,25.8788204,22.163634,21.40172314,697.9378663
18,-91.149094,29,6.511269,6.911075,8.434814,7.145836,-0.044334,1.193742,-2.016319,0.190471,1.602598,-2.073802,634.320007,589.253052,647.805542,652.317993,673.891846,89.810326,85.998299,90.658737,75.08268,73.737938,72.20179,62.568245,65.577827,24.509781,26.347359,31.710747,28.374031,23.360931,22.170656,23.254204,22.021261,21.318897,21.257803,21.354073,21.376057,20.925886,22.256443,21.552835,70.285187,56.086769,52.319225,41.837475,21.319824,61.975082,60.46479,50.03767,69.892815,58.787178,53.376236,44.910854,66.521103,48.995308,44.419403,2293.687988,73.014076,61.715801,60.315552,51.671883,71.14193,59.168243,55.523617,39.322517,65.624649,50.915558,45.862633,39.180485,68.633621,57.914543,56.36356,46.155975,681.553711,697.068298,728.83667,721.897217,639.517688,88.822454,69.833696,26.8605698,22.48204033,21.43457057,707.338974
19,-92.194405,30,6.505522,6.909433,8.434814,7.136806,-0.05747,1.193742,-1.998258,0.147779,1.576326,-2.085296,633.64093,603.778137,659.9375,665.671692,683.055664,90.458618,86.553101,91.528259,75.987526,74.89138,73.297806,64.416946,67.11908,25.11166,27.241493,33.129471,29.39855,23.877323,22.447882,23.84569,22.292282,21.37513,21.328848,21.433212,21.436451,20.970333,22.415747,21.628954,72.075356,56.767548,53.344933,44.171902,21.315195,62.98484,61.608807,52.159668,72.023216,59.571697,54.614658,47.088078,68.770409,51.937656,46.056618,2293.69873,74.732071,62.719151,61.15274,53.622372,72.130402,58.026421,55.847046,41.426338,67.757286,52.517521,47.200699,41.075058,70.985046,58.71711,57.132118,48.228573,691.377502,707.92926,745.064453,730.161255,649.2167846,89.513326,71.1425476,27.7516994,22.86195133,21.51266786,718.6331175
20,-88.182892,28,6.415213,6.828976,8.401975,7.058812,-0.075531,1.193742,-1.990048,0.147779,1.576326,-2.082012,639.282715,621.046448,675.445923,682.525574,696.909424,91.037254,86.891708,92.318802,76.548691,75.481628,74.045822,65.483505,68.319283,25.72957,28.149828,34.223484,30.089962,24.31362,22.803392,24.456244,22.651308,21.447327,21.371428,21.52322,21.512114,20.976583,22.623108,21.681238,73.518204,58.281158,53.713112,45.710278,21.303856,62.703678,61.488125,53.433662,73.92186,59.955772,55.670044,48.477345,70.719612,54.495602,46.987659,2293.716309,76.012138,62.961525,61.266037,54.579098,73.303619,57.555725,55.208458,42.680191,69.654198,53.403934,47.68026,42.290237,72.920319,58.440186,56.640312,49.525951,705.483398,719.006958,757.160217,745.677856,663.0420168,90.082588,71.9757858,28.5012928,23.303648,21.59071686,731.8321073
21,-89.019402,29,6.413571,6.817482,8.369135,7.062917,-0.06568,1.18389,-1.996616,0.147779,1.573041,-2.095148,645.922974,632.565613,685.80603,691.913147,706.324402,91.482704,87.27047,92.772308,76.808022,75.896233,74.518387,66.491539,69.172699,26.272488,28.901812,34.961575,30.475544,24.683296,23.171726,24.995647,23.048576,21.525072,21.468384,21.637745,21.63011,21.034452,22.93096,21.79274,74.753326,60.156433,53.754093,46.664413,21.315659,62.69516,61.189758,54.111607,75.516083,60.261242,55.346584,49.003212,72.187469,56.819695,47.408504,2293.71167,76.637749,63.167339,61.353752,55.230278,74.751534,57.664703,55.107216,43.593987,71.114182,54.755756,47.56496,42.926178,74.376083,58.983444,56.150406,50.090481,711.680969,724.958191,765.816162,752.372742,672.5064332,90.508494,72.577376,29.058943,23.73864967,21.71706614,738.707016
22,-89.520866,29,6.397151,6.817482,8.352715,7.035003,-0.075531,1.174038,-2.017961,0.151063,1.566473,-2.098432,657.064453,643.97229,699.339539,703.142029,716.608032,91.809258,87.628197,93.189964,77.041626,76.120209,74.843941,67.191635,69.958176,26.724171,29.508572,35.503902,30.68067,24.942364,23.538553,25.418816,23.488895,21.603735,21.563248,21.736759,21.778629,21.048573,23.282619,21.864447,75.599319,61.868324,53.657047,46.984264,21.333477,63.071831,60.804752,54.354935,76.643791,60.575874,55.330612,49.289558,73.268265,58.657822,47.436092,2293.693848,77.057961,63.342873,61.25639,55.529015,75.785477,57.452358,54.780285,44.336906,72.181198,56.367607,47.289345,43.241982,75.603348,60.041965,56.066753,50.381126,720.762207,732.681763,772.840637,759.651367,684.0252686,90.87580633,73.0311174,29.4719358,24.14875467,21.83971571,746.4839935
23,-89.903374,29,6.403719,6.814198,8.344505,7.033361,-0.019704,1.180606,-1.993332,0.147779,1.57961,-2.091864,668.658569,657.174316,711.491516,713.530518,727.887573,92.186134,88.046265,93.619812,77.086823,76.306366,75.148468,67.815948,70.437828,27.196609,30.023621,35.955563,30.865341,25.182692,23.890715,25.795031,23.891176,21.699051,21.678463,21.900068,21.92713,21.1113,23.652182,21.981251,76.45002,63.57085,53.346958,47.247734,21.379065,63.590355,60.487907,54.607456,77.552246,61.8755,55.247826,49.500668,74.076027,60.237228,47.312408,2293.701416,77.643768,63.536331,61.489918,55.802288,76.474182,58.080559,54.534313,44.778549,72.623604,58.650635,47.056866,43.442944,76.875374,60.298271,56.132641,50.686153,727.508606,743.040161,778.214417,768.227539,695.7484984,91.28407033,73.3590866,29.8447652,24.52564067,21.99277786,754.2476808
24,-90.153442,29,6.393867,6.804346,8.334654,7.036645,-0.039408,1.174038,-1.993332,0.141211,1.57961,-2.105,680.432312,669.039673,720.949524,725.736816,738.36554,92.758392,88.917976,94.285385,77.124191,76.45002,75.310905,68.016129,70.795708,27.630644,30.48564,36.34108,30.842632,25.346645,24.228451,26.110287,24.287077,21.836691,21.819572,22.062891,22.093649,21.173328,24.083258,22.101974,77.122849,64.773476,53.11993,47.437901,21.438534,65.30719,60.072041,54.729877,78.356026,63.222935,55.345459,49.654633,74.647263,61.539043,46.93541,2293.723389,78.543549,64.708939,61.327057,55.907089,76.859039,60.065308,54.302715,45.008488,73.453987,60.46883,46.771416,43.487396,77.83374,60.916714,56.196049,50.850372,735.90448,751.270325,789.689392,775.997864,706.904773,91.987251,73.5393906,30.1293282,24.87527167,22.16733757,763.2155153
25,-90.414551,29,6.392225,6.804346,8.328086,7.018583,0,1.187174,-2.013035,0.147779,1.592746,-2.105,689.920715,682.785095,730.40802,737.078918,749.118164,94.227867,90.742653,96.027534,77.145897,76.494995,75.427254,68.268906,71.071213,28.030924,30.860754,36.668743,30.767618,25.479221,24.504704,26.377306,24.635305,21.978706,21.973387,22.283497,22.268698,21.239752,24.523396,22.26708,77.642197,65.835449,52.802532,47.566319,21.472317,67.555534,59.818176,54.79221,79.052208,64.633865,55.19091,49.693233,75.163902,62.630806,46.613964,2293.700195,78.77919,66.405304,61.113255,55.963535,77.462967,63.287052,54.14222,45.119026,74.078491,61.894115,46.972729,43.537064,78.580246,64.104309,56.419544,50.966984,746.159119,758.813721,800.101257,786.125488,717.8621824,93.666018,73.681653,30.361452,25.17243833,22.36207371,772.7998963
26,-90.590683,29,6.382373,6.805988,8.32316,7.031719,-0.01642,1.18389,-1.996616,0.154347,1.625586,-2.150975,701.241516,691.542664,742.202148,745.886597,756.675964,96.817001,96.932373,99.516418,77.140526,76.536835,75.535774,68.288612,71.414513,28.37311,31.242842,36.919674,30.476461,25.558989,24.803957,26.586451,25.016636,22.121862,22.123713,22.431005,22.453663,21.298302,24.948362,22.391703,78.153061,66.752464,52.723232,47.593449,21.533863,66.377083,59.657001,54.832939,79.668533,65.841278,55.138264,49.689621,75.64183,63.376274,46.236767,2293.713135,78.948143,67.725044,60.94162,56.032799,78.039612,65.30159,54.173061,45.25288,74.743034,63.001434,47.205902,43.534569,79.282707,66.294655,56.685722,50.962246,750.746338,764.080078,805.46936,790.517029,727.5097778,97.755264,73.783252,30.5142152,25.46901467,22.53837286,777.7032013
27,-90.738342,29,6.388941,6.814198,8.316592,7.023509,0.009852,1.180606,-1.990048,0.154347,1.605882,-2.111567,708.90741,700.012512,750.700256,753.772705,763.473877,104.272629,105.736343,109.668953,77.235176,76.570175,75.821281,68.327797,71.792267,28.727139,31.554647,37.104866,29.982527,25.641748,25.055155,26.810062,25.336962,22.268005,22.252512,22.630505,22.63328,21.397345,25.389763,22.560696,78.514679,67.82827,52.597736,47.636402,21.569494,67.034874,59.536674,54.749905,80.169418,67.230156,54.938919,49.554173,76.165627,63.962212,45.892288,2293.705566,79.367752,68.916153,60.725769,56.008064,78.562119,66.356697,53.907642,45.290249,75.194107,64.048721,47.288891,43.494202,79.833931,68.076134,56.678303,50.938789,756.49353,769.209778,810.313416,796.097778,735.373352,106.5593083,73.9493392,30.6021854,25.73405967,22.733158,783.0286255
28,-90.839867,29,6.387299,6.810914,8.313308,7.013658,0.042692,1.20031,-2.006468,0.206891,1.619018,-2.121419,718.370483,710.530945,757.745972,761.845459,770.941772,112.861244,123.234772,119.666756,77.375923,76.664818,76.312637,68.356003,72.15905,29.00775,31.870487,37.19677,29.44426,25.70606,25.325663,27.003469,25.692921,22.450426,22.445108,22.79669,22.803854,21.439692,25.825914,22.726891,78.424049,68.645042,52.538254,47.694725,21.598646,66.963432,59.789219,54.758232,81.486008,68.036278,54.608582,49.273075,76.980766,64.070915,45.407555,2293.709961,79.705467,69.761421,60.570934,55.975006,78.607323,67.279198,53.127136,45.20079,75.756165,64.784225,47.372555,43.403255,80.635635,69.302986,56.598724,50.945557,764.416321,774.638855,812.714172,801.160889,743.8869262,118.5875907,74.1736862,30.6450654,26.007351,22.92693929,788.2325593
29,-90.697731,29,6.384015,6.804346,8.311666,7.015299,0.078815,1.170754,-2.019603,0.220027,1.655142,-2.157542,726.001892,717.893188,760.4552,771.606323,775.08844,134.303619,143.406097,142.726105,77.732597,76.994637,77.066689,68.479813,72.687149,29.304367,32.114979,37.205662,29.081968,25.760458,25.541008,27.19845,25.951288,22.625883,22.600456,22.979717,22.938585,21.541498,26.233322,22.923565,78.593452,68.96048,52.636265,47.670765,21.605587,69.57048,60.201767,54.92857,82.530151,68.919731,54.37339,49.115681,78.356247,64.472519,45.331692,2293.719482,79.954109,69.725159,60.481174,55.975906,79.408707,68.192787,52.853897,45.085503,76.455391,65.473206,47.448524,43.300957,81.365128,70.423058,56.549938,50.923679,765.358276,777.652649,816.913818,806.482483,750.2090086,140.1452737,74.592177,30.6934868,26.23024867,23.12043229,791.6018065
30,-91.095016,29,6.370879,6.794494,8.310024,7.041571,0.082099,1.174038,-2.006468,0.249583,1.724106,-2.187098,732.775818,724.972046,767.583374,776.474182,781.848145,151.412415,158.61673,162.882812,78.465225,77.470573,78.915474,68.98555,73.464058,29.557953,32.378658,37.26107,28.84045,25.774286,25.776592,27.343916,26.263502,22.778431,22.798538,23.150702,23.080233,21.595869,26.670513,23.056202,79.544998,69.009949,52.813797,47.714844,21.644686,70.708199,60.590012,55.039719,84.14151,70.150887,54.64864,49.208717,80.159126,64.923828,45.774345,2293.713135,80.647949,69.544296,60.839081,56.063831,80.923935,69.463036,53.377136,45.117893,77.863953,65.932671,47.485832,43.111767,82.264839,70.96669,56.900616,51.037804,769.746826,780.971191,820.066223,809.939026,756.730713,157.637319,75.460176,30.7624834,26.46133667,23.30435543,795.1808165
31,-91.473541,29,6.377447,6.786284,8.30674,7.020225,0.121507,1.174038,-2.003184,0.262719,1.71097,-2.210085,738.928528,731.993774,774.285583,784.606262,786.599121,159.794266,165.342041,174.549423,79.668983,78.69236,80.825447,69.628014,74.333565,29.831913,32.685322,37.505028,28.693121,25.836287,25.98332,27.502937,26.510675,22.964699,23.000284,23.371094,23.239882,21.746706,27.106834,23.269451,80.916992,69.769699,53.318581,48.063152,21.658567,72.090797,61.231262,55.542736,85.466202,71.274422,55.440838,49.61964,81.854256,65.753685,46.282707,2293.716797,81.560776,70.121346,61.717594,56.460461,82.28141,70.288986,53.945015,45.578735,79.114418,65.982849,47.371197,42.676788,82.810692,71.824493,57.47438,51.34766,773.661499,785.226929,826.467041,814.097412,763.2826536,166.56191,76.6296738,30.9103342,26.665644,23.52842143,799.8632203
32,-91.883194,30,6.364311,6.755086,8.303456,6.998879,0.098519,1.190458,-2.029455,0.275855,1.720822,-2.200234,749.879028,740.201294,784.22998,789.889771,796.44281,165.368317,173.89624,180.620865,80.669434,79.906219,82.465446,70.969826,75.235725,30.150564,33.074993,37.794739,28.538645,25.872931,26.190239,27.62075,26.767233,23.133373,23.195755,23.549871,23.348688,21.815409,27.519506,23.439236,82.116188,70.52243,53.918674,48.496998,21.68841,73.679314,62.076233,56.029877,86.656853,72.509254,56.22393,50.198124,83.361748,66.597031,46.863029,2293.726562,82.544922,71.044128,62.572952,57.028507,83.455566,71.398399,53.959648,46.119312,80.078102,66.898491,47.375267,42.557636,84.16436,72.706619,58.286774,51.796547,782.234619,793.45575,834.171875,820.002563,772.1285766,173.2951407,77.84933,31.0863744,26.85940733,23.71454829,807.4662018
33,-92.267242,30,6.377447,6.760833,8.303456,6.989849,0.101803,1.16747,-2.003184,0.279139,1.724106,-2.219937,757.587952,749.985779,790.240417,801.412231,802.859863,175.552948,183.989105,188.87941,81.72979,80.467766,84.158981,72.344109,75.953964,30.540251,33.4604,38.101921,28.472895,25.841127,26.365788,27.767538,26.995411,23.308031,23.383337,23.735546,23.460718,21.88434,27.927187,23.647793,82.74173,71.354317,54.324547,49.017666,21.701597,74.946419,62.730587,56.649754,87.487206,73.76255,56.694038,50.664948,84.625069,67.481636,47.302006,2293.708984,83.332184,71.538498,63.156578,57.656612,84.507256,72.767929,53.827942,46.512604,80.882973,67.793114,47.629395,42.723991,83.943985,73.679314,58.946392,52.354378,788.497253,801.202454,840.051636,827.868469,780.4172484,182.8071543,78.930922,31.2833188,27.04291233,23.90670743,814.404953
34,-88.998657,29,6.209964,6.630296,8.167171,6.823188,0.124791,1.190458,-2.009751,0.275855,1.720822,-2.19695,764.334961,757.390625,797.653259,806.409485,809.162537,187.766846,197.913589,198.989609,84.048798,81.090919,86.891487,72.897713,76.680931,30.890343,33.871288,38.422001,28.426453,25.833752,26.588755,27.898664,27.264051,23.462103,23.563498,23.919575,23.554028,21.93453,28.334023,23.828604,83.680176,71.943321,54.855892,49.38168,21.693037,76.035851,63.457424,57.295055,88.523567,74.043808,57.438877,51.045471,86.131844,68.263763,47.968906,2293.713135,84.441177,71.658669,63.714088,58.1329,85.66761,74.377197,54.335354,46.839958,82.055069,68.671906,48.026539,42.935253,86.704361,74.56179,59.721428,52.881832,794.220642,804.811951,846.049866,834.700745,786.9901734,194.8900147,80.3219696,31.4887674,27.25049,24.08519443,819.945801
35,-89.124687,29,6.209964,6.618802,8.167171,6.834682,0.062396,1.16747,-2.013035,0.275855,1.717538,-2.239641,766.509949,762.178162,797.783386,815.290222,810.237366,199.712753,209.264328,208.592926,86.953789,82.911224,89.471436,73.244102,77.681358,31.222433,34.230801,38.786846,28.37748,25.8916,26.780357,28.032534,27.499487,23.635784,23.747555,24.087412,23.654491,22.030745,28.6945,24.01123,84.767075,72.93956,55.715927,49.889614,21.717791,77.169838,64.329323,57.7211,88.247803,75.339996,58.025295,51.503239,87.13868,69.217697,48.59708,2293.738281,85.495102,73.306305,64.341194,58.637157,86.746712,75.863564,55.216331,47.356503,83.036835,69.683525,48.445263,43.145344,85.663353,75.544502,60.559265,53.406414,800.903381,807.534851,853.021973,837.760498,790.399817,205.856669,82.0523818,31.701832,27.43745933,24.26595957,824.8051758
36,-89.344521,29,6.229668,6.618802,8.165529,6.837966,0.055828,1.177322,-1.9999,0.272571,1.74381,-2.223221,773.444702,766.940369,804.778931,819.08136,817.627869,209.763229,217.737503,217.733795,89.641434,85.928169,91.941238,73.539017,79.32814,31.570465,34.589966,39.170013,28.331263,25.934004,26.962257,28.168455,27.699669,23.804359,23.880093,24.255457,23.675968,22.032364,29.008669,24.162205,85.804497,74.448349,56.553761,50.42783,21.699978,77.019249,65.242889,58.330574,89.196709,76.76506,58.967278,52.019703,87.629089,70.160065,49.309654,2293.70874,86.528,75.048897,65.115402,59.171387,87.475777,77.292458,56.291611,47.839848,83.922035,70.63076,48.874249,43.415276,85.220459,76.494095,61.403778,53.969555,803.387817,811.418396,856.134094,842.441467,796.3746462,215.0781757,84.0755996,31.9191422,27.610127,24.40273071,828.3454435
37,-89.735626,29,6.221458,6.619623,8.168814,6.836324,0.026272,1.154334,-1.98348,0.272571,1.74381,-2.219937,776.24231,771.944946,806.911438,825.472229,820.32605,218.010849,226.937241,225.408249,92.082649,88.724915,94.167213,74.800308,81.828514,31.941526,34.994705,39.601067,28.315397,26.00429,27.163462,28.309189,27.961231,23.934813,24.050014,24.363932,23.755405,22.133886,29.309191,24.321236,86.592094,75.987526,57.382023,51.109524,21.710619,78.598152,66.16832,59.041603,89.5672,78.107857,59.951508,52.702053,88.19355,71.1661,50.078068,2293.718506,87.456055,76.66169,66.111877,59.943203,88.238609,78.364754,57.013226,48.457008,84.782532,71.59198,49.427967,43.73526,88.239952,77.499886,62.390644,54.650215,806.82843,813.150818,861.26123,844.670593,800.1793946,223.452113,86.3207198,32.171397,27.811294,24.55263957,831.4777678
38,-90.226944,29,6.218174,6.61798,8.165529,6.84125,-0.006568,1.165828,-2.022887,0.266003,1.740526,-2.239641,780.956055,778.622986,812.718262,831.384277,824.770386,227.416138,236.060547,233.847778,94.318634,91.464752,96.364555,77.09063,84.737282,32.348881,35.403408,40.220272,28.277456,26.056368,27.368542,28.465998,28.175814,24.134043,24.241377,24.526394,23.808516,22.221527,29.701944,24.559622,86.281738,77.490936,58.289921,51.898212,21.727737,80.14592,67.159393,60.008072,89.828499,79.497551,61.089249,53.557968,88.582085,71.869247,50.836163,2293.701904,88.315285,78.277031,67.054581,60.721054,88.909676,79.633179,57.879494,48.968884,85.637138,72.113846,50.036316,44.145382,87.56028,78.498344,63.554935,55.445114,812.12262,817.733704,866.675903,848.958191,805.6903932,232.4414877,88.7951706,32.461277,28.00345133,24.74191757,836.3726045
39,-90.97892,29,6.21489,6.635221,8.165529,6.826472,-0.006568,1.128062,-1.990048,0.259435,1.720822,-2.226505,775.338745,776.236023,801.949341,826.200928,813.618286,236.751251,247.406738,242.02803,96.459,93.794327,98.150322,79.80394,87.334343,32.745544,35.853054,40.893925,28.330572,26.128029,27.579563,28.624851,28.424843,24.308771,24.457628,24.69091,23.846613,22.303844,30.028212,24.767044,87.814468,79.06205,59.271751,52.708813,21.772615,81.783737,68.36541,60.698391,89.83007,80.808212,62.30117,54.511131,89.041756,72.837296,51.720802,2293.696533,89.185272,79.999992,68.363167,61.569328,89.632469,81.422661,58.795712,49.616707,86.417305,73.408562,50.799843,44.59457,89.007446,79.859215,64.731117,56.262383,815.612244,814.557434,865.529297,840.442932,798.6686646,242.0620063,91.1083864,32.7902248,28.20975233,24.91471743,834.0354768
40,-91.767319,29,6.219816,6.60895,8.165529,6.824831,-0.04926,1.095222,-1.976912,0.249583,1.724106,-2.229789,788.566833,785.628418,820.296326,832.233093,831.648437,246.87616,255.849838,251.336899,98.501839,95.880058,99.740692,82.615677,89.738106,33.155106,36.368008,41.569229,28.48255,26.226871,27.829653,28.822983,28.686455,24.478859,24.580158,24.79196,23.897409,22.364883,30.36195,24.948362,89.062836,80.538277,60.214336,53.446049,21.811478,83.444824,69.599136,61.423519,90.438873,82.181786,63.49329,55.439941,89.543427,74.043358,52.726158,2293.717285,89.940651,81.490936,70.042107,62.446259,90.308983,82.960037,59.969017,50.280266,87.269348,74.646591,51.636486,44.802567,89.32476,81.230148,66.013313,57.08807,816.294556,823.877136,864.403992,850.509949,811.6746214,251.354299,93.2952744,33.1603528,28.44636367,25.06051157,838.7714083
41,-92.532982,30,6.209964,6.599098,8.162246,6.817441,-0.169125,1.049245,-1.973629,0.223311,1.717538,-2.201876,793.063965,791.79364,823.578064,845.365479,835.340576,257.818298,266.70462,261.505524,100.285492,97.846786,101.131012,85.000481,92.00296,33.581215,36.898232,42.227123,28.872854,26.433052,28.083132,29.042677,28.955585,24.652147,24.785271,24.972813,23.946587,22.362803,30.655891,25.135183,89.896683,81.929031,61.129185,54.218979,21.854269,84.978302,70.97184,62.289059,90.787521,83.768631,64.751961,56.406277,89.942215,75.374229,53.315655,2293.713623,90.718422,83.61837,71.481873,63.306107,90.865158,84.267159,61.271194,51.127563,87.939102,75.862671,52.476288,44.810722,89.752457,82.603806,67.232841,57.917011,822.224915,829.66272,877.155334,857.795166,817.8283448,262.0094807,95.2533462,33.6024952,28.693798,25.21581357,846.7095338
42,-91.222809,29,6.186976,6.53506,8.09985,6.734522,-0.229878,1.016405,-1.937505,0.160915,1.714254,-2.190382,794.085144,795.395691,824.908875,847.865234,836.35144,267.527344,280.011902,272.036224,101.994911,99.539162,102.396446,87.073242,94.308525,34.054493,37.523266,42.850391,29.526947,26.687784,28.385756,29.27611,29.272894,24.822643,24.927832,25.131956,23.974754,22.447651,31.03599,25.347338,90.524353,83.295464,62.114357,54.987297,21.882027,86.605759,72.341202,63.096718,91.293076,84.917603,66.002342,57.232128,90.300682,77.084366,54.625008,2293.700195,91.363312,85.316109,72.804855,63.987312,91.438713,86.102043,62.910854,51.922329,88.606079,77.076309,53.41925,45.071232,90.159134,83.870979,68.477348,58.679157,828.568604,831.227966,881.182556,859.515869,819.7212768,273.1918233,97.0624572,34.1285762,28.97825333,25.38402343,850.1237488
43,-91.985382,30,6.192724,6.539987,8.088356,6.736985,-0.328398,1.006553,-1.878395,0.078816,1.71097,-2.19695,803.064941,800.922058,836.138367,850.485352,845.489685,278.427704,290.916992,283.85318,103.212837,100.996262,103.4021,89.103867,96.246063,34.523674,38.084602,43.516655,30.08629,26.948904,28.684156,29.542564,29.586432,24.965662,25.125036,25.225815,24.019079,22.502672,31.38179,25.526253,90.924614,84.556755,63.068245,55.763832,21.919727,88.096474,73.510155,63.773708,91.527809,86.189423,67.345261,58.112011,90.549255,78.832001,55.88168,2293.727539,91.879509,87.119186,74.11496,64.732468,91.844048,87.574844,64.419861,52.877777,89.195816,78.417114,54.341881,45.633755,90.385704,85.156609,69.610779,59.546104,830.384644,837.270935,881.152466,864.609802,827.2200806,284.399292,98.5922258,34.632025,29.27105067,25.53518671,853.3544618
44,-90.853554,29,6.150853,6.499758,8.045665,6.727954,-0.417065,0.894896,-1.871827,-0.029556,1.582893,-2.236357,805.295776,805.66156,837.442139,859.204102,848.714783,288.342163,301.3349,294.243408,104.203117,102.041122,104.120293,90.772713,97.838913,35.055256,38.683918,44.173264,30.541628,27.251162,28.98592,29.847527,29.934313,25.15617,25.319206,25.380541,24.04863,22.578728,31.677969,25.730955,91.423454,85.78344,64.074272,56.512619,21.967142,89.35392,74.168884,64.51577,91.918114,87.161545,68.392273,58.869595,90.685661,80.385628,57.314606,2293.702393,92.401863,77.193108,71.917809,65.483284,92.32666,88.962372,65.694771,53.741032,89.629105,79.682411,55.306091,46.235638,90.06649,86.347618,70.723862,60.357521,836.810913,841.269409,889.016418,870.263794,831.263672,294.640157,99.7952316,35.1410456,29.58925333,25.69888557,859.3401335
45,-91.673294,29,6.155779,6.480875,8.030887,6.691831,-0.495881,0.806227,-1.83242,-0.105087,1.484373,-2.127987,809.561707,810.483582,841.947449,863.547058,852.83374,297.72348,311.437683,304.804047,105.029518,102.959312,104.733772,92.253479,99.214943,35.544785,39.251732,44.845837,30.908005,27.531012,29.308502,30.142759,30.281624,25.322435,25.540316,25.559219,24.08926,22.619873,32.031811,25.925707,92.059753,86.998833,64.87632,57.17662,21.985876,90.675568,75.00415,65.263275,92.117439,88.323357,69.48027,59.614124,90.813553,81.752846,58.644569,2293.722656,93.038162,89.325882,75.182701,66.121506,92.866386,89.752235,66.886841,54.595528,90.155769,80.902893,56.227306,46.845387,90.77047,87.482498,71.902817,61.119091,841.99469,844.255249,894.110291,873.305237,835.6747072,304.65507,100.8382048,35.6162742,29.91096167,25.869803,863.4163668
46,-89.016533,29,6.040019,6.374146,7.922516,6.571967,-0.637092,0.633816,-1.710916,-0.246299,1.316888,-2.060667,814.417236,816.635071,845.629089,869.016907,856.997131,307.95697,321.040955,315.094666,105.740631,103.743225,105.257347,94.054893,100.448578,36.117409,39.838142,45.531414,31.218077,27.868299,29.635347,30.510193,30.647861,25.499048,25.674021,25.738791,24.10865,22.698,32.425385,26.125263,92.875816,88.251389,65.804985,57.879944,22.036526,91.927765,75.746773,65.984863,92.986969,89.692802,70.615761,60.280319,90.98632,83.11924,59.827381,2293.705566,94.266739,91.754044,76.316887,66.845406,93.559616,91.12455,67.922981,55.460636,90.781914,82.164993,57.164257,47.481312,91.03434,88.570648,73.085007,61.873707,846.864624,850.076782,898.532837,877.362915,840.5390868,314.6975303,101.8489348,36.1146682,30.264467,26.03845114,868.2092895
47,-89.19973,29,6.04084,6.370862,7.91759,6.552263,-0.646943,0.609186,-1.681361,-0.252867,1.257776,-2.003198,819.77063,820.351379,851.637634,875.107361,861.243286,317.472015,330.601654,323.593262,106.264488,104.306709,105.878189,94.86821,101.429604,36.65163,40.428799,46.17046,31.493898,28.182024,29.96439,30.862589,31.031862,25.671022,25.851498,25.895517,24.188519,22.713022,32.616852,26.289536,93.872719,89.549255,66.520432,58.474552,22.072142,93.014359,76.780952,66.521324,93.654175,90.71595,71.503136,60.105709,91.248863,84.200417,60.877224,2293.720215,95.926369,92.712807,77.168495,67.545677,94.539482,92.448334,68.845406,56.187283,91.539482,83.398018,58.074268,48.089367,91.237198,87.174767,74.116753,62.484829,848.741028,853.922546,903.297729,881.948242,845.622058,323.888977,102.54944,36.5853622,30.61961367,26.175138,871.9773863
48,-89.488647,29,6.02442,6.357726,7.914306,6.555547,-0.660079,0.640384,-1.707632,-0.259435,1.274196,-2.026186,822.472046,824.022034,853.574402,878.43689,862.797485,326.807526,340.147827,331.954681,106.70916,104.754089,106.39621,96.050468,102.314377,37.187191,41.017109,46.772999,31.636482,28.533358,30.30159,31.228395,31.423288,25.846197,26.006824,26.056368,24.241377,22.791836,32.932373,26.521502,95.09877,90.833748,67.245605,59.05328,22.114923,93.965492,77.533226,67.001282,94.383331,91.835068,72.360893,60.668774,91.553398,85.167137,61.867424,2293.707275,97.95546,93.533119,78.119049,67.960152,96.40818,93.424416,69.568695,56.811378,92.391991,84.459991,58.985016,48.518688,91.764595,90.034409,75.03614,63.116447,854.448608,855.56543,905.831665,883.002991,848.2605714,332.9700113,103.2448608,37.0294278,30.98442433,26.34235386,874.7121735
49,-90.047279,29,6.041661,6.364294,7.914306,6.576071,-0.679783,0.582914,-1.661657,-0.308694,1.254492,-2.032753,824.520142,826.436646,855.305298,879.462524,864.357666,336.336548,349.57605,340.736938,107.148071,105.168602,106.944199,96.632141,103.010742,37.703571,41.599442,47.295223,31.760941,28.762766,30.643961,31.581469,31.823736,26.030098,26.417849,26.245302,24.327467,22.9268,33.219879,26.776674,96.783714,92.091629,67.926117,59.498283,22.146837,94.934273,78.338791,67.629204,95.464439,92.82238,73.124611,61.107422,92.846405,86.18158,62.83709,2293.700684,100.08886,94.275269,78.806938,68.394516,99.022011,94.577904,70.240417,57.380451,93.633286,85.524452,59.85252,49.55011,92.750084,90.965675,75.883484,63.670826,856.397949,857.406372,908.511597,883.330261,850.0164552,342.216512,103.780751,37.4243886,31.349722,26.56343843,876.4115448
50,-90.570816,29,6.029346,6.354442,7.911022,6.560472,-0.771735,0.550074,-1.668225,-0.446622,1.142836,-1.993346,830.246399,830.448914,862.399719,883.489258,871.218262,345.71283,359.729919,349.512268,107.677742,105.480682,107.468842,97.417763,103.765114,38.178017,42.181717,47.717556,31.762085,28.821604,31.020164,31.947714,32.277409,26.229635,26.537624,26.451248,24.373856,22.930498,33.633377,26.94545,99.705338,93.059494,68.513847,59.797974,22.20118,95.858932,78.901596,68.092255,96.756729,93.870026,73.862343,61.429352,95.097427,86.995468,63.633617,2293.720215,101.89753,95.194962,79.743286,68.733467,101.392197,95.571877,70.902016,57.879944,94.931801,86.411476,60.645885,50.753376,93.813873,91.832375,76.871124,64.112602,857.694275,860.561646,910.419983,889.549805,855.5605104,351.6516723,104.3620286,37.7321958,31.748429,26.72881257,879.5564273
51,-91.100975,29,6.035914,6.346232,7.897886,6.535843,-0.783228,0.517233,-1.651806,-0.48603,1.132984,-1.960507,834.377075,834.881897,864.783752,887.729187,872.715942,355.342377,369.264587,358.523926,108.20327,105.819687,107.988655,97.865906,104.414589,38.64452,42.683598,48.088238,31.718767,28.910543,31.368034,32.322536,32.720356,26.369013,26.677422,26.610865,24.429474,23.00791,33.870148,27.139523,102.188568,94.033554,69.105316,60.182465,22.255056,96.800583,79.614151,68.428993,98.00856,94.704849,74.395096,61.690903,97.496269,87.469276,64.075172,2293.720703,103.269684,95.969536,80.597809,69.074867,103.103668,96.517914,71.409813,58.329002,96.155457,87.199417,61.370579,51.389599,95.11158,92.747833,77.602814,64.512634,862.709656,864.517029,915.465637,893.916687,858.8975706,361.04363,104.8584214,38.0091332,32.13697533,26.87205071,884.1522523
52,-91.566025,29,6.03263,6.339664,7.889676,6.537485,-0.830846,0.510665,-1.687929,-0.538573,1.126416,-1.960507,836.851501,837.829041,867.655396,891.104126,875.017822,364.204132,377.855255,367.283264,108.694344,106.093018,108.544815,98.295914,105.134056,39.085789,43.115623,48.359631,31.61952,29.008438,31.716934,32.656239,33.151672,26.541309,26.927492,26.774372,24.49778,23.090399,34.200619,27.360947,104.149406,94.642387,69.549889,60.382431,22.277254,97.033577,80.448746,68.491005,100.588692,95.579071,74.873474,61.826157,100.55986,87.866478,64.423218,2293.696533,104.484337,96.748184,81.245819,69.234482,104.458153,97.332733,71.804581,58.662762,97.542168,87.829712,62.044834,51.787079,91.914978,93.557823,78.149483,64.81694,864.944336,866.357117,917.814941,895.531982,861.6915772,369.7808837,105.3524294,38.2378002,32.50828167,27.05613114,886.162094
53,-91.908356,30,6.026062,6.338023,7.888034,6.507929,-0.853834,0.510665,-1.661657,-0.548425,1.126416,-1.963791,840.291992,840.345215,870.19519,894.242249,878.959839,373.271118,386.513733,376.144104,109.136887,106.493362,109.278542,98.823471,105.759605,39.538033,43.503727,48.536762,31.623646,29.158482,32.05518,32.981136,33.580528,26.778517,27.052505,26.968014,24.560776,23.169416,34.517502,27.624432,105.209473,94.890007,69.910492,60.502045,22.323498,98.029259,81.180901,68.680862,106.558441,96.8125,75.292114,61.974186,103.637856,88.389496,64.795654,2293.69751,105.622284,97.442284,81.808815,69.409088,105.65097,98.097214,72.010681,58.855446,98.914413,88.43927,62.645378,52.11459,98.861061,94.417038,78.58651,64.991272,868.609985,870.666504,921.677185,899.836487,864.806897,378.642985,105.8983734,38.47213,32.87228133,27.23873743,890.1975403
54,-92.210739,30,6.039198,6.344591,7.886392,6.522707,-0.853834,0.507381,-1.645238,-0.548425,1.1297,-1.983494,843.305786,844.109253,873.902466,896.488708,881.660034,383.04776,394.964783,385.561646,109.782127,106.967026,110.373253,99.309052,106.534264,39.983955,43.853619,48.616283,31.627085,29.288055,32.375679,33.284878,33.945396,26.990807,27.233208,27.180727,24.616846,23.224632,34.832005,27.829653,105.869835,95.388695,70.29615,60.650597,22.381531,99.099449,81.661285,68.850105,111.786087,98.068192,75.409805,62.184555,106.040604,87.473984,65.109123,2293.713623,106.52861,97.93071,82.331116,69.436401,106.595276,98.827522,72.178513,59.048115,99.904861,88.901604,63.131916,52.348293,103.659294,95.345093,78.890633,65.133102,870.460388,873.606262,922.333069,900.240295,867.8932494,387.858063,106.5931444,38.6737994,33.20198433,27.41541114,891.6600035
55,-90.51387,29,6.003074,6.290405,7.835491,6.476732,-0.935933,0.399009,-1.599263,-0.604253,1.070587,-1.937519,848.576233,847.546509,879.013123,900.754395,884.701355,392.077942,403.877289,393.672668,110.600151,107.494843,111.580559,99.692726,107.528297,40.370586,44.171448,48.725395,31.663988,29.394415,32.68372,33.537971,34.318146,27.159088,27.462206,27.374065,24.642689,23.336214,35.220894,28.11165,106.082848,95.587837,70.467819,60.763466,22.422451,100.117012,82.224098,68.882347,115.188606,99.208862,75.733124,62.252281,107.772026,89.278343,65.394119,2293.710937,106.562958,98.444672,83.134468,69.395432,107.474495,99.533302,72.353729,59.091003,101.162781,89.373878,63.563007,52.53307,107.881241,96.009552,78.897568,65.224068,873.847412,877.635803,926.299988,904.24646,872.118323,396.542633,107.3793152,38.8651664,33.513279,27.615258,895.5074158
56,-90.841194,29,6.012926,6.293689,7.833849,6.478374,-0.886674,0.405577,-1.569708,-0.607537,1.073871,-1.927667,851.865112,851.526794,882.116882,905.268616,888.9375,400.994293,412.599243,401.587677,111.753227,108.149223,113.21978,100.067917,108.652039,40.708897,44.468124,48.814617,31.655277,29.490198,32.958244,33.783222,34.634537,27.313076,27.674591,27.521347,24.735437,23.401123,35.538845,28.392424,106.372711,95.753273,70.568314,60.732948,22.433781,101.126953,82.65374,68.778473,117.97525,100.278732,75.865356,62.30386,108.683937,90.123238,65.683563,2293.718018,107.563568,99.002426,83.417946,69.382896,108.405472,100.218597,72.286819,59.208435,102.001221,89.603981,63.905727,52.602467,111.548157,97.024132,79.077492,65.299126,876.79895,879.777893,929.825867,907.749512,875.9429808,405.0604043,108.3684372,39.0274226,33.792001,27.79669186,898.5380555
57,-91.09568,29,6.011284,6.290405,7.835491,6.479195,-0.939217,0.366168,-1.546721,-0.604253,1.073871,-1.919458,855.585937,856.383423,885.162537,909.88501,892.854187,410.014008,421.737213,409.645416,113.155823,108.87442,115.104599,100.704941,110.030914,41.006882,44.726894,48.875828,31.674303,29.547157,33.221939,33.99823,34.930267,27.536995,27.855417,27.700359,24.763353,23.474808,35.855335,28.544622,106.849503,96.270798,70.697227,60.634441,22.452507,102.088013,83.004372,68.596458,120.299515,101.263062,76.252892,62.283901,108.661537,90.804573,65.942757,2293.706055,108.424248,99.52002,83.985191,69.29425,109.052032,100.877747,72.386177,59.273998,102.543915,89.948944,64.198662,52.669384,114.284019,97.977959,79.237053,65.338333,881.323853,885.171326,934.365112,912.025635,879.9742188,413.798879,109.5741394,39.1662128,34.05014533,27.96155557,903.2214815
58,-91.35701,29,6.014568,6.293689,7.833849,6.465238,-0.950711,0.362884,-1.543437,-0.604253,1.077155,-1.919458,859.289368,859.643494,888.236206,912.415222,895.404846,418.756531,431.657227,417.694489,114.882332,109.809746,117.730331,101.544548,112.083656,41.294109,45.002148,48.911514,31.698599,29.615368,33.505249,34.211365,35.217239,27.712553,28.076233,27.870369,24.859322,23.566961,36.171276,28.825741,107.425438,96.75515,70.843376,60.588215,22.479555,103.080208,83.562607,68.27137,122.999138,102.153618,76.540863,62.233891,109.013573,91.481354,66.19162,2293.700195,109.17807,100.141563,84.499413,69.230904,110.012573,101.46386,72.57415,59.262321,103.62252,90.589859,64.461761,52.617336,117.377228,98.945702,79.695396,65.323318,884.423157,888.336914,936.166016,915.387573,882.9978272,422.702749,111.2101226,39.3043476,34.31128433,28.15463643,906.078415
59,-91.547485,29,6.009642,6.293689,7.833849,6.473448,-0.972057,0.338254,-1.513882,-0.607537,1.073871,-1.90468,863.399231,863.65387,892.447449,915.927979,899.238708,427.575348,440.572449,425.982574,117.019653,110.943054,120.824287,102.685982,114.34507,41.531521,45.210979,48.902481,31.736876,29.657166,33.715054,34.422859,35.427849,27.995502,28.308729,28.029774,24.923681,23.645021,36.433502,29.137573,107.960617,97.319237,71.102989,60.491272,22.534805,104.083054,83.907028,67.897011,125.459045,103.155769,76.91095,62.171322,110.267738,92.179398,66.406876,2293.702393,109.844604,101.01902,84.986145,69.039726,103.418121,102.114166,72.834389,59.104473,104.372612,91.153267,64.714088,52.600441,120.266716,99.756454,80.137192,65.298897,888.099304,890.842651,940.591125,918.381592,886.9334474,431.3767903,113.1636092,39.4078046,34.52192067,28.35339743,909.478668
60,-91.735092,29,6.02442,6.296152,7.835491,6.4833,-0.965489,0.279142,-1.494178,-0.646945,1.050883,-1.924384,867.364929,867.071045,897.620544,919.033691,903.775696,436.279236,449.774902,434.265503,119.59346,112.293999,124.743332,104.135864,116.965103,41.743446,45.391701,48.870182,31.688972,29.669796,33.932133,34.594078,35.621975,28.122,28.374491,28.219278,24.982269,23.725616,36.718704,29.345026,108.588921,97.928009,71.372444,60.356174,22.618948,105.181252,84.386307,67.614197,129.355865,104.158432,77.229805,62.082287,111.901436,92.823502,66.605095,2293.70874,110.757324,102.078545,85.593002,68.944809,110.862419,102.793777,72.917633,58.980076,105.240181,91.849655,64.904556,52.512115,123.20192,100.668671,80.624222,65.278961,890.15564,892.845581,942.618835,921.334167,890.973181,440.106547,115.5463516,39.4728194,34.716062,28.49819771,911.7385558
61,-91.951614,30,6.001432,6.285479,7.835491,6.488226,-1.07386,0.218387,-1.490894,-0.673216,0.985203,-1.907964,868.744385,869.862976,898.820374,922.177246,904.680298,444.991486,458.878143,442.523743,122.843582,114.016258,129.820877,105.707428,119.568871,41.949886,45.555416,48.797226,31.655737,29.689774,34.138878,34.768013,35.773598,28.243883,28.642092,28.396103,25.085136,23.789118,36.972816,29.547388,109.495354,98.53965,71.63517,60.237003,22.659861,106.281204,84.987488,67.394081,132.752716,105.231827,77.596329,61.993027,113.65892,93.443954,66.828384,2293.724854,111.788574,103.250961,86.465034,68.785408,112.558784,103.519188,73.098656,58.850056,106.140678,92.549591,65.095238,52.391785,126.016014,101.554237,81.073456,65.214211,894.134216,894.807495,946.179749,922.452698,892.8570558,448.7977907,118.3914032,39.5296078,34.89349633,28.66807657,914.3935395
62,-90.362457,29,5.982549,6.231294,7.786232,6.435683,-1.178947,0.106731,-1.385809,-0.788156,0.845633,-1.801236,872.614441,873.695496,902.685669,925.621826,908.934204,454.587494,468.155853,451.411407,127.042015,116.272232,136.549561,107.469971,122.533432,42.138577,45.666809,48.708904,31.665592,29.727434,34.315861,34.927299,35.911499,28.508759,28.893538,28.547152,25.123423,23.863932,37.229607,29.806885,110.566635,99.386948,72.00106,60.043312,22.717876,107.690857,85.591888,66.963211,136.203232,106.543304,78.125763,61.751915,115.443382,94.158905,67.057045,2293.71167,113.055359,104.684784,87.031776,68.587051,113.913475,104.398338,73.618896,58.594711,107.231934,93.308311,65.321526,52.235165,128.932175,102.489571,81.548691,65.106659,895.398071,898.82782,947.891479,926.114441,896.7103272,458.0515847,121.9734422,39.5814632,35.051553,28.853328,917.0579528
63,-90.816254,29,5.969413,6.231294,7.779664,6.419263,-1.201935,0.004926,-1.339835,-0.847268,0.775026,-1.770039,874.745178,877.21228,904.608093,928.595764,910.195068,463.527924,477.681854,459.80542,132.909149,119.157585,143.855392,109.704941,125.815407,42.276844,45.748314,48.597309,31.652985,29.756828,34.495785,35.079018,36.020622,28.657263,29.121489,28.661171,25.143486,23.865547,37.419537,30.024078,111.985519,100.419067,72.381256,59.799099,22.783516,109.244377,86.264938,66.466225,139.291779,107.998833,78.909882,61.442364,117.690086,94.928207,67.29644,2293.705078,114.620834,105.709015,87.960625,68.456978,115.620522,105.613701,74.228401,58.302273,108.048813,93.469559,65.488213,52.017673,132.241074,103.407516,82.096489,64.994858,898.232971,899.9729,949.756714,927.746399,899.0712766,467.005066,126.2884948,39.606456,35.198475,28.984653,918.927246
64,-91.258125,29,5.95874,6.241146,7.768169,6.397917,-1.339862,-0.113299,-1.300428,-0.912947,0.623962,-1.701076,880.348022,880.631531,910.189026,932.484314,915.930542,472.938019,487.625793,468.416656,141.138718,123.494621,151.540863,112.545181,130.111481,42.366287,45.788837,48.407528,31.660549,29.79196,34.642307,35.206501,36.107822,28.846195,29.286676,28.84137,25.198835,23.993454,37.665733,30.204964,113.985168,101.816826,72.869522,59.49604,22.837366,111.195625,87.200539,65.929085,144.437454,109.901878,80.055275,60.955532,121.146202,95.864326,67.643089,2293.717285,116.806007,107.518127,88.904968,67.925667,118.007095,107.281433,74.997437,57.97385,109.872902,94.479721,65.814842,51.75597,136.064224,104.485916,82.796585,64.887749,901.153381,905.867126,953.101746,931.194275,903.916687,476.3268227,131.7661728,39.6030322,35.31887667,29.14817529,922.829132
65,-91.92778,30,5.96695,6.239503,7.756676,6.389708,-1.559888,-0.415429,-1.129664,-1.09685,0.410501,-1.563151,880.124756,882.869263,910.381042,933.971436,914.586365,482.773895,497.716705,476.893768,151.766052,130.317398,160.243439,116.825325,135.241135,42.416679,45.759632,48.203262,31.684845,29.830994,34.775101,35.331913,36.176525,28.994192,29.495251,28.928469,25.226507,24.07033,37.763058,30.442728,116.884186,104.040176,73.607933,59.133217,22.92449,113.780975,88.47805,65.156853,150.391098,112.413239,81.567268,60.416092,124.923027,97.267723,68.178009,2293.718018,120.1269,110.223587,90.540955,67.569862,121.372017,109.638618,75.973877,57.585835,112.276093,96.14444,66.268448,51.326687,140.508286,105.872314,83.810066,64.879013,903.683411,906.316711,955.491821,930.144287,904.3865724,485.7947893,138.8786698,39.5790824,35.42784633,29.27436214,923.9090575
66,-92.962715,30,5.981728,6.216516,7.74354,6.404485,-1.845594,-0.783239,-0.870236,-1.323445,0.134644,-1.375967,886.981689,887.480957,917.180298,937.632019,922.071228,492.470306,509.3237,485.034668,162.474869,139.312714,173.33136,122.269394,142.991943,42.426212,45.643944,47.975235,31.760481,29.870256,34.893936,35.424423,36.216927,29.191795,29.734095,29.05991,25.233656,24.155048,38.032196,30.690994,121.718422,107.291153,74.781067,58.811657,23.030554,117.447029,90.97757,64.182747,159.74437,115.975311,84.023933,60.004707,131.099091,99.181175,69.095245,2293.722656,125.377724,114.153313,93.130905,67.691002,126.94165,113.029053,77.865967,57.133018,115.726364,98.078316,67.054581,50.90834,146.32843,107.786278,85.435066,64.838905,906.904846,911.235107,957.731995,936.804199,910.2692382,495.609558,148.076056,39.5352256,35.511762,29.44252771,928.1690368
67,-88.761826,29,5.812603,6.101577,7.597404,6.24193,-2.357893,-1.41377,-0.456463,-1.74051,-0.459761,-1.014735,886.888672,890.181885,915.663513,940.597656,921.987183,502.681488,521.114746,494.107941,169.560364,151.908173,186.615585,128.624817,150.607162,42.442329,45.494732,47.785145,31.899591,29.937986,34.988537,35.525143,36.234272,29.282084,29.830305,29.105865,25.26963,24.173285,38.140427,30.870157,127.424545,112.041725,76.526321,58.49881,23.056433,122.322067,94.008842,63.826385,168.593887,120.356903,86.975746,60.778275,137.515091,101.761604,70.332634,2293.713135,132.140884,119.535408,96.757629,68.251442,134.059158,117.23674,80.015434,56.770916,119.927895,100.399696,68.081734,50.687958,149.935181,110.202751,87.354744,64.764954,910.843262,910.541077,961.893738,936.989258,911.0637818,505.9680583,157.4632202,39.5119566,35.58265067,29.52453614,930.0668338
69,-90.76107,29,5.792079,6.04657,7.5777,6.196775,-2.822575,-1.97862,-0.08374,-2.167427,-0.972066,-0.648577,891.275757,891.636597,921.467041,941.777466,925.848816,513.588379,534.455994,503.246429,181.880112,160.790421,203.861923,136.967896,158.240173,42.560585,45.405289,47.536251,32.021267,30.021095,35.076504,35.607586,36.231762,29.339973,30.004335,29.203053,25.322666,24.247608,38.254112,30.982092,135.983795,116.68351,78.661255,58.388977,23.136608,128.283661,97.278297,63.847675,178.023239,125.545158,90.068504,62.700092,145.155609,104.851837,71.96212,2293.71167,141.532913,125.45356,100.943993,70.006966,143.906143,122.196213,83.366447,56.267776,125.408562,103.166374,69.521461,51.206947,156.325607,113.149246,89.795975,64.66143,910.798462,913.444153,961.553284,939.218933,914.4011354,517.096934,168.348105,39.5088974,35.63861733,29.621977,931.253708
70,-90.995255,29,5.733788,5.97186,7.477539,6.161473,-3.533555,-2.802907,0.479451,-2.719135,-1.687979,-0.223307,893.400879,895.440857,923.887085,945.246521,928.209717,525.534302,547.402161,512.990662,202.542648,166.663849,220.976486,143.895523,166.291092,42.653412,45.302704,47.277584,32.22953,30.131052,35.136593,35.67244,36.214417,29.615139,30.176271,29.394644,25.37224,24.320774,38.365734,31.231148,146.706024,123.298195,81.551598,58.102127,23.257669,135.714767,101.16436,64.465347,186.564545,132.613037,94.381088,65.535034,151.723007,109.034615,74.148972,2293.702881,149.990219,131.991852,105.039001,72.110489,152.629547,128.917297,88.351379,56.053936,132.178024,106.736732,71.405342,52.123383,161.969437,116.948967,93.063988,65.010094,913.346741,915.583618,963.568054,941.131714,917.2370118,528.642375,180.0739196,39.5188564,35.67448333,29.78227857,933.4075318
71,-92.536736,30,5.663183,5.891403,7.298563,6.099078,-4.433361,-3.899766,1.221615,-3.415338,-2.531967,0.348097,894.781189,897.834045,922.495728,947.734619,927.054382,539.903198,560.613708,525.673584,221.819473,188.613266,237.994476,156.43898,176.571259,42.732162,45.103622,47.056866,32.536007,30.304344,35.193481,35.732498,36.214188,29.726517,30.326147,29.498236,25.414434,24.393934,38.515842,31.451715,156.354828,132.7229,85.421844,57.302246,23.36994,146.035858,106.907356,67.204849,195.015503,142.320618,99.970398,69.053383,158.598862,114.739998,77.087273,2293.703369,159.24675,141.651581,111.304367,74.574768,162.116455,138.375504,94.62014,57.169201,139.228485,111.468628,73.825645,53.373081,166.508743,122.255035,96.932594,67.963287,918.090576,917.216553,967.862915,942.979248,917.9799926,542.0634967,196.2874908,39.5466002,35.713389,29.90383214,936.537323
72,-90.864365,29,5.500626,5.746909,7.136007,5.997276,-5.494081,-5.190381,2.075432,-4.357838,-3.799591,0.965477,898.562134,900.473267,927.711914,950.087158,932.055847,553.141907,574.594604,537.347534,239.040817,211.936569,254.117447,168.951935,187.84259,42.893955,44.846745,46.995575,32.889103,30.502621,35.21838,35.790035,36.196613,29.822039,30.49,29.523043,25.42481,24.408243,38.596241,31.514301,166.771515,142.597,90.433937,57.772549,23.509684,157.347794,112.351578,70.53653,212.228012,152.698547,106.319839,72.715347,166.630585,120.489449,80.674133,2293.728027,172.337692,153.223282,120.755951,77.831505,176.493469,148.376785,101.926155,59.585838,147.829742,116.362434,76.723892,54.786358,174.023376,128.31752,101.860786,68.951523,917.786194,919.807312,968.336304,946.448425,921.778064,555.028015,212.3778716,39.6255998,35.73500933,29.96838243,938.0945588
73,-91.134743,29,5.367625,5.567933,6.994796,5.793672,-6.650035,-6.658329,3.034335,-5.346313,-5.011384,1.947374,900.376221,901.807373,927.349609,950.633545,931.602417,567.177551,588.152222,549.520325,256.549652,232.670334,270.715515,181.030502,198.610764,43.158047,44.689056,47.141449,33.343468,30.781612,35.260185,35.873146,36.192959,29.957272,30.556084,29.564154,25.426424,24.429705,38.70578,31.731604,185.470367,152.863647,96.317345,60.570713,23.643406,170.339462,119.141197,73.839523,225.661942,163.863342,113.254707,75.157417,173.17746,126.542313,84.748039,2293.723877,189.685257,166.110199,130.997345,81.608681,193.261032,159.189194,110.899338,62.569366,159.232605,121.867264,80.064896,56.360863,182.146454,135.370667,107.215652,70.683128,922.228455,921.387939,969.819946,946.65918,922.353833,568.283366,227.9153534,39.8227264,35.77543,30.05300329,940.02388
74,-91.384819,29,5.211637,5.367611,6.805969,5.601561,-7.868383,-8.05731,4.075336,-6.331502,-6.318412,2.857025,901.276062,904.496216,928.461426,952.880493,932.905701,581.723633,600.92981,562.118774,275.43985,252.120209,290.052368,190.906311,209.009628,43.530716,44.630371,47.491257,33.844757,31.151575,35.32803,35.959671,36.189308,30.050709,30.596466,29.621109,25.440489,24.524088,38.700542,31.791651,200.989594,164.293976,103.383606,64.184769,23.760254,185.772644,128.248886,77.45446,239.778763,175.985687,121.335785,78.191551,181.564346,132.713486,89.168228,2293.701904,206.11557,180.050919,141.974655,86.356354,208.556671,171.197784,120.241669,66.485489,169.400757,127.925194,83.690033,58.000362,192.306473,143.249512,113.831116,73.517982,923.68811,922.45874,971.788391,947.22113,924.0039796,581.590739,243.5056732,40.1297352,35.82566967,30.10357914,941.2890928
75,-90.147705,29,4.994895,5.111462,6.431598,5.360191,-9.305113,-9.738713,5.241127,-7.635236,-7.773218,3.91117,902.464417,905.967102,928.519104,954.123047,933.196228,595.939148,612.702454,575.148682,301.279449,273.750977,324.280792,199.722992,220.55307,44.06287,44.730518,48.079876,34.474525,31.623417,35.395412,36.066734,36.205742,30.093176,30.812351,29.680359,25.528559,24.538393,38.736523,31.929382,218.221817,177.452255,112.920433,69.472435,23.93412,203.960571,141.321167,81.833214,257.981476,189.941116,132.194305,82.724937,192.660156,139.405472,94.662384,2293.694824,225.121002,195.913467,155.776871,91.738785,225.442474,184.187668,130.58403,70.308235,180.134338,134.525162,88.259682,59.724346,205.059708,153.195953,122.487602,77.296936,925.40448,923.346558,972.947998,949.044983,924.8539796,594.5967613,263.917456,40.5942412,35.889296,30.18839186,942.6860048
76,-91.606857,29,4.781437,4.884869,6.198437,5.185322,-11.139198,-11.893007,6.681127,-9.204968,-9.773162,5.172204,910.362854,910.152344,940.860535,985.355469,937.320496,606.343079,621.323853,588.403137,347.448212,301.12027,374.786377,208.760498,230.910553,44.844933,45.018909,49.091969,35.14185,32.195168,35.524914,36.243401,36.27467,30.29241,30.837355,29.704012,25.58112,24.609924,38.911167,31.976128,238.952927,198.199554,125.131752,74.442986,24.151356,228.755539,157.763672,86.226616,280.217468,209.707703,147.136597,88.769089,206.450424,147.085312,100.491379,2293.704102,245.361954,215.658295,173.145325,98.846207,241.174469,199.740921,142.913544,74.022774,190.329575,141.965439,93.158974,61.836922,220.188202,165.000793,132.127579,81.581146,927.677734,930.933899,966.977356,948.258789,936.8103396,605.3566897,292.605182,41.2585658,36.01432833,30.27315943,943.4619445
77,-95.286194,31,4.541708,4.589313,5.902881,4.885662,-14.222821,-15.429849,8.932257,-11.694205,-12.62365,7.15571,912.890991,910.877075,941.860474,986.29657,939.389587,612.950439,633.504211,599.30835,425.93689,349.290466,430.654236,218.53035,240.893555,46.408295,45.625603,52.174992,35.874058,32.917721,35.709206,36.514278,36.419353,30.4067,30.930485,29.752005,25.645666,24.683527,39.00201,32.072136,268.627655,239.537491,144.773193,81.964851,24.466858,262.830444,180.640198,94.366936,317.862518,247.115784,172.55513,97.61573,220.648499,155.935898,106.887474,2293.719482,272.901367,246.908722,199.985138,108.087257,262.889893,225.318756,162.880249,78.576668,200.531967,150.085754,98.902252,64.211433,236.450256,179.172516,143.256424,86.971718,928.437988,931.061279,967.753052,949.247437,938.2629394,615.2543333,333.0610994,42.6001338,36.214279,30.35607557,944.124939
78,-90.452957,29,4.076205,4.040893,5.251016,4.338887,-18.181604,-19.968287,11.684191,-15.13578,-16.524998,9.457762,916.342712,914.719727,945.836731,989.634827,942.619812,625.863037,645.93573,607.377747,479.217896,410.5979,494.468079,226.623093,251.70993,50.569069,46.716446,60.919182,36.733078,33.721687,36.094357,36.980114,36.686768,30.500555,31.093555,29.84523,25.658575,24.723902,39.123806,32.229073,310.032898,286.393799,173.807526,87.45829,24.888618,317.651947,213.000504,103.936378,352.74762,304.574371,209.853149,111.253395,237.623184,167.088486,114.740906,2293.70874,312.142578,295.000854,242.134201,121.731415,297.135498,269.454681,195.620682,85.116516,211.284882,159.668701,106.046249,66.48571,254.535294,196.910095,162.495316,93.797028,931.017639,935.601685,970.321777,952.020874,941.8307618,626.3921713,372.5233796,45.7318924,36.58707967,30.453528,947.2404938
79,-92.411369,30,3.934174,3.825794,4.696029,3.954666,-21.289841,-23.028931,12.91895,-17.789202,-19.421446,10.925691,919.457703,918.877502,948.800903,993.102966,946.589478,648.467102,669.680786,618.48761,533.300598,458.865875,512.235291,238.373062,261.523285,59.681023,48.7141,73.624718,37.817532,34.759789,37.030975,38.321316,37.23827,30.582012,31.106627,29.918472,25.721273,24.771196,39.312958,32.322994,337.185211,299.256317,199.998871,102.253723,25.359789,391.398163,254.034927,121.158508,388.728851,350.706055,245.692123,128.046661,270.896423,187.487198,126.735222,2293.700928,357.292633,345.208923,287.550476,141.86795,338.333862,318.34082,229.286087,97.110725,223.850906,173.47641,116.160683,70.469391,275.321594,225.614532,192.045273,105.718048,933.889038,937.867432,973.486328,956.707336,945.3657104,645.545166,400.8596222,50.9194324,37.530187,30.53364743,950.4875335
80,-87.78891,28,3.753556,3.746979,4.126264,3.356991,-23.250341,-24.230856,13.053592,-19.700451,-20.964901,11.316483,919.602417,919.637268,948.811035,992.557251,945.937256,684.269165,706.06842,632.231323,501.43924,501.788391,455.507416,251.04277,275.286469,67.763329,52.571373,79.782898,39.451557,35.901455,39.118797,40.728901,38.799828,30.625835,31.183451,29.978394,25.773365,24.843174,39.513912,32.393318,354.379456,295.811218,212.286301,111.070808,25.633911,425.207489,295.669556,137.679276,405.99942,361.947662,260.590424,140.223206,298.771301,208.88089,142.24408,2293.715332,401.904724,396.395203,333.992096,163.436249,376.575592,357.621185,258.686584,111.130608,239.232452,190.898392,129.326111,75.115349,302.216827,254.863724,222.414505,119.656967,933.680664,937.394043,973.887146,955.471313,945.3090454,674.189636,397.0128572,55.0941224,39.54917533,30.61592129,950.1082915
81,-88.558105,28,3.69034,3.727275,4.237918,3.146819,-23.683819,-24.05024,12.570853,-20.005857,-20.915642,10.479073,924.259827,924.283264,952.843506,998.304382,950.088074,713.983826,739.001831,656.34259,468.770294,540.630127,426.593109,261.918854,294.922821,70.495354,57.743118,81.434525,41.721416,37.453278,41.608982,43.286213,42.66703,30.784365,31.195375,30.064253,25.799871,24.908457,39.724388,32.400646,363.89209,299.907684,219.730606,118.937073,25.863943,427.710815,314.145569,151.256195,418.534912,363.320984,263.960266,148.512939,302.140961,221.776627,153.300415,2293.710937,430.523865,426.527222,358.744324,187.472275,399.437256,369.558228,277.773865,125.093155,256.151123,206.085114,139.824203,80.055946,327.730621,282.991089,246.659439,135.124466,936.124451,942.137329,976.446533,958.52655,949.9558106,703.1094157,398.567041,57.7695382,42.52074167,30.696765,953.3087158
82,-45.769218,15,3.956341,11.039862,18.918991,14.51917,-13.071799,4.740497,-25.194014,-6.567948,16.873398,-43.618359,925.677124,925.516907,955.467957,999.742981,951.780762,736.945862,734.113159,684.12085,453.083954,511.839935,409.558655,268.423859,323.207275,70.940063,62.076008,81.524513,43.826862,40.047192,43.776981,45.415478,47.913757,30.999523,31.374453,30.377325,25.878923,24.9652,40.283722,32.496159,361.875549,324.629883,223.480408,126.338905,32.197689,426.828735,316.250427,162.842148,438.110504,357.983459,257.47113,152.290146,318.476257,225.848557,156.022827,2293.696045,443.336945,432.75116,357.751038,199.424759,396.836578,364.798035,276.695557,134.273544,254.022354,214.18692,148.316925,89.948944,361.368591,310.124695,256.364197,145.208694,937.954651,945.183655,980.05719,959.520447,951.6371462,718.3932903,393.2227356,59.6829276,45.702072,30.91075786,955.6789858
