TimeStamp,,Kyowa PG 500 KUM _Load in bar_(bar),Stud1_Axial,Stud2_Axial,Stud3_Axial,Stud4_Axial,Stud2_Top,Stud2_Mid,Stud2_Bottom,Stud3_Top,Stud3_Mid,Stud3_Bottom,Load in kN
26:48.9,0.00,-0.011257,0.024629,0.00821,0.311976,0.068962,0.121507,0.426911,0.036124,0.200319,-0.06568,0.68963,6.429616874
26:49.9,0.02,-0.007946,0.003284,0.01642,0.36452,0.078814,0.026272,0.01642,-0.003284,-0.013136,-0.01642,-0.269284,6.42855305
26:51.0,0.03,-0.008387,0,0.00821,0.486026,0.072246,0.062395,-0.013136,-0.006568,0,-0.019704,-0.167481,6.428694743
26:52.0,0.05,-0.000883,0.006568,0.006568,0.361236,0.037765,0.01642,-0.022988,0.003284,-0.013136,-0.026272,-0.180617,6.426283708
26:53.0,0.07,-0.008166,-0.003284,0.006568,0.405569,0.064037,0.045975,-0.088666,0.013136,-0.006568,-0.019704,-0.203605,6.428623736
26:54.0,0.08,-0.008608,0.013136,0.003284,0.353026,0.052543,0.026272,0.062395,-0.029556,-0.022987,-0.011494,-0.193753,6.42876575
26:55.0,0.10,-0.005297,-0.006568,0.011494,0.408853,0.054185,0.022988,0.01642,0.029556,-0.013136,-0.009852,-0.190469,6.427701926
26:56.0,0.12,-0.005297,0.006568,0.006568,0.376014,0.052543,0.022988,0.029555,0.019704,-0.039407,-0.022988,-0.188827,6.427701926
26:57.0,0.13,-0.002428,0.044333,0.004926,0.417063,0.055827,0.022988,0.009852,-0.01642,0.088666,-0.059112,-0.190469,6.426780116
26:58.0,0.15,-0.002428,0.011494,-0.01642,0.35631,0.050901,0.022988,-0.022988,0.009852,0.003284,-0.026272,-0.197037,6.426780116
26:59.0,0.17,0.002649,0.001642,0.029555,0.43923,0.055827,0.021346,0.009852,-0.003284,-0.019703,0.006568,-0.192111,6.425148876
27:00.0,0.18,0.005518,-0.003284,-0.021345,0.311155,0.045975,0.029556,0.003284,-0.003284,-0.013136,0.009852,-0.211815,6.424227067
27:01.0,0.20,0.011919,0.007389,0.014778,0.204427,0.060753,0.022988,-0.018062,-0.009852,-0.019703,-0.006568,-0.28242,6.422170425
27:02.0,0.22,0.016554,0.003284,0.00821,0.105087,0.09195,-0.009852,-0.003284,0,-0.006568,-0.009852,-0.239728,6.4206812
27:03.0,0.23,0.078796,0.011494,0.00821,0.366162,0.039407,0.045975,0.006568,-0.003284,-0.019703,-0.019704,-0.177333,6.400682845
27:04.0,0.25,0.082106,0,0.009852,0.385866,0.073067,0.068963,0.055827,-0.003284,-0.019703,-0.019704,-0.197037,6.399619342
27:05.0,0.27,0.078796,0.013136,0.011494,0.366162,0.042691,0.022988,-0.009852,-0.009852,-0.009852,-0.029556,-0.210173,6.400682845
27:06.0,0.28,0.078796,-0.001642,0.013136,0.418705,0.054185,0.034482,-0.039407,0.042692,-0.011494,-0.026272,-0.224951,6.400682845
27:07.0,0.30,0.071291,0.022987,0.004926,0.346458,0.052543,0.01642,-0.001642,-0.004926,-0.052543,-0.01642,-0.205247,6.403094202
27:08.0,0.32,0.082548,-0.051722,0.013136,0.445798,0.055827,0.022988,-0.006568,-0.006568,0.032839,0,-0.198679,6.399477328
27:09.0,0.34,0.097336,0.027913,0.00821,0.349742,0.052543,0.022988,-0.009852,0.006568,0.006568,0,-0.216741,6.394725943
27:10.0,0.35,0.086962,-0.019703,0.06732,0.353026,0.055827,0.022988,0.01642,-0.022988,-0.026271,-0.045976,-0.177333,6.398059109
27:11.0,0.37,0.098881,0.024629,-0.006568,0.288168,0.054185,0.019704,0.011494,-0.003284,-0.037765,-0.04926,-0.14942,6.394229535
27:12.0,0.39,0.098881,0.014778,0.031197,1.036091,0.062395,0.026272,0.006568,-0.009852,0.003284,0,-0.239728,6.394229535
27:13.0,0.40,0.087624,0.004105,0.006568,0.347279,0.029555,0.026272,0.004926,0,-0.00821,-0.022988,-0.213457,6.397846409
27:14.0,0.42,0.092701,0.004926,0.019703,0.640373,0.07553,0.049259,-0.003284,-0.009852,-0.013136,-0.026272,-0.190469,6.396215169
27:15.0,0.44,0.086962,0,0.00821,0.405569,0.068962,0.019704,-0.036123,0,0.006568,-0.019704,-0.24958,6.398059109
27:16.1,0.45,0.092259,0.00821,0.006568,0.37273,0.050901,0.029556,-0.003284,0,-0.003284,-0.019704,-0.206889,6.396357183
27:17.1,0.47,0.092259,0,0.011494,0.420347,0.064037,0.052543,-0.013136,0.019704,-0.006568,-0.013136,-0.206889,6.396357183
27:18.1,0.49,0.092701,0.009852,0.00821,0.371088,0.052543,-0.003284,0.154345,-0.075531,-0.006568,-0.009852,-0.177333,6.396215169
27:19.1,0.50,0.094687,-0.009852,0.013136,0.402285,0.054185,0.03284,-0.054185,0.03284,-0.032839,-0.022988,-0.229877,6.395577067
27:20.1,0.52,0.094025,0.108369,0.004926,0.275853,0.050901,0.022988,0.07553,0.01642,0.003284,-0.039408,-0.162556,6.395789768
27:21.1,0.54,0.091156,-0.013957,0.003284,0.421989,0.055827,0.022988,0.003284,0.006568,0.018062,-0.029556,-0.188827,6.396711577
27:22.1,0.55,0.093142,0.037765,0.001642,0.430199,0.049259,0.01642,-0.009852,0.022988,-0.045975,0.075532,-0.272568,6.396073475
27:23.1,0.57,0.091818,-0.009852,0.034481,0.399001,0.055827,0.026272,0.013136,-0.006568,0.039407,0.009852,-0.215099,6.396498877
27:24.1,0.59,0.093142,0.001642,-0.021345,0.114939,0.045975,0.022988,-0.01642,-0.003284,-0.01642,-0.039408,-0.118222,6.396073475
27:25.1,0.60,0.088286,0.00821,0.019703,0.320186,0.08374,0.01642,0.009852,-0.009852,-0.022987,0.006568,-0.295556,6.397633708
27:26.1,0.62,0.088286,0.006568,0.003284,0.167482,0.059111,0.003284,0.009852,0,-0.019703,-0.019704,-0.128074,6.397633708
27:27.1,0.64,0.087845,0.013136,0.011494,0.293094,0.045975,0.096877,0.011494,-0.019704,-0.013136,-0.01642,-0.159272,6.397775402
27:28.1,0.65,0.090052,0.006568,0.00821,0.371088,0.042691,0.029556,-0.052543,0,-0.013136,-0.026272,-0.203605,6.397066292
27:29.1,0.67,0.090052,0.014778,0.009852,0.359594,0.050901,0.013136,0.134641,-0.013136,-0.019703,-0.019704,-0.190469,6.397066292
27:30.1,0.69,0.096453,0.003284,0.011494,0.413779,0.055827,0.036124,-0.087024,0.045976,0,-0.029556,-0.193753,6.395009651
27:31.1,0.70,0.090714,0.024629,0.003284,0.336606,0.050901,0.01642,-0.022988,0,-0.049259,-0.013136,-0.200321,6.396853592
27:32.1,0.72,0.091156,-0.092771,0.018062,0.471249,0.055827,0.026272,-0.064037,-0.01642,0.137924,0.006568,-0.208531,6.396711577
27:33.1,0.74,0.092039,0.064036,0.027913,0.321828,0.049259,0.019704,-0.029555,-0.022988,-0.065678,-0.039408,-0.226593,6.396427869
27:34.1,0.75,0.066877,0.037765,0.037765,0.449903,0.129715,0.022988,0.009852,0.042692,0.062394,0.00821,-0.180617,6.40451242
27:35.1,0.77,-1.691126,0.095234,0.082098,0.470428,0.128073,0.013136,0.003284,0.04926,-0.078814,-0.036124,-0.180617,6.969358784
27:36.1,0.79,-2.434498,0.122326,0.128894,0.755311,0.136283,0.026272,0.022988,0.045976,0,-0.022988,-0.279136,7.208204207
27:37.1,0.80,-2.513072,0.174048,0.170764,0.458934,0.164196,0.019704,0.029555,0.062395,-0.013136,-0.009852,-0.295556,7.233450034
27:38.1,0.82,-3.423526,0.208529,0.2348,0.707694,0.256967,0.039408,0.039407,0.059111,-0.003284,0.031198,-0.162556,7.525978904
27:39.1,0.84,-4.218545,0.287343,0.407206,0.561558,0.234801,0.026272,0.026271,0.068963,-0.001642,0.029556,-0.226593,7.781418509
27:40.1,0.85,-5.661807,0.392428,0.476168,0.605891,0.328392,-0.019704,0.206888,0.062395,-0.013136,0.072248,-0.200321,8.245138589
27:41.1,0.87,-5.661807,0.456464,0.525427,0.635447,0.357948,0.042691,0.128073,0.082099,0.003284,0.09852,-0.193753,8.245138589
27:42.1,0.89,-5.638632,0.558266,0.582895,0.68799,0.389145,0.041049,0.062395,0.091951,-0.003284,0.088668,-0.190469,8.237692462
27:43.1,0.90,-6.005241,0.615735,0.617376,0.706873,0.425268,0.037766,0.187184,0.229878,-0.01642,0.088668,-0.183901,8.355483933
27:44.1,0.92,-6.637372,0.745449,0.784035,0.756953,0.484379,0.029556,0.159271,0.121507,-0.09195,0.13136,-0.151062,8.558587624
27:45.1,0.94,-6.457268,0.71261,0.773362,0.823454,0.492589,0.029556,0.121506,0.137927,0.085382,0.13136,-0.201963,8.500720208
27:46.1,0.95,-8.223437,0.830831,0.935916,0.791435,0.551699,0.026272,0.141209,0.157631,-0.131357,0.170767,-0.190469,9.068190308
27:47.1,0.97,-7.081011,0.824263,0.858744,0.858756,0.564835,0.03284,0.144493,0.144495,0.062394,0.124792,-0.216741,8.701128834
27:48.1,0.99,-6.981689,0.830831,0.875164,0.128074,0.566477,0.022988,0.160913,0.144495,-0.026271,0.128076,0.019704,8.669216676
27:49.1,1.00,-7.719101,0.904719,0.934274,0.784046,0.592748,0.039408,0.162555,0.160915,-0.009852,0.146137,-0.197037,8.906147151
27:50.1,1.02,-8.03936,0.968756,0.983533,0.796361,0.52707,0.052543,0.154345,0.167483,-0.013136,0.137927,-0.022988,9.009046368
27:51.1,1.04,-8.746313,1.034434,1.101754,0.827559,0.673205,0.068963,0.226591,0.17405,-0.003284,0.124792,-0.174049,9.236190367
27:52.2,1.05,-8.78847,1.073841,1.224901,0.908837,0.653501,0.072247,0.111654,0.19047,-0.022987,0.087026,-0.197037,9.249735411
27:53.2,1.07,-8.78847,1.105039,1.302073,0.956454,0.708507,0.059111,0.249579,0.183902,-0.009852,0.101804,-0.180617,9.249735411
27:54.2,1.09,-9.313554,1.142804,1.334913,0.967948,0.742988,0.049259,0.162555,0.193754,-0.013136,0.078816,-0.170765,9.4184449
27:55.2,1.10,-9.583048,1.195346,1.395665,1.050047,0.765154,0.045975,0.257789,0.183902,0.014778,0.077174,-0.154346,9.505033322
27:56.2,1.12,-10.111663,1.265951,1.415369,1.036912,0.771722,0.052543,0.09195,0.244656,0.031197,0.042692,-0.182259,9.674877322
27:57.2,1.14,-10.697223,1.339839,1.45806,1.054973,0.7865,0.045975,0.164197,0.200322,-0.013136,0.055828,-0.159272,9.86301775
27:58.2,1.15,-11.009977,1.326703,1.482689,1.144462,0.845611,0.049259,0.137925,0.22331,-0.013136,0.105088,-0.180617,9.96350561
27:59.2,1.17,-11.887102,1.426042,1.600089,1.210962,0.857104,0.042691,0.10837,0.205248,-0.042691,-0.091952,-0.154346,10.24532587
28:00.2,1.19,-12.28417,1.44985,1.607478,1.614069,0.875166,0.052543,0.10837,0.20689,-0.013136,-0.059112,-0.162556,10.37290382
28:01.2,1.20,-13.585512,1.504035,1.673156,0.743818,0.958906,0.03284,0.062395,0.200322,-0.013136,-0.026272,-0.397358,10.79102501
28:02.2,1.22,-13.962716,1.566429,1.719131,1.614069,0.988462,0.042691,0.082098,0.197038,-0.003284,-0.0821,-0.137926,10.91222065
28:03.2,1.24,-14.173059,1.637034,1.951469,1.390759,1.057424,-0.009852,-0.009852,0.197038,-0.013136,-0.124792,-0.226593,10.97980386
28:04.2,1.26,-16.062166,1.730626,2.072153,1.571377,1.152658,0.085383,-0.029555,0.147779,-0.006568,-0.200323,-0.223309,11.58677394
28:05.2,1.27,-16.541561,1.768391,2.114023,1.542643,1.152658,0.006568,-0.172406,0.147779,-0.013136,-0.293917,-0.269284,11.74080355
28:06.2,1.29,-17.807589,1.806156,2.172312,1.632131,1.195349,0.009852,-0.052543,0.134643,-0.045975,-0.341535,-0.338247,12.14757835
28:07.2,1.31,-18.065605,1.8431,2.196942,1.609964,1.22162,-0.049259,-0.295554,0.091951,-0.08374,-0.374375,-0.334963,12.23047889
28:08.2,1.32,-18.614527,1.894822,2.275756,1.71423,1.261028,-0.098519,-0.103444,0.045976,-0.088666,-0.417066,-0.384222,12.40684753
28:09.2,1.34,-19.359884,1.88497,2.325836,1.786478,1.303719,-0.134642,-0.251221,0.065679,-0.093592,-0.45319,-0.420346,12.64633073
28:10.2,1.36,-20.439186,2.021253,2.441594,1.775805,1.359545,-0.19047,-0.28406,-0.019704,-0.180615,-0.556636,-0.484383,12.99311046
28:11.2,1.37,-20.709562,1.980204,2.364422,1.664971,1.398953,-0.19047,-0.315257,-0.026272,-0.128073,-0.610821,-0.341531,13.07998227
28:12.2,1.39,-21.227583,2.06066,2.559816,1.72244,1.418656,-0.200322,-0.344813,-0.042692,-0.15106,-0.554994,-0.581259,13.24642242
28:13.2,1.41,-21.596621,2.126338,2.581161,2.344753,1.451496,-0.213457,-0.402282,-0.075531,-0.216738,-0.656797,-0.377654,13.36499433
28:14.2,1.42,-23.926941,2.231424,2.807752,1.78894,1.551655,-0.288988,-0.451541,-0.129717,-0.261071,-0.715909,-0.589469,14.11372614
28:15.2,1.44,-25.611223,2.305312,2.975232,2.277431,1.671519,-0.338248,-0.58454,-0.17405,-0.321824,-0.814429,-0.650222,14.65488595
28:16.2,1.46,-25.902128,2.367707,3.012998,2.075467,1.676445,-0.367803,-0.643651,-0.229878,-0.361231,-0.85712,-0.76516,14.74835373
28:17.2,1.47,-27.099953,2.439953,3.070466,2.239666,1.758543,-0.413779,-0.625589,-0.288989,-0.39407,-0.940862,-0.811136,15.1332149
28:18.2,1.49,-28.068676,2.482645,3.096738,2.241308,1.799592,-0.522149,-0.66828,-0.371089,-0.405564,-1.008184,-0.876815,15.4444656
28:19.2,1.51,-28.212141,2.483465,3.112336,2.290567,1.80616,-0.463038,-0.712613,-0.331681,-0.403922,-1.011468,-0.878457,15.4905609
28:20.2,1.52,-27.945957,2.499885,3.103306,2.270042,1.804518,-0.469606,-0.827551,-0.307051,-0.380934,-1.054159,-0.866963,15.40503598
28:21.2,1.54,-27.790133,2.534366,3.108232,2.337364,1.809444,-0.469606,-0.75202,-0.334965,-0.413773,-0.96385,-0.858753,15.35496973
28:22.2,1.56,-27.678892,2.485928,3.09838,2.241308,1.80616,-0.469606,-0.765156,-0.361237,-0.403922,-1.001616,-0.843975,15.319228
28:23.2,1.57,-27.603848,2.505632,3.259292,2.321765,1.799592,-0.466322,-0.761872,-0.361237,-0.482736,-0.97206,-0.93921,15.29511636
28:24.2,1.59,-27.531673,2.502348,3.086886,2.288925,1.80616,-0.469606,-0.745453,-0.351385,-0.420341,-1.057443,-0.899802,15.27192653
28:25.2,1.61,-27.458838,2.502348,3.141892,2.256907,1.819296,-0.476174,-0.755304,-0.357953,-0.420341,-1.093567,-0.839049,15.24852465
28:26.3,1.62,-27.401451,2.494138,3.116441,2.367741,1.807802,-0.466322,-0.76844,-0.357953,-0.413773,-1.027888,-0.745457,15.23008621
28:27.3,1.64,-27.356205,2.497422,3.113157,2.417821,1.806981,-0.44005,-0.778292,-0.367805,-0.410489,-1.03774,-0.942494,15.21554867
28:28.3,1.66,-27.322214,2.492496,3.108232,2.34229,1.819296,-0.44826,-0.816057,-0.361237,-0.403922,-1.018036,-0.843975,15.20462736
28:29.3,1.67,-27.262842,2.500706,3.108232,2.249518,1.809444,-0.47289,-0.783218,-0.361237,-0.400638,-1.024604,-0.862037,15.18555113
28:30.3,1.69,-27.223112,2.489212,3.111515,2.297135,1.816012,-0.44826,-0.778292,-0.341533,-0.417057,-1.024604,-0.860395,15.17278589
28:31.3,1.71,-27.19442,2.50399,3.108232,2.269222,1.802876,-0.466322,-0.691268,-0.39736,-0.426909,-1.027888,-0.863679,15.16356715
28:32.3,1.72,-27.169037,2.479361,3.116441,2.283999,1.80616,-0.466322,-0.771724,-0.356311,-0.387502,-1.045949,-0.842333,15.15541159
28:33.3,1.74,-27.119818,2.551607,3.108232,2.208468,1.802055,-0.47289,-0.712613,-0.344817,-0.446612,-1.062369,-0.855469,15.13959752
28:34.3,1.76,-27.077,2.492496,3.096738,2.306987,1.807802,-0.469606,-0.756946,-0.361237,-0.407205,-1.036098,-0.832481,15.1258401
28:35.3,1.77,-26.971718,2.482645,3.096738,2.206826,1.807802,-0.47289,-0.771724,-0.348101,-0.426909,-1.0049,-0.843975,15.09201299
28:36.3,1.79,-24.448933,2.474435,3.113157,2.682181,1.801234,-0.469606,-0.779934,-0.374373,-0.367799,-1.011468,-1.103407,14.28144217
28:37.3,1.81,-19.600245,2.385769,3.063898,1.837379,1.799592,-0.45647,-0.758588,-0.374373,-0.426909,-1.034456,-0.679778,12.72355872
28:38.3,1.82,-18.718704,2.351287,3.063077,1.985158,1.790561,-0.463038,-0.78486,-0.377657,-0.420341,-0.991764,-0.912938,12.4403196
28:39.3,1.84,-17.513815,2.329942,3.052405,2.154282,1.773321,-0.469606,-0.771724,-0.374373,-0.433477,-1.024604,-0.775012,12.05318876
28:40.3,1.86,-17.5648,2.338152,3.057331,2.093529,1.750333,-0.47289,-0.75202,-0.377657,-0.436761,-1.018036,-0.870247,12.06957024
28:41.3,1.87,-17.625498,2.331584,3.055689,2.223246,1.770037,-0.433483,-0.709329,-0.374373,-0.430193,-1.032814,-0.840691,12.08907251
28:42.3,1.89,-17.267717,2.318448,3.045837,2.14443,1.71421,-0.443334,-0.896513,-0.377657,-0.420341,-1.024604,-0.863679,11.97411747
28:43.3,1.91,-15.63199,2.237992,2.999862,2.131294,1.68055,-0.44005,-0.75202,-0.354669,-0.413773,-1.014752,-0.853827,11.44855839
28:44.3,1.92,-12.599794,2.177239,2.939109,2.008146,1.60584,-0.421989,-0.733959,-0.369447,-0.420341,-0.98027,-0.870247,10.47431381
28:45.3,1.94,-11.743637,2.040956,2.724012,2.054121,1.543445,-0.397359,-0.712613,-0.390792,-0.400638,-0.912948,-0.883382,10.19923057
28:46.3,1.96,-9.505797,2.011401,2.679679,1.865293,1.502396,-0.400643,-0.66007,-0.400644,-0.558266,-0.952356,-0.876815,9.480212576
28:47.3,1.97,-8.96416,1.980204,2.627136,1.92933,1.485977,-0.394075,-0.650218,-0.407212,-0.390786,-0.949072,-0.798,9.306184608
28:48.3,1.99,-8.492931,1.991698,2.632062,1.880892,1.46381,-0.394075,-0.666638,-0.394076,-0.446612,-0.88175,-0.863679,9.15477873
28:49.3,2.01,-8.103588,1.971994,2.627136,3.054913,1.461347,-0.394075,-0.642009,-0.400644,-0.436761,-1.003258,-0.822629,9.029682824
28:50.3,2.02,-7.146343,1.90139,2.57213,1.72244,1.412088,-0.385865,-0.614095,-0.394076,-0.418699,-0.87354,-0.858753,8.722120006
28:51.3,2.04,-5.114211,1.812724,2.441594,2.035238,1.362829,-0.344816,-0.627231,-0.400644,-0.423625,-0.860404,-0.945778,8.069195994
28:52.3,2.06,-5.114211,1.750329,2.38741,1.834095,1.333274,-0.420347,-0.617379,-0.380941,-0.417057,-0.817713,-0.870247,8.069195994
28:53.3,2.07,-3.842004,1.710922,2.349644,1.737218,1.295509,-0.328396,-0.574688,-0.394076,-0.417057,-0.817713,-0.857111,7.660435885
28:54.3,2.09,-3.07634,1.64196,2.315163,1.794687,1.264312,-0.367803,-0.331677,-0.390792,-0.417057,-0.807861,-0.863679,7.414428042
28:55.3,2.11,-2.297654,1.60912,2.292176,1.683032,1.216695,-0.334964,-0.633799,-0.387508,-0.417057,-0.820997,-0.873531,7.16423623
28:56.3,2.12,-1.461361,1.528664,2.269188,1.724082,1.169078,-0.3481,-0.535281,-0.354669,-0.37765,-0.817713,-0.850543,6.895535289
28:57.3,2.14,-1.461361,1.576281,2.242917,1.581229,1.141164,-0.3481,-0.509009,-0.371089,-0.466316,-0.827564,-0.817704,6.895535289
28:58.3,2.16,-0.439887,1.438357,2.201868,1.742144,1.129671,-0.334964,-0.523787,-0.316903,-0.481094,-0.692921,-0.850543,6.567335693
28:59.3,2.17,-0.931201,1.489257,2.228139,1.624742,1.123103,-0.33989,-0.509009,-0.380941,-0.407205,-0.921158,-0.862037,6.725194881
29:00.3,2.19,-1.047077,1.462986,2.251948,1.710125,1.128029,-0.334964,-0.528713,-0.387508,-0.395712,-0.788157,-0.873531,6.76242584
29:01.3,2.21,-1.098724,1.464628,2.207615,0.959738,1.119819,-0.341532,-0.545133,-0.384225,-0.431835,-0.755317,-0.779938,6.779020021
29:02.3,2.22,-1.123665,1.467912,2.254411,1.635415,1.16251,-0.341532,-0.531997,-0.384225,-0.420341,-0.775021,-0.758592,6.787033565
29:03.3,2.24,-1.155448,1.471196,2.215004,1.436735,1.12064,-0.3481,-0.536923,-0.387508,-0.423625,-0.820997,-0.876815,6.797245442
29:04.3,2.26,-1.188114,1.471196,2.231423,1.783194,1.103399,-0.243013,-0.525429,-0.394076,-0.423625,-0.807861,-0.784864,6.807741028
29:05.3,2.27,-1.219235,1.47448,2.224855,1.591081,1.105041,-0.334964,-0.548417,-0.380941,-0.426909,-0.814429,-0.837407,6.817740206
29:06.3,2.29,-1.241086,1.479406,2.229781,1.645267,1.128029,-0.338248,-0.47617,-0.384225,-0.433477,-0.834132,-0.870247,6.824760932
29:07.3,2.31,-1.266469,1.46627,2.221571,1.61489,1.124745,-0.344816,-0.589466,-0.400644,-0.430193,-0.817713,-0.843975,6.83291649
29:08.3,2.32,-1.272428,1.461344,2.233065,1.66415,1.123103,-0.3481,-0.477812,-0.400644,-0.407205,-0.822639,-0.883382,6.834831116
29:09.3,2.34,-1.300238,1.479406,2.221571,1.599291,1.126387,-0.338248,-0.579614,-0.357953,-0.371082,-0.834132,-0.857111,6.843766469
29:10.4,2.36,-1.310612,1.523739,2.239633,1.601754,1.123103,-0.341532,-0.512293,-0.407212,-0.444971,-0.843984,-0.870247,6.847099636
29:11.4,2.37,-1.328931,1.454776,2.198584,1.654298,1.128029,-0.334964,-0.523787,-0.367805,-0.413773,-0.737255,-0.843975,6.85298553
29:12.4,2.39,-1.345926,1.484331,2.264262,1.623921,1.119819,-0.341532,-0.512293,-0.390792,-0.472884,-0.883392,-0.788148,6.858446024
29:13.4,2.41,-1.357624,1.47448,2.242917,1.835737,1.124745,-0.328396,-0.528713,-0.390792,-0.423625,-0.722477,-1.098481,6.862204591
29:14.4,2.42,-1.37793,1.472838,2.231423,1.802897,1.121461,-0.334964,-0.515577,-0.387508,-0.423625,-0.863688,-0.801284,6.868728909
29:15.4,2.44,-1.373737,1.469554,2.246201,1.646909,1.208485,-0.341532,-0.548417,-0.380941,-0.426909,-0.817713,-0.988469,6.867381698
29:16.4,2.46,-1.39934,1.471196,2.223213,1.648551,1.108325,-0.33168,-0.486022,-0.384225,-0.426909,-0.819355,-0.866963,6.875607942
29:17.4,2.47,-1.407947,1.464628,2.226497,1.729829,1.14609,-0.285704,-0.548417,-0.390792,-0.421983,-0.802935,-0.857111,6.878373371
29:18.4,2.49,-1.411258,1.467912,2.223213,1.63131,1.121461,-0.328396,-0.627231,-0.380941,-0.40228,-0.816071,-0.843975,6.879437195
29:19.4,2.51,-1.421853,1.476122,2.229781,1.671538,1.129671,-0.295556,-0.397356,-0.354669,-0.433477,-0.817713,-0.853827,6.882841369
29:20.4,2.52,-1.432447,1.477764,2.221571,1.61489,1.126387,-0.33168,-0.5008,-0.377657,-0.436761,-0.807861,-0.857111,6.886245221
29:21.4,2.54,-1.448118,1.438357,2.231423,1.655119,1.121461,-0.341532,-0.541849,-0.403928,-0.505723,-0.794725,-0.853827,6.891280313
29:22.4,2.56,-1.455622,1.45806,2.226497,1.612427,1.121461,-0.338248,-0.522145,-0.361237,-0.420341,-0.827564,-0.860395,6.893691349
29:23.4,2.57,-1.457388,1.497467,2.232244,1.612427,1.123103,-0.338248,-0.513935,-0.371089,-0.423625,-0.765169,-0.901444,6.894258764
29:24.4,2.59,-1.464671,1.446566,2.199405,1.545106,1.131312,-0.334964,-0.533639,-0.387508,-0.367799,-0.771737,-0.817704,6.896598792
29:25.4,2.61,-2.20098,1.500751,2.21172,1.545927,1.124745,-0.344816,-0.533639,-0.371089,-0.407205,-0.870256,-0.77337,7.133174874
29:26.4,2.62,-4.181024,1.52538,2.177238,1.965454,1.101757,-0.328396,-0.486022,-0.331681,-0.417057,-0.798009,-0.735605,7.769363011
29:27.4,2.64,-5.071612,1.581207,2.251127,1.487636,1.131312,-0.341532,-0.520503,-0.338249,-0.421983,-0.781589,-0.894876,8.055508936
29:28.4,2.66,-5.920045,1.618972,2.269188,1.599291,1.16251,-0.33168,-0.509009,-0.334965,-0.426909,-0.794725,-0.817704,8.328110459
29:29.4,2.68,-6.017822,1.640318,2.274114,1.52376,1.159226,-0.436767,-0.423627,-0.328397,-0.433477,-0.804577,-0.827555,8.359526209
29:30.4,2.69,-7.173933,1.705996,2.308595,1.732292,1.231472,-0.308692,-0.541849,-0.331681,-0.426909,-0.796367,-0.837407,8.730984673
29:31.4,2.71,-8.245509,1.756076,2.331583,1.720798,1.279089,-0.374371,-0.55991,-0.357953,-0.420341,-0.801293,-0.842333,9.075282042
29:32.4,2.73,-8.746755,1.768391,2.352928,1.778268,1.282373,-0.361235,-0.331677,-0.295557,-0.384218,-0.804577,-0.873531,9.236332382
29:33.4,2.74,-8.802596,1.812724,2.333225,1.692884,1.282373,-0.364519,-0.538565,-0.315261,-0.426909,-0.778305,-0.840691,9.254274095
29:34.4,2.76,-8.877198,1.783168,2.364422,1.788119,1.288941,-0.361235,-0.545133,-0.354669,-0.361231,-0.801293,-0.853827,9.278243717
29:35.4,2.78,-10.24652,1.848847,2.402187,1.784836,1.34641,-0.364519,-0.509009,-0.331681,-0.459748,-0.725761,-0.840691,9.718206876
29:36.4,2.79,-11.324277,1.928482,2.560637,1.927688,1.344768,-0.367803,-0.502442,-0.351385,-0.412131,-0.878466,-0.885024,10.0644902
29:37.4,2.81,-11.935439,1.897285,2.548322,1.346426,1.369397,-0.364519,-0.515577,-0.338249,-0.454822,-0.748749,-0.646938,10.26085655
29:38.4,2.83,-12.091265,1.947365,2.568026,2.246234,1.379249,-0.371087,-0.528713,-0.341533,-0.426909,-0.850552,-1.001605,10.31092344
29:39.4,2.84,-12.633343,1.98513,2.591013,2.001578,1.431792,-0.374371,-0.545133,-0.328397,-0.417057,-0.830848,-0.793074,10.48509311
29:40.4,2.86,-14.328663,2.022895,2.614001,2.131294,1.394027,-0.325112,-0.56812,-0.334965,-0.420341,-0.820997,-0.863679,11.02979942
29:41.4,2.88,-14.567477,2.057376,2.63042,1.976948,1.499112,-0.377655,-0.591108,-0.311977,-0.403922,-0.827564,-0.863679,11.10653036
29:42.4,2.89,-15.886255,2.092678,2.646019,1.941645,1.518816,-0.374371,-0.635441,-0.311977,-0.410489,-0.827564,-0.847259,11.53025373
29:43.4,2.91,-17.232843,2.129622,2.720728,2.021281,1.548371,-0.371087,-0.627231,-0.282421,-0.420341,-0.834132,-0.801284,11.96291246
29:44.4,2.93,-18.099596,2.196943,2.824172,1.985158,1.574643,-0.390791,-0.577972,-0.302125,-0.443329,-0.866972,-0.853827,12.24140019
29:45.4,2.94,-19.530277,2.193659,2.962097,2.058226,1.609124,-0.397359,-0.536923,-0.336607,-0.336601,-0.891602,-0.843975,12.701078
29:46.4,2.96,-19.603334,2.239634,2.950603,1.999936,1.604198,-0.397359,-0.596034,-0.269286,-0.535278,-0.912948,-0.824271,12.72455121
29:47.4,2.98,-20.474058,2.315985,2.950603,2.119801,1.661667,-0.400643,-0.622305,-0.288989,-0.300478,-0.926084,-0.835765,13.00431484
29:48.4,2.99,-22.435341,2.323374,2.999862,2.075467,1.691222,-0.400643,-0.637083,-0.305409,-0.435119,-0.993406,-0.857111,13.63447506
29:49.5,3.01,-22.57373,2.379201,3.096738,2.402222,1.724062,-0.407211,-0.683058,-0.338249,-0.39407,-0.85712,-1.100123,13.67893945
29:50.5,3.03,-26.225477,2.454731,3.057331,1.930151,1.793024,-0.469606,-0.743811,-0.390792,-0.472884,-1.060727,-0.798,14.85224576
29:51.5,3.04,-26.779474,2.48757,3.147639,1.944108,1.884974,-0.50573,-0.811131,-0.410496,-0.476168,-1.0049,-1.03116,15.030245
29:52.5,3.06,-27.750624,2.522052,3.119725,2.2019,1.855419,-0.525433,-0.794711,-0.410496,-0.489303,-1.044307,-0.912938,15.34227549
29:53.5,3.08,-28.326252,2.558175,3.145997,2.229814,1.878406,-0.469606,-0.75202,-0.4302,-0.502439,-1.044307,-0.93921,15.52722477
29:54.5,3.09,-28.991711,2.566385,3.159132,2.318481,1.89811,-0.525433,-0.863674,-0.4302,-0.502439,-1.077147,-0.958913,15.74103674
29:55.5,3.11,-28.836548,2.581162,3.164058,2.329975,1.901394,-0.546779,-0.832477,-0.443336,-0.518859,-1.093567,-0.94742,15.69118287
29:56.5,3.13,-28.720009,2.564743,3.155849,2.328333,1.907962,-0.538569,-0.863674,-0.403928,-0.518859,-1.083715,-0.952345,15.65373889
29:57.5,3.14,-28.628412,2.569669,3.163237,2.336543,1.904678,-0.561557,-0.848896,-0.476176,-0.507365,-1.068937,-0.968765,15.62430878
29:58.5,3.16,-28.567936,2.535187,3.162416,2.375951,1.907962,-0.548421,-0.78486,-0.436768,-0.400638,-1.057443,-0.978617,15.60487784
29:59.5,3.18,-28.495762,2.633705,3.18212,2.266758,1.90632,-0.551705,-0.791428,-0.456472,-0.533636,-1.083715,-0.929358,15.58168833
30:00.5,3.19,-28.447205,2.551607,3.139429,2.331617,1.912888,-0.548421,-0.814415,-0.443336,-0.446612,-1.068937,-0.935926,15.56608697
30:01.5,3.21,-28.408358,2.602508,3.168163,2.401402,1.903857,-0.551705,-0.812773,-0.443336,-0.566475,-1.098493,-0.924432,15.55360543
30:02.5,3.23,-28.361567,2.572953,3.18212,2.713379,1.911246,-0.541853,-0.804563,-0.44662,-0.517217,-1.083715,-0.999963,15.53857148
30:03.5,3.24,-28.325148,2.574594,3.160774,2.28482,1.903857,-0.551705,-0.840687,-0.44662,-0.505723,-1.083715,-1.003247,15.52687005
30:04.5,3.26,-28.267761,2.572953,3.175552,2.495816,1.960505,-0.541853,-0.807847,-0.44662,-0.499155,-1.070579,-0.955629,15.50843161
30:05.5,3.28,-28.241276,2.571311,3.159953,2.380056,1.903036,-0.554989,-0.825909,-0.44662,-0.492587,-1.077147,-0.968765,15.49992198
30:06.5,3.29,-28.207506,2.572953,3.162416,2.339827,1.950653,-0.568125,-0.696194,-0.459756,-0.502439,-1.050875,-0.968765,15.48907168
30:07.5,3.31,-28.185656,2.566385,3.159132,2.313555,1.909604,-0.535285,-0.850538,-0.440052,-0.495871,-1.070579,-0.952345,15.48205127
30:08.5,3.33,-28.152327,2.573773,3.162416,2.33408,1.90632,-0.545137,-0.778292,-0.459756,-0.492587,-1.083715,-0.949061,15.47134267
30:09.5,3.34,-28.117895,2.576236,3.160774,2.310271,1.907962,-0.538569,-0.738885,-0.390792,-0.495871,-1.070579,-0.932642,15.46027966
30:10.5,3.36,-28.087215,2.618927,3.155849,2.297135,1.903036,-0.554989,-0.834119,-0.443336,-0.591105,-1.080431,-0.949061,15.45042218
30:11.5,3.38,-27.984583,2.482645,3.159132,2.382519,1.907962,-0.551705,-0.804563,-0.380941,-0.581253,-1.027888,-0.92279,15.41744652
30:12.5,3.39,-27.964939,2.610718,3.170626,2.336543,1.904678,-0.554989,-0.814415,-0.44662,-0.486019,-1.060727,-0.981901,15.4111349
30:13.5,3.41,-27.922562,2.523694,3.160774,2.075467,1.917814,-0.545137,-0.811131,-0.44662,-0.486019,-1.119839,-0.817704,15.39751917
30:14.5,3.43,-27.75548,2.585267,3.155849,2.390728,1.905499,-0.561557,-0.804563,-0.453188,-0.479452,-1.126407,-0.903086,15.34383572
30:15.5,3.44,-23.317764,2.485928,3.127935,2.118159,1.893184,-0.548421,-0.817699,-0.476176,-0.499155,-1.0049,-0.995037,13.91799757
30:16.5,3.46,-16.220419,2.293819,3.008072,2.001578,1.702716,-0.538569,-0.820983,-0.486028,-0.502439,-1.044307,-0.972049,11.63762062
30:17.5,3.48,-13.409381,2.21993,2.991652,2.421926,1.658383,-0.44005,-0.824267,-0.489312,-0.505723,-1.03774,-0.850543,10.73443412
30:18.5,3.49,-12.782547,2.216646,2.9818,2.024565,1.641142,-0.512298,-0.801279,-0.482744,-0.502439,-1.03774,-0.967123,10.53303235
30:19.5,3.51,-12.907473,2.21911,2.986726,2.12719,1.664951,-0.535285,-0.510651,-0.489312,-0.512291,-1.034456,-0.955629,10.57317107
30:20.5,3.53,-12.987813,2.21172,2.980158,2.086961,1.648531,-0.500804,-0.922785,-0.482744,-0.505723,-1.027888,-0.953987,10.59898432
30:21.5,3.54,-13.03637,2.203511,2.988368,2.116517,1.651815,-0.522149,-0.69291,-0.522151,-0.4696,-1.03774,-0.962197,10.61458568
30:22.5,3.56,-13.087577,2.249486,2.97359,2.060689,1.651815,-0.512298,-0.715897,-0.433484,-0.426909,-1.034456,-0.942494,10.63103849
30:23.5,3.58,-13.109207,2.21172,2.994936,2.101739,1.651815,-0.509014,-0.78486,-0.502447,-0.505723,-1.047591,-0.962197,10.63798821
30:24.5,3.59,-13.126864,2.187091,2.945677,2.129653,1.653457,-0.50573,-0.788144,-0.44662,-0.518859,-0.8407,-1.001605,10.6436614
30:25.5,3.61,-13.158868,2.233066,3.021207,2.21832,1.648531,-0.512298,-0.758588,-0.495879,-0.479452,-1.113271,-0.93921,10.65394429
30:26.5,3.63,-13.152908,2.188733,3.019565,1.71423,1.661667,-0.499162,-0.76844,-0.489312,-0.525426,-0.896528,-0.988469,10.65202934
30:27.5,3.64,-13.079852,2.21172,2.996578,2.437525,1.655099,-0.50573,-0.745453,-0.489312,-0.512291,-1.090283,-0.965481,10.62855645
30:28.5,3.66,-11.992826,2.177239,2.9818,2.14443,1.658383,-0.499162,-0.75202,-0.486028,-0.499155,-1.03774,-0.827555,10.27929499
30:29.5,3.68,-11.947358,2.173955,2.967023,2.118159,1.637038,-0.502446,-0.75202,-0.486028,-0.492587,-1.031172,-1.021308,10.26468613
30:30.5,3.69,-12.012028,2.169029,2.967023,2.21832,1.627186,-0.367803,-0.86039,-0.492595,-0.486019,-1.02132,-0.932642,10.2854646
30:31.5,3.71,-11.754452,2.154252,2.955529,2.070541,1.628828,-0.51394,-0.748736,-0.486028,-0.490945,-1.008184,-0.955629,10.20270543
30:32.6,3.73,-11.21127,2.150968,2.955529,2.060689,1.615692,-0.459754,-0.661712,-0.459756,-0.495871,-1.009826,-0.942494,10.02818105
30:33.6,3.74,-11.290066,2.157536,2.947319,2.026207,1.612408,-0.495878,-0.845612,-0.47946,-0.522143,-0.991764,-0.955629,10.05349821
30:34.6,3.76,-11.290066,2.108277,2.924331,2.040985,1.59763,-0.492594,-0.66007,-0.505731,-0.535278,-0.981912,-0.949061,10.05349821
30:35.6,3.78,-9.18002,2.111561,2.760135,1.944108,1.554939,-0.482742,-0.748736,-0.492595,-0.400638,-1.026246,-0.942494,9.375540426
30:36.6,3.79,-9.038983,2.065586,2.709234,2.027029,1.533594,-0.476174,-0.714255,-0.47946,-0.435119,-0.98027,-0.931,9.330225238
30:37.6,3.81,-8.237342,1.986772,2.636988,1.878429,1.49747,-0.459754,-0.709329,-0.486028,-0.538562,-0.893244,-0.93921,9.072657985
30:38.6,3.83,-6.490375,1.937513,2.610717,2.150998,1.435076,-0.446618,-0.673206,-0.499163,-0.479452,-0.95564,-0.962197,8.511357488
30:39.6,3.84,-5.556526,1.87676,2.537649,1.201931,1.395669,-0.420347,-0.689626,-0.495879,-0.482736,-0.817713,-1.119827,8.211311804
30:40.6,3.86,-5.283941,1.861983,2.562279,1.76349,1.390743,-0.417063,-0.653502,-0.495879,-0.492587,-0.876824,-0.937568,8.123730243
30:41.6,3.88,-5.343534,1.850489,2.531902,1.43263,1.431792,-0.458112,-0.683058,-0.486028,-0.502439,-0.880108,-0.949061,8.142877474
30:42.6,3.89,-4.749809,1.834069,2.499063,1.824243,1.361187,-0.394075,-0.646935,-0.495879,-0.505723,-0.876824,-0.93921,7.952113632
30:43.6,3.91,-4.524237,1.80944,2.474434,1.840663,1.384175,-0.344816,-0.679774,-0.495879,-0.499155,-0.88996,-0.935926,7.879637348
30:44.6,3.93,-4.572794,1.814366,2.469508,1.807823,1.352978,-0.423631,-0.630515,-0.502447,-0.495871,-0.88996,-0.945778,7.895238712
30:45.6,3.94,-3.539623,1.747045,2.402187,1.799613,1.326706,-0.384223,-0.683058,-0.440052,-0.472884,-0.88996,-0.93921,7.56328087
30:46.6,3.96,-2.805521,1.724058,2.346361,1.725724,1.282373,-0.400643,-0.663354,-0.472892,-0.499155,-0.866972,-0.965481,7.327413897
30:47.6,3.98,-2.805521,1.658379,2.352928,1.814391,1.284015,-0.397359,-0.650218,-0.486028,-0.479452,-0.824281,-0.968765,7.327413897
30:48.6,4.00,-1.795304,1.635392,2.341435,1.704378,1.239682,-0.400643,-0.620663,-0.476176,-0.531994,-0.85712,-0.965481,7.002831175
30:49.6,4.01,-1.222546,1.582849,2.338151,1.696168,1.211769,-0.387507,-0.594392,-0.505731,-0.500797,-0.781589,-0.92279,6.81880403
30:50.6,4.03,-1.222546,1.556578,2.249485,1.5566,1.190423,-0.390791,-0.602602,-0.486028,-0.486019,-0.88175,-0.876815,6.81880403
30:51.6,4.05,-0.035315,1.515529,2.256053,2.740472,1.155942,-0.384223,-0.58454,-0.492595,-0.476168,-0.90638,-0.916222,6.43734671
30:52.6,4.06,-0.508088,1.505677,2.259337,1.558242,1.149374,-0.387507,-0.594392,-0.486028,-0.499155,-0.804577,-0.952345,6.589248674
30:53.6,4.08,-0.601672,1.507319,2.259337,2.040985,1.190423,-0.354668,-0.594392,-0.492595,-0.489303,-0.8407,-0.988469,6.619317214
30:54.6,4.10,-0.654202,1.500751,2.247843,1.638699,1.1543,-0.390791,-0.627231,-0.482744,-0.486019,-0.827564,-0.976975,6.636195103
30:55.6,4.11,-0.68444,1.505677,2.249485,1.660045,1.180571,-0.446618,-0.512293,-0.495879,-0.492587,-0.830848,-0.945778,6.645910572
30:56.6,4.13,-0.719314,1.490899,2.244559,1.646909,1.152658,-0.364519,-0.623947,-0.47946,-0.499155,-0.827564,-0.942494,6.657115588
30:57.6,4.15,-0.754628,1.508961,2.252769,1.66415,1.149374,-0.374371,-0.607527,-0.472892,-0.486019,-0.834132,-0.952345,6.668461976
30:58.6,4.16,-0.770961,1.497467,2.249485,1.633773,1.151016,-0.374371,-0.627231,-0.467966,-0.489303,-0.827564,-0.942494,6.673709769
30:59.6,4.18,-0.790384,1.573818,2.246201,1.630489,1.149374,-0.394075,-0.538565,-0.443336,-0.691264,-0.807861,-0.929358,6.679950379
31:00.6,4.20,-0.822829,1.444924,2.237991,1.676464,1.152658,-0.384223,-0.627231,-0.449904,-0.407205,-0.788157,-0.93921,6.690374958
31:01.6,4.21,-0.834969,1.530306,2.251127,1.648551,1.147732,-0.390791,-0.607527,-0.486028,-0.479452,-0.88996,-0.976975,6.69427554
31:02.7,4.23,-0.858365,1.482689,2.259337,1.607501,1.152658,-0.384223,-0.587824,-0.489312,-0.448254,-0.820997,-0.929358,6.701792675
31:03.7,4.25,-0.887499,1.495825,2.23717,1.088634,1.151016,-0.394075,-0.615737,-0.486028,-0.499155,-0.820997,-0.955629,6.711153429
31:04.7,4.26,-0.889706,1.500751,2.257695,1.641983,1.17072,-0.390791,-0.607527,-0.489312,-0.489303,-0.842342,-0.852185,6.711862538
31:05.7,4.28,-0.897431,1.49993,2.228139,1.576303,1.063992,-0.380939,-0.582898,-0.489312,-0.487661,-0.830848,-0.817704,6.71434458
31:06.7,4.30,-0.913764,1.502393,2.247843,1.701915,1.166615,-0.354668,-0.605885,-0.489312,-0.489303,-0.834132,-0.945778,6.719592373
31:07.7,4.31,-0.927007,1.505677,2.244559,1.561526,1.136238,-0.423631,-0.632157,-0.47946,-0.505723,-0.822639,-0.963839,6.723847349
31:08.7,4.33,-0.935836,1.508961,2.251127,1.665792,1.159226,-0.377655,-0.464676,-0.492595,-0.489303,-0.8407,-0.93921,6.726684107
31:09.7,4.35,-0.95261,1.500751,2.243738,1.634594,1.14609,-0.405569,-0.694552,-0.499163,-0.505723,-0.830848,-0.942494,6.732073593
31:10.7,4.36,-0.956142,1.492541,2.256053,1.6896,1.149374,-0.387507,-0.535281,-0.472892,-0.4696,-0.8407,-0.955629,6.733208425
31:11.7,4.38,-0.975123,1.497467,2.244559,1.661687,1.151016,-0.390791,-0.69291,-0.46304,-0.4696,-0.830848,-0.952345,6.73930702
31:12.7,4.40,-0.983731,1.569713,2.265904,1.600933,1.151016,-0.390791,-0.581256,-0.515583,-0.550056,-0.853836,-0.942494,6.74207277
31:13.7,4.41,-0.99565,1.481048,2.221571,1.671538,1.1543,-0.384223,-0.617379,-0.476176,-0.45318,-0.807861,-0.955629,6.745902345
31:14.7,4.43,-1.009334,1.543442,2.348002,1.799613,1.141164,-0.390791,-0.577972,-0.492595,-0.535278,-0.719193,-1.067284,6.750299014
31:15.7,4.45,-1.009334,1.494183,2.247843,1.472858,1.1543,-0.380939,-0.587824,-0.486028,-0.509007,-0.768453,-0.909654,6.750299014
31:16.7,4.46,-1.029199,1.563146,2.264262,1.905522,1.155942,-0.390791,-0.594392,-0.459756,-0.497513,-0.89817,-0.853827,6.756681639
31:17.7,4.48,-4.501503,1.618972,2.298744,1.707662,1.201917,-0.387507,-0.56812,-0.423632,-0.476168,-0.820997,-0.847259,7.872332914
31:18.7,4.50,-4.453828,1.628824,2.27904,1.704378,1.167436,-0.394075,-0.56812,-0.423632,-0.476168,-0.820997,-0.870247,7.857014936
31:19.7,4.51,-5.400038,1.664947,2.30367,1.789761,1.223262,-0.33168,-0.573046,-0.433484,-0.472884,-0.829206,-0.848901,8.161032209
31:20.7,4.53,-6.026872,1.691219,2.302028,1.678106,1.192065,-0.354668,-0.725749,-0.417064,-0.463032,-0.824281,-0.850543,8.362433974
31:21.7,4.55,-6.930483,1.730626,2.331583,1.737218,1.274163,-0.374371,-0.456467,-0.403928,-0.472884,-0.820997,-0.860395,8.652764188
31:22.7,4.56,-6.928938,1.750329,2.321731,1.687958,1.279089,-0.390791,-0.702761,-0.46304,-0.522143,-0.807861,-0.847259,8.652267779
31:23.7,4.58,-6.928938,1.724058,2.348002,1.791403,1.280731,-0.390791,-0.60096,-0.423632,-0.466316,-0.817713,-0.853827,8.652267779
31:24.7,4.60,-7.1331,1.803693,2.341435,1.674001,1.279089,-0.397359,-0.528713,-0.403928,-0.490945,-0.863688,-0.843975,8.71786503
31:25.7,4.61,-9.140954,1.860341,2.439952,1.803718,1.328348,-0.400643,-0.581256,-0.407212,-0.486019,-0.843984,-0.863679,9.36298852
31:26.7,4.63,-9.231889,1.889896,2.338151,1.770058,1.348052,-0.403927,-0.607527,-0.417064,-0.410489,-0.886676,-0.863679,9.392205936
31:27.7,4.65,-10.105703,1.939155,2.566384,1.830811,1.377607,-0.407211,-0.607527,-0.426916,-0.482736,-0.830848,-0.801284,9.672962374
31:28.7,4.66,-11.45163,1.971994,2.558174,1.753638,1.407162,-0.400643,-0.620663,-0.417064,-0.472884,-0.788157,-0.771728,10.10540872
31:29.7,4.68,-11.364005,1.981846,2.610717,1.587797,1.462989,-0.413779,-0.620663,-0.420348,-0.489303,-0.804577,-1.073851,10.07725481
31:30.7,4.70,-11.820666,2.004833,2.595939,1.614069,1.425224,-0.426915,-0.607527,-0.41378,-0.476168,-0.827564,-0.796358,10.22397999
31:31.7,4.71,-12.480608,2.011401,2.604149,1.842305,1.418656,-0.390791,-0.605885,-0.417064,-0.489303,-0.834132,-0.847259,10.43601935
31:32.7,4.73,-12.425208,2.004833,2.605791,1.882534,1.447391,-0.328396,-0.609169,-0.41378,-0.479452,-0.847268,-0.850543,10.41821933
31:33.7,4.75,-13.359719,2.059018,2.632062,1.884997,1.492545,-0.433483,-0.615737,-0.420348,-0.482736,-0.893244,-0.862037,10.71847771
31:34.7,4.76,-13.334779,2.054092,2.63863,1.931793,1.510606,-0.380939,-0.761872,-0.315261,-0.484378,-0.90638,-0.865321,10.71046449
31:35.7,4.78,-14.134653,2.088573,2.640272,1.896491,1.50568,-0.433483,-0.614095,-0.420348,-0.476168,-0.896528,-0.847259,10.96746401
31:36.7,4.80,-14.946668,1.999907,2.668185,2.031133,1.515532,-0.423631,-0.679774,-0.407212,-0.449896,-0.863688,-0.847259,11.22836443
31:37.7,4.81,-15.055039,2.167387,2.70595,1.880071,1.5221,-0.430199,-0.622305,-0.420348,-0.518859,-0.90638,-0.850543,11.26318403
31:38.7,4.83,-15.148181,2.100067,2.673111,1.976948,1.531131,-0.423631,-0.614095,-0.41378,-0.433477,-0.935936,-0.827555,11.29311056
31:39.7,4.85,-15.798632,2.187091,2.783123,2.031133,1.563149,-0.436767,-0.655144,-0.407212,-0.523784,-0.93922,-0.835765,11.50210046
31:40.8,4.86,-16.961143,2.21993,2.945677,2.283999,1.612408,-0.443334,-0.653502,-0.410496,-0.486019,-0.87354,-1.01474,11.87561525
31:41.8,4.88,-18.091209,2.249486,2.932541,2.209289,1.586137,-0.44005,-0.646935,-0.400644,-0.486019,-1.0049,-0.878457,12.23870545
31:42.8,4.90,-19.215315,2.270831,2.988368,2.215036,1.673161,-0.430199,-0.669922,-0.400644,-0.486019,-0.942504,-0.903086,12.59988071
31:43.8,4.91,-20.470749,2.297924,2.991652,2.037701,1.701895,-0.525433,-0.653502,-0.377657,-0.486019,-0.960566,-0.967123,13.00325165
31:44.8,4.93,-20.294395,2.30367,2.993294,2.096813,1.687938,-0.407211,-0.696194,-0.394076,-0.489303,-0.965492,-0.880099,12.94658911
31:45.8,4.95,-20.327503,2.290535,2.991652,2.100097,1.69779,-0.458112,-0.343171,-0.387508,-0.471242,-0.945788,-0.901444,12.95722671
31:46.8,4.96,-20.280931,2.310238,2.99822,2.083677,1.679729,-0.436767,-0.678132,-0.377657,-0.489303,-0.965492,-0.891592,12.94226313
31:47.8,4.98,-21.847574,2.372633,3.024491,2.123906,1.72242,-0.469606,-0.766798,-0.344817,-0.492587,-1.008184,-0.92279,13.44562553
31:48.8,5.00,-22.317038,2.39562,3.040911,2.11077,1.73063,-0.495878,-0.740527,-0.42199,-0.474526,-1.044307,-0.926074,13.59646431
31:49.8,5.01,-22.848301,2.30285,3.039269,2.238024,1.745407,-0.48931,-0.725749,-0.341533,-0.551698,-0.958924,-0.916222,13.76715911
31:50.8,5.03,-22.788265,2.425997,3.055689,2.155103,1.738839,-0.499162,-0.719181,-0.41378,-0.489303,-1.055801,-0.942494,13.74786954
31:51.8,5.05,-22.752951,2.392337,3.072108,2.095171,1.770037,-0.492594,-0.75202,-0.41378,-0.46139,-1.018036,-0.978617,13.73652316
31:52.8,5.06,-24.038622,2.415324,3.054047,1.653477,1.788098,-0.502446,-0.771724,-0.41378,-0.472884,-0.942504,-0.955629,14.14960925
31:53.8,5.08,-24.276775,2.433386,3.091812,2.341469,1.802876,-0.50573,-0.775008,-0.417064,-0.472884,-1.024604,-0.837407,14.22612781
31:54.8,5.10,-26.01359,2.50399,3.093454,2.246234,1.765111,-0.50573,-0.775008,-0.433484,-0.512291,-1.050875,-0.820987,14.78416647
31:55.8,5.11,-27.061548,2.525336,3.124651,2.155924,1.865271,-0.515582,-0.804563,-0.440052,-0.499155,-1.050875,-0.995037,15.12087537
31:56.8,5.13,-27.01873,2.560638,3.145997,2.256086,1.860345,-0.581261,-0.842328,-0.449904,-0.520501,-1.100135,-0.945778,15.10711795
31:57.8,5.15,-28.710297,2.582804,3.1657,2.312734,1.916172,-0.545137,-0.791428,-0.482744,-0.54513,-1.121481,-0.986827,15.65061843
31:58.8,5.17,-29.249949,2.60415,3.188688,2.361173,1.932591,-0.620668,-0.740527,-0.499163,-0.531994,-1.142827,-0.981901,15.82400861
31:59.8,5.18,-30.617725,2.664902,3.236305,2.424389,1.99006,-0.581261,-0.937562,-0.482744,-0.518859,-1.185519,-1.054148,16.26347504
32:00.8,5.20,-31.507431,2.750284,3.26586,2.435062,2.036035,-0.594397,-0.888304,-0.440052,-0.492587,-1.213433,-1.080419,16.54933758
32:01.8,5.22,-31.603222,2.742075,3.345495,2.44163,2.04835,-0.6141,-0.965476,-0.558275,-0.587821,-1.234779,-1.082061,16.58011523
32:02.8,5.23,-32.348141,2.733865,3.370946,2.517982,2.057381,-0.633804,-0.97697,-0.535287,-0.548414,-1.155963,-1.100123,16.8194577
32:03.8,5.25,-32.524269,2.789692,3.57537,2.610755,2.052455,-0.63052,-1.006525,-0.554991,-0.614092,-1.106703,-1.205209,16.87604763
32:04.8,5.27,-32.465782,2.776556,3.43334,2.471186,2.055739,-0.627236,-0.990105,-0.551707,-0.584537,-1.210149,-1.034444,16.85725576
32:05.8,5.28,-32.452538,2.786408,3.487525,2.52455,2.08201,-0.653508,-0.991747,-0.554991,-0.597673,-1.28568,-1.123111,16.85300046
32:06.8,5.30,-32.931271,2.791334,3.495735,2.650984,2.133732,-0.676495,-1.011451,-0.568127,-0.591105,-1.27747,-1.149382,17.00681737
32:07.8,5.32,-33.07275,2.802827,3.490809,2.589409,2.052455,-0.650224,-0.998315,-0.571411,-0.584537,-1.287322,-1.126395,17.05227458
32:08.8,5.33,-33.811928,2.838951,3.518723,2.615681,2.159183,-0.692915,-1.054142,-0.617386,-0.600956,-1.323446,-1.162518,17.28977247
32:09.8,5.35,-34.139248,2.861938,3.5335,2.551643,2.149331,-0.706051,-1.123105,-0.643658,-0.62066,-1.323446,-1.17237,17.39494038
32:10.8,5.37,-34.470764,2.878358,3.54992,2.627175,2.183812,-0.692915,-1.251178,-0.62067,-0.643647,-1.366138,-1.149382,17.50145647
32:11.8,5.38,-34.591057,2.894777,3.54992,2.564779,2.180528,-0.738891,-1.047574,-0.696202,-0.656783,-1.362854,-1.178938,17.54010661
32:12.8,5.40,-35.530422,2.929259,3.615598,2.70599,2.234713,-0.748743,-1.182215,-0.709337,-0.627228,-1.421966,-1.18879,17.84192459
32:13.8,5.42,-35.008209,3.034344,3.630376,2.649342,2.239639,-0.761878,-1.149376,-0.710979,-0.722461,-1.444953,-1.192074,17.67413755
32:14.8,5.43,-34.870701,2.978518,3.673067,2.73062,2.259343,-0.765162,-1.177289,-0.729041,-0.692906,-1.40883,-1.231481,17.62995623
32:15.8,5.45,-35.590679,3.040091,3.829054,2.733904,2.311886,-0.78815,-1.205203,-0.722473,-0.702758,-1.412114,-1.251185,17.86128516
32:16.8,5.47,-36.036526,3.034344,3.937424,2.912881,2.333231,-0.78815,-1.208487,-0.748745,-0.666635,-1.398978,-1.249543,18.0045358
32:17.8,5.48,-36.063011,3.05569,3.878313,2.505668,2.325021,-0.78815,-1.226548,-0.742177,-0.702758,-1.456447,-1.157592,18.01304543
32:18.8,5.50,-36.379517,3.13122,4.008028,2.661657,2.439959,-0.866965,-1.316856,-0.798005,-0.742165,-1.458089,-1.392394,18.11473881
32:19.9,5.52,-37.659229,3.144356,3.973547,2.781522,2.392342,-0.880101,-1.339844,-0.81114,-0.768436,-1.507349,-1.26432,18.52591028
32:20.9,5.53,-37.645542,3.175553,3.999818,2.878399,2.405478,-0.875175,-1.323424,-0.814424,-0.783214,-1.510633,-1.293876,18.52151264
32:21.9,5.55,-38.073513,3.175553,3.998176,2.940795,2.410403,-0.814422,-1.408806,-0.814424,-0.758584,-1.520485,-1.274172,18.65901973
32:22.9,5.57,-38.44873,3.21496,4.029374,2.932585,2.441601,-0.909656,-1.198635,-0.853832,-0.775004,-1.576313,-1.323432,18.77957695
32:23.9,5.58,-39.014202,3.251084,4.057287,3.016326,2.495786,-0.926076,-1.477769,-0.820992,-0.801275,-1.615721,-1.336567,18.9612631
32:24.9,5.60,-40.133896,3.285565,4.067139,3.022894,2.508922,-0.97862,-1.533596,-0.945783,-0.9392,-1.615721,-1.398962,19.32102078
32:25.9,5.62,-39.764198,3.262578,4.076991,3.096784,2.517131,-0.972052,-1.372683,-0.889956,-0.850534,-1.605869,-1.428518,19.20223682
32:26.9,5.63,-40.044506,3.374231,4.133639,2.973634,2.548329,-0.998323,-1.435078,-0.968771,-0.85546,-1.740512,-1.431802,19.29229978
32:27.9,5.65,-40.956947,3.333182,4.134459,3.131265,2.592662,-1.018027,-1.533596,-0.962203,-0.912928,-1.619004,-1.454789,19.58546707
32:28.9,5.67,-41.485783,3.410354,4.090127,3.201871,2.595946,-1.041015,-1.573003,-0.972055,-0.906361,-1.809475,-1.428518,19.75538208
32:29.9,5.68,-41.268597,3.392293,4.191928,3.3907,2.617291,-1.031163,-1.550015,-0.991759,-0.945767,-1.707672,-1.484345,19.68560022
32:30.9,5.70,-42.849586,3.461255,4.232977,3.075438,2.663266,-1.057435,-1.574645,-1.064006,-0.965471,-1.843957,-1.543456,20.19357198
32:31.9,5.72,-43.252171,3.492453,4.269101,3.386595,2.748649,-1.054151,-1.655101,-1.08371,-0.985174,-1.819327,-1.54674,20.32292254
32:32.9,5.73,-43.700005,3.525292,4.27649,3.226501,2.717452,-1.100126,-1.671521,-1.121475,-1.001594,-1.881723,-1.561518,20.46681161
32:33.9,5.75,-45.62178,3.62381,4.459569,3.433392,2.808581,-1.106694,-1.727347,-1.192081,-1.050853,-1.944119,-1.664962,21.08427791
32:34.9,5.77,-45.981766,3.650081,4.556445,3.462126,2.834031,-1.123114,-1.738841,-1.201933,-1.044285,-1.980242,-1.683024,21.19994142
32:35.9,5.78,-45.981766,3.735463,4.623766,3.520417,2.880006,-1.188793,-1.898112,-1.254476,-1.155938,-2.075478,-1.750345,21.19994142
32:36.9,5.80,-46.86441,3.735463,4.620482,3.505639,2.880006,-1.218348,-1.868556,-1.261044,-1.152654,-2.06891,-1.743777,21.48353493
32:37.9,5.82,-46.684967,3.783081,4.656605,3.554899,2.909562,-1.241336,-1.907964,-1.297168,-1.24132,-2.078762,-1.743777,21.4258799
32:38.9,5.83,-48.770073,3.819204,4.686161,3.643566,2.945685,-1.254472,-1.930951,-1.30702,-1.106679,-2.11817,-1.806172,22.09582445
32:39.9,5.85,-48.78751,3.906228,4.792888,3.640282,2.976882,-1.323435,-1.993346,-1.395687,-1.218332,-2.302073,-1.855431,22.10142696
32:40.9,5.87,-49.755569,3.89966,4.71079,3.623863,3.009722,-1.343139,-2.019617,-1.397329,-1.195345,-2.136232,-1.756913,22.41246432
32:41.9,5.88,-50.004536,3.948098,4.816697,3.916137,3.024499,-1.352991,-2.045889,-1.425242,-1.175641,-2.246245,-1.871851,22.49245742
32:42.9,5.90,-49.813396,3.934141,4.797814,3.696931,3.01629,-1.339855,-2.045889,-1.444946,-1.188777,-2.160861,-1.870209,22.43104413
32:43.9,5.92,-50.375782,4.003104,4.865135,3.563109,3.067191,-1.36941,-2.085296,-1.500774,-1.267591,-2.239677,-1.947381,22.61173876
32:44.9,5.93,-51.777107,4.035944,4.891407,3.929273,3.119734,-1.339855,-2.118135,-1.536897,-1.287295,-2.265949,-2.006492,23.06198448
32:45.9,5.95,-53.465805,4.126252,4.942307,3.838963,3.154215,-1.476139,-2.236356,-1.599293,-1.362824,-2.385814,-2.034406,23.60456315
32:46.9,5.97,-54.355732,4.180437,4.989924,3.989206,3.228104,-1.505695,-2.154258,-1.658404,-1.389096,-2.433432,-2.042616,23.89049669
32:47.9,5.98,-54.477787,4.226411,5.024406,4.008089,3.219894,-1.490917,-2.379207,-1.681392,-1.403873,-2.449852,-2.101727,23.92971296
32:48.9,6.00,-56.290749,4.28388,5.101578,4.103324,3.277363,-1.517188,-2.223221,-1.724083,-1.408799,-2.512247,-2.196961,24.51221765
32:49.9,6.02,-55.901184,4.334781,5.104862,4.060632,3.290498,-1.536892,-2.372639,-1.756923,-1.4597,-2.502395,-2.150986,24.38705042
32:50.9,6.03,-57.944576,4.420164,5.254282,4.226473,3.40051,-1.618991,-2.449812,-1.842306,-1.433429,-2.581211,-2.201887,25.04359227
32:51.9,6.05,-59.765263,4.485022,5.418478,4.254387,3.453053,-1.648547,-2.485935,-1.868578,-1.586131,-2.604199,-2.264282,25.628579
32:52.9,6.07,-59.88467,4.563015,5.54491,4.380821,3.454695,-1.658398,-2.489219,-1.914553,-1.540156,-2.725706,-2.302047,25.66694447
32:53.9,6.08,-60.845886,4.555626,5.489904,3.962113,3.474399,-1.661682,-2.484293,-1.934257,-1.632105,-2.641964,-2.147702,25.97578317
32:54.9,6.10,-61.143631,4.623768,5.55312,5.040903,3.507238,-1.674818,-2.508922,-1.944109,-1.605834,-2.666594,-2.29548,26.07144864
32:55.9,6.12,-62.109264,4.691088,5.574465,4.45389,3.5253,-1.710942,-2.576243,-1.999936,-1.645241,-2.77825,-2.356233,26.38170652
32:57.0,6.13,-63.592918,4.738706,5.605663,4.710862,3.599189,-1.730645,-2.692822,-2.088603,-1.681364,-2.784818,-2.420269,26.85840455
32:58.0,6.15,-63.213287,4.745273,5.607305,4.490835,3.602473,-1.753633,-2.71581,-2.082036,-1.668228,-2.783176,-2.430121,26.73642911
32:59.0,6.17,-63.612343,4.778113,5.627008,4.480162,3.597547,-1.773337,-2.719094,-2.091887,-1.668228,-2.804522,-2.40385,26.86464581
33:00.0,6.18,-64.781471,4.804384,5.651638,4.551588,3.638596,-1.819312,-2.663267,-2.114875,-1.701068,-2.850497,-2.476097,27.24028663
33:01.0,6.20,-64.829147,4.858569,5.677909,4.53681,3.64188,-1.835732,-2.758501,-2.180554,-1.710919,-2.870201,-2.482665,27.25560493
33:02.0,6.22,-65.1408,4.866779,5.68612,4.601669,3.659942,-1.839016,-2.794624,-2.101739,-1.68629,-2.901399,-2.492516,27.35573904
33:03.0,6.23,-65.972679,4.934921,5.707465,4.577039,3.676361,-1.901411,-2.850451,-2.187122,-1.825856,-2.939165,-2.505652,27.62302176
33:04.0,6.25,-66.513435,4.945593,5.720601,4.658318,3.707559,-1.909621,-2.873438,-2.233098,-1.768388,-2.947375,-2.499084,27.79676667
33:05.0,6.27,-66.373276,4.978433,5.738662,4.636972,3.702633,-1.911263,-2.847167,-2.233098,-1.855411,-2.837361,-2.584467,27.75173358
33:06.0,6.28,-66.567284,4.957088,5.74523,4.70922,3.712485,-1.907979,-2.873438,-2.269222,-1.733907,-3.008128,-2.568047,27.81406835
33:07.0,6.30,-67.197876,4.989927,5.740304,3.955545,3.728904,-1.947386,-2.909561,-2.275789,-1.842276,-2.975288,-2.52864,28.01667756
33:08.0,6.32,-67.267395,5.007988,5.799416,4.661602,3.781447,-1.95067,-2.916129,-2.279073,-1.835708,-2.952301,-2.492516,28.03901401
33:09.0,6.33,-67.223915,5.019482,5.755082,4.522853,3.697707,-1.95067,-2.934191,-2.275789,-1.838992,-2.991708,-2.589393,28.02504389
33:10.0,6.35,-68.18116,5.090087,5.815835,4.765048,3.814287,-1.940819,-2.952252,-2.338185,-1.858695,-3.024548,-2.614022,28.33260671
33:11.0,6.37,-69.399513,5.122926,5.833897,4.697726,3.799509,-2.003214,-3.06719,-2.379234,-1.875115,-3.031116,-2.614022,28.72406353
33:12.0,6.38,-70.846085,5.191889,5.891366,4.817591,3.85862,-2.022917,-2.952252,-2.436704,-1.911238,-3.111573,-2.742096,29.18884711
33:13.0,6.40,-70.584984,5.208309,5.911069,4.829085,3.85862,-2.013066,-2.98345,-2.40058,-1.926015,-3.119783,-2.738812,29.10495536
33:14.0,6.42,-70.905899,5.244432,5.991526,4.851252,3.876682,-2.042621,-3.040918,-2.502383,-1.970348,-3.150981,-2.788071,29.20806535
33:15.0,6.44,-72.151627,5.254284,6.117958,4.925142,3.911984,-2.049189,-3.004795,-2.459692,-1.878399,-3.149339,-2.802849,29.60831776
33:16.0,6.45,-72.668098,5.449678,6.160649,4.863567,3.921015,-2.049189,-3.060622,-2.502383,-1.907954,-3.244575,-2.807775,29.77425989
33:17.0,6.47,-73.401314,5.356086,6.154081,4.942383,3.96699,-2.088596,-3.106597,-2.568062,-2.006471,-3.188747,-2.811059,30.00984219
33:18.0,6.49,-74.107826,5.480875,6.273945,5.026946,4.001472,-2.105016,-3.119733,-2.600902,-2.068866,-3.224871,-2.873454,30.23684449
33:19.0,6.50,-74.85186,5.47595,6.347834,5.317579,4.011323,-2.095164,-3.106597,-2.600902,-2.029459,-3.205167,-2.847182,30.47590262
33:20.0,6.52,-74.894463,5.513715,6.406945,4.604132,4.045805,-2.118152,-3.106597,-2.62389,-2.065582,-3.231439,-3.067207,30.48959096
33:21.0,6.54,-76.330658,5.5679,6.421722,5.258467,4.086854,-2.118152,-3.152572,-2.653445,-2.088569,-3.313538,-2.942417,30.95104042
33:22.0,6.55,-76.123627,5.585962,6.423364,4.907901,4.057299,-2.147708,-3.165708,-2.656729,-2.078717,-3.316822,-3.034367,30.88452136
33:23.0,6.57,-77.095222,5.613875,6.456204,5.195251,4.114768,-2.12472,-3.165708,-2.679717,-2.078717,-3.326674,-2.968688,31.19669483
33:24.0,6.59,-77.658043,5.646715,6.475907,5.118076,4.095064,-2.09188,-3.392298,-2.689569,-2.075433,-3.333242,-2.99496,31.37752922
33:25.0,6.60,-77.90834,5.666418,6.490685,5.159126,4.119693,-2.095164,-3.267509,-2.673149,-2.082001,-3.316822,-2.981824,31.45794964
33:26.0,6.62,-78.101578,5.687764,6.492327,5.119719,4.129545,-2.134572,-3.241238,-2.725693,-2.104989,-3.336526,-3.008096,31.52003701
33:27.0,6.64,-78.956299,5.69269,6.535018,5.222343,4.145965,-2.154275,-3.25109,-2.725693,-2.100063,-3.359514,-2.991676,31.79465887
33:28.0,6.65,-79.495506,5.789566,6.556364,5.164052,4.188656,-2.173979,-3.22646,-2.722409,-2.142754,-3.413699,-3.052429,31.96790608
33:29.0,6.67,-79.760811,5.802702,6.564574,5.245331,4.193582,-2.167411,-3.254374,-2.75689,-2.114841,-3.39728,-3.063923,32.05314857
33:30.0,6.69,-80.858429,5.807628,6.572784,5.175547,4.234632,-2.190399,-3.282287,-2.751964,-2.216642,-3.387428,-3.068849,32.40581324
33:31.0,6.70,-80.931488,5.870023,6.620401,5.702628,4.231348,-2.196967,-3.264225,-2.771668,-2.141112,-3.454749,-3.313502,32.42928709
33:32.0,6.72,-80.752487,5.845393,6.600698,4.705936,4.231348,-2.187115,-3.293781,-2.771668,-2.177235,-3.461317,-3.031083,32.37177407
33:33.0,6.74,-81.189285,5.867559,6.649956,5.287202,4.260082,-2.190399,-3.279003,-2.774952,-2.177235,-3.39728,-3.191996,32.51211727
33:34.1,6.75,-81.700462,5.899578,6.664734,5.085237,4.272397,-2.223238,-3.300349,-2.807791,-2.203506,-3.441613,-3.10333,32.67635844
33:35.1,6.77,-83.272621,5.961973,6.750117,5.374228,4.310162,-2.183831,-3.280645,-2.899742,-2.249481,-3.474453,-3.165725,33.18149313
33:36.1,6.79,-83.18235,5.973467,6.764894,5.37587,4.320014,-2.192041,-3.346323,-2.909594,-2.249481,-3.474453,-3.165725,33.15248906
33:37.1,6.80,-83.526886,5.998096,6.791166,5.407068,4.318372,-2.256078,-3.306916,-2.92273,-2.256049,-3.494157,-3.201848,33.26318847
33:38.1,6.82,-84.183739,6.016158,6.817438,5.450581,4.364347,-2.188757,-3.412002,-2.845557,-2.246197,-3.500725,-3.233046,33.47423534
33:39.1,6.84,-84.497818,6.057208,6.824006,5.416099,4.359421,-2.238016,-3.280645,-2.932582,-2.272468,-3.504009,-3.218268,33.57514892
33:40.1,6.85,-84.497818,6.004664,6.840425,5.51544,4.365168,-2.226522,-3.347965,-2.926014,-2.218284,-3.481021,-3.216626,33.57514892
33:41.1,6.87,-84.958893,6.073627,6.879833,5.385722,4.362705,-2.229806,-3.336472,-2.945718,-2.292172,-3.56312,-3.19528,33.72329232
33:42.1,6.89,-84.845222,6.073627,6.869981,5.494094,4.375841,-2.226522,-3.339756,-2.929298,-2.28232,-3.382502,-3.216626,33.68676983
33:43.1,6.90,-85.63649,6.13438,6.82729,5.476032,4.41689,-2.252794,-3.306916,-2.935866,-2.308591,-3.664923,-3.19528,33.94100424
33:44.1,6.92,-86.73764,6.155725,6.948795,5.873395,4.453013,-2.252794,-3.339756,-2.949002,-2.347998,-3.57954,-3.247823,34.29480373
33:45.1,6.94,-86.73764,6.161473,6.979993,5.432519,4.448088,-2.259362,-3.333188,-2.958854,-2.354566,-3.576256,-3.347984,34.29480373
33:46.1,6.95,-87.340195,6.191849,7.083437,5.763381,4.513766,-2.252794,-3.346323,-2.98841,-2.339788,-3.57133,-3.318428,34.48840465
33:47.1,6.97,-88.636238,6.229614,7.158968,5.655009,4.512125,-2.26593,-3.382447,-2.991693,-2.351282,-3.59596,-3.326638,34.90482327
33:48.1,6.99,-89.084732,6.262454,7.209869,5.650084,4.561384,-2.292202,-3.198547,-3.008113,-2.354566,-3.602528,-3.30365,35.04892439
33:49.1,7.00,-88.934868,6.265738,7.211511,5.652546,4.540038,-2.242942,-3.430064,-2.98841,-2.347998,-3.592676,-3.31186,35.00077309
33:50.1,7.02,-89.455536,6.314997,7.249277,5.714942,4.561384,-2.259362,-3.384089,-3.027817,-2.359492,-3.62059,-3.313502,35.16806372
33:51.1,7.04,-90.444786,6.337985,7.270622,5.692775,4.581088,-2.24951,-3.395582,-2.870187,-2.397257,-3.625516,-3.313502,35.48590974
33:52.1,7.05,-90.848038,6.37575,7.305104,5.742035,4.600791,-2.272498,-3.320052,-3.024533,-2.390689,-3.635368,-3.326638,35.61547461
33:53.1,7.07,-91.247528,6.320744,7.313313,5.823314,4.627063,-2.272498,-3.374237,-2.981842,-2.339788,-3.574614,-3.343058,35.74383075
33:54.1,7.09,-91.236275,6.415157,7.369141,5.786369,4.618853,-2.272498,-3.362743,-3.014681,-2.43338,-3.648504,-3.366045,35.74021516
33:55.1,7.10,-91.903061,6.388885,7.370783,5.748603,4.640198,-2.269214,-3.372595,-3.017965,-2.351282,-3.643578,-3.375897,35.9544535
33:56.1,7.12,-92.268341,6.441429,7.364215,5.801147,4.648408,-2.279066,-3.357817,-3.017965,-2.393973,-3.791357,-3.121392,36.07181796
33:57.1,7.14,-92.576019,6.439787,7.392128,5.71248,4.659902,-2.26593,-3.377521,-3.021249,-2.397257,-3.56312,-3.441576,36.1706749
33:58.1,7.15,-92.570061,6.451281,7.385561,5.716584,4.618853,-2.275782,-3.380805,-3.017965,-2.403825,-3.661639,-3.359478,36.1687606
33:59.1,7.17,-92.642677,6.457849,7.413474,5.991619,4.689457,-2.236374,-3.389014,-3.021249,-2.423528,-3.622232,-3.333206,36.19209212
34:00.1,7.19,-92.841324,6.470984,7.4184,5.783085,4.645124,-2.252794,-3.389014,-3.014681,-2.413676,-3.651788,-3.382465,36.2559174
34:01.1,7.20,-93.211243,6.49233,7.449597,5.911161,4.725581,-2.302053,-3.182127,-3.060657,-2.430096,-3.64522,-3.41202,36.37477238
34:02.1,7.22,-94.153481,6.513676,7.464375,5.914445,4.704235,-2.295485,-3.339756,-3.086928,-2.430096,-3.651788,-3.41202,36.67751345
34:03.1,7.24,-94.153481,6.518601,7.485721,5.948927,4.717371,-2.270856,-3.366027,-3.067225,-2.410393,-3.678059,-3.421872,36.67751345
34:04.1,7.25,-94.676353,6.564577,7.493931,5.940717,4.725581,-2.275782,-3.443199,-3.031101,-2.408751,-3.671491,-3.425156,36.84551222
34:05.1,7.27,-94.590279,6.558009,7.505424,5.971915,4.730507,-2.275782,-3.352891,-3.073792,-2.50891,-3.615664,-3.42844,36.81785664
34:06.1,7.29,-94.623161,6.562935,7.516918,5.924297,4.728865,-2.275782,-3.366027,-3.077076,-2.476071,-3.638652,-3.448144,36.82842163
34:07.1,7.30,-95.723213,6.590848,7.588344,5.964526,4.776482,-2.288918,-3.379163,-3.132904,-2.459651,-3.597602,-3.408736,37.18186834
34:08.1,7.32,-95.751244,6.620404,7.550579,5.939896,4.77484,-2.285634,-3.377521,-3.124694,-2.476071,-3.669849,-3.471132,37.1908747
34:09.1,7.34,-95.918762,6.638465,7.630215,6.502281,4.801112,-2.298769,-3.359459,-3.126336,-2.49249,-3.737171,-3.277379,37.24469823
34:10.1,7.35,-96.212982,6.635181,7.585881,6.011323,4.76663,-2.288918,-3.359459,-3.123052,-2.482639,-3.714183,-3.343058,37.33923112
34:11.2,7.37,-96.912209,6.663095,7.625289,6.080287,4.837235,-2.28235,-3.362743,-3.12962,-2.512194,-3.694479,-3.533526,37.56389275
34:12.2,7.39,-97.163605,6.671305,7.666338,6.159103,4.835593,-2.259362,-3.395582,-3.136188,-2.499058,-3.701047,-3.457996,37.64466629
34:13.2,7.40,-97.546104,6.702503,7.725449,6.053194,4.833951,-2.341461,-3.398866,-3.139472,-2.502342,-3.707615,-3.487551,37.76756322
34:14.2,7.42,-97.743423,6.707428,7.782918,6.096707,4.847087,-2.256078,-3.434989,-3.123052,-2.505626,-3.694479,-3.471132,37.83096181
34:15.2,7.44,-98.228996,6.738626,7.810832,6.077003,4.847087,-2.295485,-3.33483,-3.172311,-2.528613,-3.701047,-3.464564,37.98697641
34:16.2,7.45,-98.302277,6.727132,7.832178,6.139399,4.863507,-2.288918,-3.244522,-3.123052,-2.449799,-3.704331,-3.500687,38.0105216
34:17.2,7.47,-98.463181,6.781317,7.838746,6.093423,4.865149,-2.292202,-3.385731,-3.139472,-2.56802,-3.724035,-3.500687,38.06222006
34:18.2,7.49,-98.807716,6.768181,7.828894,6.183733,4.88321,-2.295485,-3.366027,-3.1132,-2.505626,-3.618948,-3.513823,38.17291915
34:19.2,7.50,-99.438301,6.804305,7.899498,6.136115,4.896346,-2.311905,-3.398866,-3.172311,-2.591007,-3.707615,-3.602489,38.37552611
34:20.2,7.52,-99.309624,6.768181,7.892931,6.131189,4.906198,-2.305337,-3.382447,-3.185447,-2.499058,-3.720751,-3.56965,38.33418219
34:21.2,7.54,-99.500984,6.807589,7.876511,5.862722,4.906198,-2.315189,-3.41857,-3.185447,-2.554884,-3.714183,-3.579502,38.39566616
34:22.2,7.55,-99.702278,6.815799,7.914277,6.303599,4.934112,-2.308621,-3.352891,-3.185447,-2.548317,-3.707615,-3.484267,38.46034192
34:23.2,7.57,-99.702278,6.824008,7.904425,6.012965,4.884031,-2.311905,-3.415286,-3.185447,-2.548317,-3.740455,-3.540094,38.46034192
34:24.2,7.59,-100.232658,6.837144,7.930696,6.220678,4.946426,-2.256078,-3.412002,-3.201867,-2.554884,-3.737171,-3.556514,38.63075302
34:25.2,7.60,-100.478539,6.846996,7.94219,6.154998,4.919334,-2.315189,-3.405434,-3.192015,-2.561452,-3.745381,-3.56965,38.70975458
34:26.2,7.62,-100.617371,6.863416,7.956968,6.207542,4.943964,-2.318473,-3.346323,-3.198583,-2.56802,-3.756875,-3.586069,38.7543613
34:27.2,7.64,-100.636566,6.856848,7.956968,6.188659,4.943964,-2.325041,-3.415286,-3.195299,-2.56802,-3.753591,-3.566366,38.76052866
34:28.2,7.65,-100.852432,6.861774,7.979955,6.232993,4.958741,-2.318473,-3.280645,-3.215003,-2.548317,-3.770011,-3.589353,38.8298864
34:29.2,7.67,-101.355438,6.886404,7.989807,6.256802,4.973519,-2.315189,-3.471113,-3.175595,-2.553243,-3.776579,-3.622193,38.99150223
34:30.2,7.69,-101.883171,6.976712,8.024289,6.206721,4.998148,-2.325041,-3.431705,-3.244559,-2.636982,-3.838974,-3.618909,39.16106284
34:31.2,7.71,-101.883171,6.907749,7.976671,6.283895,5.012926,-2.318473,-3.464545,-3.211719,-2.535181,-3.609096,-3.622193,39.16106284
34:32.2,7.72,-102.803558,6.96686,8.114597,6.377489,5.01621,-2.334893,-3.448125,-3.251126,-2.604143,-3.806134,-3.691156,39.45678319
34:33.2,7.74,-103.213867,6.952083,8.06698,6.211647,5.030988,-2.331609,-3.479322,-3.25441,-2.65176,-3.724035,-3.587711,39.58861547
34:34.2,7.76,-103.290901,6.984922,8.12527,6.359427,5.055617,-2.341461,-3.464545,-3.25441,-2.622205,-3.845542,-3.663242,39.61336649
34:35.2,7.77,-103.635658,6.99149,8.11624,6.457126,5.062185,-2.331609,-3.490816,-3.251126,-2.617279,-3.815986,-3.572934,39.72413692
34:36.2,7.79,-104.020149,7.006268,8.127733,6.412792,5.070395,-2.338177,-3.495742,-3.27083,-2.633698,-3.80285,-3.709217,39.84767387
34:37.2,7.81,-104.24572,7.017761,8.140869,6.485861,5.081889,-2.229806,-3.563063,-3.28725,-2.640266,-3.812702,-3.691156,39.92014984
34:38.2,7.82,-104.679207,7.044033,8.155647,6.359427,5.093383,-2.367733,-3.51052,-3.28725,-2.65997,-3.81927,-3.704291,40.05942921
34:39.2,7.84,-104.891975,7.057169,8.180277,6.407045,5.099951,-2.285634,-3.574556,-3.246201,-2.653402,-3.812702,-3.697723,40.12779157
34:40.2,7.86,-105.157494,7.081799,8.178635,6.360248,5.096667,-2.351313,-3.51052,-3.326658,-2.682957,-3.815986,-3.687872,40.21310282
34:41.2,7.87,-105.565376,7.065379,8.213116,6.447274,5.13279,-2.43998,-3.535149,-3.297102,-2.686241,-3.83569,-3.701007,40.34415531
34:42.2,7.89,-106.212738,7.157329,8.236104,6.388983,5.134432,-2.449831,-3.444841,-3.293818,-2.788042,-3.87674,-3.702649,40.55215272
34:43.2,7.91,-106.410278,7.135983,8.24924,6.451379,5.144284,-2.449831,-3.482606,-3.323374,-2.743709,-3.878382,-3.719069,40.61562232
34:44.2,7.92,-106.524834,7.142551,8.242672,6.463694,5.145926,-2.449831,-3.490816,-3.310238,-2.755203,-3.903012,-3.76176,40.65242916
34:45.2,7.94,-106.898949,7.14994,8.321486,6.60819,5.183692,-2.449831,-3.507236,-3.341435,-2.748635,-3.850468,-3.751909,40.77263231
34:46.2,7.96,-107.425133,7.165539,8.288647,5.975199,5.190259,-2.449831,-3.546643,-3.349645,-2.77819,-3.88495,-3.766686,40.94169523
34:47.3,7.97,-108.033424,7.195095,8.34119,6.584381,5.216531,-2.446547,-3.513804,-3.362781,-2.781474,-3.907938,-3.797884,41.13713913
34:48.3,7.99,-108.592941,7.222187,8.352684,6.415255,5.247728,-2.461325,-3.507236,-3.359497,-2.784758,-3.896444,-3.743699,41.31691194
34:49.3,8.01,-108.70153,7.242712,8.370746,6.510491,5.237876,-2.446547,-3.497384,-3.369349,-2.79461,-3.921074,-3.792958,41.35180159
34:50.3,8.02,-109.427689,7.252564,8.39045,6.563856,5.256759,-2.366091,-3.549927,-3.372633,-2.807746,-3.93421,-3.820871,41.58511648
34:51.3,8.04,-109.650169,7.278835,8.413437,6.569603,5.260864,-2.462967,-3.457977,-3.400547,-2.81103,-3.940778,-3.829081,41.6565993
34:52.3,8.06,-109.734039,7.282119,8.429857,6.615579,5.270716,-2.436696,-3.607396,-3.336509,-2.792968,-3.957197,-3.858637,41.68354673
34:53.3,8.07,-110.257584,7.305107,8.447919,6.590949,5.287136,-2.482671,-3.700987,-3.451448,-2.873424,-3.957197,-3.884908,41.85176174
34:54.3,8.09,-110.734108,7.285403,8.470906,6.655808,5.303555,-2.482671,-3.558137,-3.389053,-2.745351,-3.960481,-3.884908,42.0048689
34:55.3,8.11,-110.905602,7.375712,8.49882,6.620505,5.305198,-2.489239,-3.553211,-3.41204,-2.902979,-3.970333,-3.904612,42.05996992
34:56.3,8.12,-111.477478,7.344514,8.479116,6.638567,5.326543,-2.482671,-3.58605,-3.435028,-2.722364,-4.077063,-3.871772,42.24371368
34:57.3,8.14,-111.785599,7.395416,8.538227,6.735445,5.324901,-2.485955,-3.58605,-3.44488,-2.883276,-3.973617,-3.904612,42.34271296
34:58.3,8.16,-112.096809,7.385564,8.574351,6.901287,5.344605,-2.485955,-3.566346,-3.471152,-2.857004,-3.960481,-3.855353,42.44270473
34:59.3,8.17,-112.310905,7.405267,8.554647,6.483398,5.336395,-2.492523,-3.582766,-3.481004,-2.858646,-3.993321,-4.063883,42.51149378
35:00.3,8.19,-112.735336,7.421687,8.590771,6.929201,5.387296,-2.502375,-3.618889,-3.490855,-2.909547,-4.003173,-3.904612,42.64786346
35:01.3,8.21,-113.072372,7.428255,8.602264,6.679617,5.395506,-2.558202,-3.655012,-3.507275,-2.896411,-4.045865,-3.983426,42.75615312
35:02.3,8.22,-113.505638,7.446317,8.62361,6.778137,5.439839,-2.485955,-3.563063,-3.536831,-2.899695,-4.081988,-3.957155,42.89536149
35:03.3,8.24,-113.835831,7.462737,8.63182,6.756791,5.407,-2.512226,-3.632025,-3.523695,-2.912831,-4.072136,-3.950587,43.0014525
35:04.3,8.26,-113.95237,7.485724,8.649882,6.776495,5.411926,-2.518794,-3.691136,-3.533547,-2.909547,-4.072136,-3.957155,43.03889648
35:05.3,8.27,-114.341713,7.508712,8.661376,6.778137,5.426703,-2.502375,-3.786369,-3.464584,-2.968657,-4.059,-3.976858,43.16399239
35:06.3,8.29,-114.833908,7.507891,8.704067,6.825755,5.451333,-2.617313,-3.628741,-3.58609,-3.031052,-4.131248,-4.01955,43.32213464
35:07.3,8.31,-115.194778,7.5317,8.704067,6.832323,5.454617,-2.614029,-3.668148,-3.533547,-2.988361,-4.134532,-4.009698,43.43808217
35:08.3,8.32,-115.621422,7.597379,8.768105,6.818366,5.471037,-2.620597,-3.697703,-3.579523,-3.02941,-4.155878,-4.042537,43.57516289
35:09.3,8.34,-116.214928,7.566181,8.659734,6.746939,5.502234,-2.617313,-3.687852,-3.609078,-3.001496,-4.282311,-3.944019,43.76585637
35:10.3,8.36,-116.819023,7.620366,8.800943,7.153335,5.510444,-2.623881,-3.69442,-3.65177,-3.001496,-4.206779,-4.145981,43.95995209
35:11.3,8.37,-117.261559,7.612156,8.80587,6.620505,5.52358,-2.617313,-3.743678,-3.66819,-3.0212,-4.134532,-4.068809,44.10213891
35:12.3,8.39,-117.710274,7.638428,8.832141,6.775674,5.511265,-2.614029,-3.746962,-3.681325,-3.024484,-4.211705,-4.065525,44.24631104
35:13.3,8.41,-118.172234,7.65649,8.855129,6.871731,5.605679,-2.653436,-3.763382,-3.691177,-3.083594,-4.223199,-4.114784,44.39473878
35:14.3,8.42,-118.268913,7.677835,8.869906,6.893077,5.554778,-2.669856,-3.743678,-3.701029,-3.119717,-4.229767,-4.12792,44.42580175
35:15.3,8.44,-118.968582,7.695897,8.89782,6.983387,5.590901,-2.627165,-3.779802,-3.720733,-3.123001,-4.269175,-4.134488,44.6506054
35:16.3,8.46,-119.427887,7.723811,8.92245,6.966968,5.595827,-2.686276,-3.825777,-3.753572,-3.142704,-4.315151,-4.173895,44.79818009
35:17.4,8.47,-120.239243,7.750082,8.970068,7.044141,5.635234,-2.686276,-3.888171,-3.681325,-3.139421,-4.361126,-4.239573,45.05886878
35:18.4,8.49,-120.843338,7.799342,8.986487,7.009659,5.645086,-2.728967,-3.898023,-3.773276,-3.228086,-4.361126,-4.239573,45.2529645
35:19.4,8.51,-121.27462,7.78128,9.025895,7.086833,5.677926,-2.755239,-3.927578,-3.802832,-3.123001,-4.36441,-4.310178,45.39153541
35:20.4,8.52,-121.783813,7.819866,9.04724,7.086012,5.68942,-2.788078,-3.94564,-3.799548,-3.274061,-4.367694,-4.323314,45.55513912
35:21.4,8.54,-122.072289,7.855169,9.137549,7.115569,5.707481,-2.791362,-3.952208,-3.852091,-3.262567,-4.38904,-4.306894,45.64782646
35:22.4,8.56,-122.634453,7.869946,9.077617,6.926738,5.732111,-2.801214,-3.963701,-3.871795,-3.313468,-4.453077,-4.255993,45.82844975
35:23.4,8.57,-123.105461,7.90607,9.126056,8.016208,5.743605,-2.817634,-3.993257,-3.891499,-3.333171,-4.548313,-4.298685,45.97978462
35:24.4,8.59,-123.460815,7.90607,9.14576,7.027721,5.738679,-2.817634,-3.996541,-3.893141,-3.336455,-4.472781,-4.366005,46.09395986
35:25.4,8.61,-124.126709,7.9307,9.162179,7.400456,5.778086,-2.784795,-3.989973,-3.93419,-3.343023,-4.522041,-4.507215,46.3079116
35:26.4,8.62,-124.037987,7.940552,9.176957,7.172218,5.804358,-2.896449,-4.035948,-3.947326,-3.356159,-4.502337,-4.43661,46.27940522
35:27.4,8.64,-125.230957,7.984885,9.282043,7.246108,5.845407,-2.853757,-3.966985,-4.013005,-3.392282,-4.548313,-4.512141,46.66270648
35:28.4,8.66,-126.316879,8.016083,9.390414,7.259244,5.851975,-2.876745,-4.216563,-4.026141,-3.408701,-4.571301,-4.521993,47.01161322
35:29.4,8.67,-127.080559,8.070268,9.444599,7.275664,5.871679,-2.916152,-4.091774,-4.10824,-3.454676,-4.640264,-4.587671,47.25698361
35:30.4,8.69,-127.472992,8.088329,9.456094,7.303578,5.886456,-2.909585,-4.137749,-3.944042,-3.467812,-4.643548,-4.584387,47.38307233
35:31.4,8.71,-128.210403,8.131021,9.488933,7.32164,5.907802,-2.975264,-4.229699,-4.157499,-3.500651,-4.68624,-4.574535,47.62000248
35:32.4,8.72,-128.100922,8.075193,9.494679,7.40374,5.912728,-2.968696,-4.223131,-4.10824,-3.454676,-4.63698,-4.605733,47.58482624
35:33.4,8.74,-127.818405,8.127737,9.592378,7.28059,5.902876,-2.978548,-4.219847,-4.144363,-3.599168,-4.761771,-4.577819,47.49405353
35:34.4,8.76,-128.683167,8.152367,9.525057,7.334776,5.920938,-2.985116,-4.269106,-4.170635,-3.454676,-4.610708,-4.581103,47.77190156
35:35.4,8.77,-129.901306,8.195058,9.572674,7.364332,5.945568,-2.998251,-4.27239,-4.203475,-3.503935,-4.817598,-4.34466,48.16328962
35:36.4,8.79,-130.775116,8.219687,9.589094,7.39553,5.94721,-2.994967,-4.311797,-4.239598,-3.530206,-4.617276,-4.617227,48.44404477
35:37.4,8.81,-131.393341,8.255811,9.646563,7.311788,5.976765,-3.008103,-4.321649,-4.285574,-3.540058,-4.699376,-4.620511,48.64268046
35:38.4,8.82,-131.808517,8.285367,9.684329,7.408666,6.021099,-3.031091,-4.374192,-4.315129,-3.586032,-4.742067,-4.699325,48.77607651
35:39.4,8.84,-131.788422,8.300144,9.690896,7.39553,5.996469,-3.146029,-4.331501,-4.308561,-3.60902,-4.751919,-4.656634,48.76961999
35:40.4,8.86,-132.727798,8.328058,9.730304,7.531816,6.027667,-3.06393,-4.43987,-4.341401,-3.648427,-4.814314,-4.699325,49.0714415
35:41.4,8.87,-133.580414,8.352688,9.763144,7.533458,6.042444,-3.152597,-4.536746,-4.40708,-3.681266,-4.84387,-4.773214,49.34538702
35:42.4,8.89,-133.784149,8.374034,9.792699,7.564656,6.068716,-3.165733,-4.338068,-4.380809,-3.66813,-4.899698,-4.810979,49.41084707
35:43.4,8.91,-134.287155,8.401947,9.802551,7.566298,6.083494,-3.178869,-4.561375,-4.466191,-3.664846,-4.935822,-4.824115,49.5724629
35:44.4,8.92,-134.38559,8.414262,9.818971,7.652503,6.08842,-3.206782,-4.508832,-4.45634,-3.758437,-4.829093,-4.850387,49.60409007
35:45.4,8.94,-134.803406,8.426577,9.828002,7.57615,6.094987,-3.224844,-4.54824,-4.505599,-3.725598,-4.916118,-4.850387,49.73833435
35:46.4,8.96,-135.07666,8.452848,9.924058,7.671387,6.106482,-3.247832,-4.581079,-4.559784,-3.766647,-5.034341,-4.914423,49.82613086
35:47.4,8.97,-135.561127,8.431502,9.875619,7.32164,6.124543,-3.251116,-4.587647,-4.584414,-3.806054,-4.975229,-4.640214,49.98179011
35:48.4,8.99,-136.1586,8.47091,9.922416,7.923435,6.151636,-3.267535,-4.592573,-4.620538,-3.769931,-5.008069,-5.145941,50.17375818
35:49.4,9.01,-136.54155,8.491435,9.919132,7.778117,6.144247,-3.264251,-4.612276,-4.633673,-3.779783,-5.034341,-4.847103,50.29680002
35:50.4,9.03,-137.306763,8.526737,9.945403,8.052332,6.134395,-3.234696,-4.659893,-4.689501,-3.806054,-5.077032,-4.981744,50.54266295
35:51.4,9.04,-137.878418,8.538231,9.968391,7.679597,6.209926,-3.303659,-4.725572,-4.719056,-3.825758,-5.080316,-5.060558,50.7263357
35:52.4,9.06,-137.910202,8.559577,9.978243,7.712437,6.208284,-3.372622,-4.663177,-4.73876,-3.838893,-5.086884,-5.027719,50.7365479
35:53.4,9.08,-138.253204,8.548083,9.986453,7.745277,6.226346,-3.303659,-4.656609,-4.742044,-3.829041,-5.11644,-5.044139,50.84675445
35:54.4,9.09,-139.198303,8.597342,10.020935,7.751845,6.239481,-3.389041,-4.738707,-4.811007,-3.934127,-5.142712,-5.09504,51.15041475
35:55.4,9.11,-139.494949,8.62033,10.048848,7.783043,6.260827,-3.385757,-4.751843,-4.765032,-3.939053,-5.172267,-5.122953,51.24572711
35:56.4,9.13,-140.266129,8.699145,10.157219,7.793716,6.292025,-3.428449,-4.853644,-4.87997,-4.109816,-5.241231,-5.159077,51.49350725
35:57.4,9.14,-141.071747,8.641676,10.267232,7.845439,6.315012,-3.444869,-4.906187,-4.909526,-3.960398,-5.311836,-5.221471,51.75235231
35:58.4,9.16,-141.429306,8.72049,10.300893,7.8791,6.333074,-3.494128,-4.952162,-4.945649,-4.095038,-5.290491,-5.310138,51.86723602
35:59.5,9.18,-142.501984,8.722133,10.360825,7.884847,6.359346,-3.510548,-5.011273,-5.011328,-4.098322,-5.310194,-5.362681,52.21188746
36:00.5,9.19,-142.687164,8.736911,10.360825,7.268275,6.37084,-3.540103,-5.055605,-5.040884,-4.183703,-5.336466,-5.20341,52.27138579
36:01.5,9.21,-143.018677,8.754972,10.375603,7.974337,6.385617,-3.540103,-5.076951,-5.07044,-4.144297,-5.357812,-5.282224,52.37790092
36:02.5,9.23,-143.377121,8.771392,10.370677,7.801105,6.352778,-3.538461,-5.121284,-5.083575,-4.160716,-5.425133,-5.341335,52.49306898
36:03.5,9.24,-143.659424,8.792738,10.4068,7.988294,6.420099,-3.494128,-5.149198,-5.103279,-4.157433,-5.433343,-5.384027,52.58377293
36:04.5,9.26,-144.376968,8.817368,10.437998,7.906193,6.431593,-3.59593,-5.139346,-5.126267,-4.224752,-5.497381,-5.408656,52.81431982
36:05.5,9.28,-145.196487,8.843639,10.467554,8.02606,6.452939,-3.625486,-5.129494,-5.182094,-4.265801,-5.540072,-5.464483,53.07763127
36:06.5,9.29,-145.405502,8.855133,10.488899,8.003072,6.469358,-3.671461,-5.316678,-5.224786,-4.272369,-5.574554,-5.500606,53.14478779
36:07.5,9.31,-145.859955,8.881405,10.528307,8.046585,6.498914,-3.697733,-5.288764,-5.213292,-4.308492,-5.613962,-5.551507,53.29080354
36:08.5,9.33,-146.982071,8.955294,10.554579,8.044122,6.533395,-3.730572,-5.296974,-5.264193,-4.262517,-5.641875,-5.635248,53.65133941
36:09.5,9.34,-148.266418,8.991417,10.621901,8.16563,6.582654,-3.76998,-5.408627,-5.425107,-4.452984,-5.756814,-5.710778,54.0640001
36:10.5,9.36,-149.191879,8.993059,10.627647,8.19765,6.608926,-3.786399,-5.503861,-5.451378,-4.423429,-5.735468,-5.710778,54.36135072
36:11.5,9.38,-149.390305,9.066949,10.800877,8.276465,6.618778,-3.86193,-5.54491,-5.492428,-4.551501,-5.707555,-5.907815,54.425105
36:12.5,9.39,-150.075851,9.050529,10.706462,8.063826,6.65326,-3.865214,-5.559688,-5.536761,-4.518662,-5.852049,-5.784667,54.64537093
36:13.5,9.41,-150.620361,9.096504,10.774605,8.548218,6.681173,-3.917757,-5.61223,-5.58602,-4.581057,-5.927581,-5.947222,54.82032199
36:14.5,9.43,-151.334381,9.114566,10.769678,8.390585,6.687741,-3.921041,-5.658205,-5.638564,-4.604044,-6.012964,-5.822432,55.04973662
36:15.5,9.44,-152.255646,9.15972,10.810728,8.413573,6.72797,-3.996572,-5.717316,-5.704243,-4.654944,-6.039236,-6.039172,55.34573906
36:16.5,9.46,-153.059937,9.191739,10.843568,8.388944,6.792828,-4.026128,-5.832253,-5.779774,-4.663154,-6.075359,-6.022752,55.60415776
36:17.5,9.48,-154.275421,9.224579,10.887901,8.356103,6.793649,-4.052399,-5.914351,-5.842169,-4.720623,-6.131187,-6.090073,55.99469277
36:18.5,9.49,-154.570297,9.255776,10.919099,8.398795,6.835519,-4.062251,-6.0063,-5.848737,-4.774807,-6.193582,-6.144258,56.08943643
36:19.5,9.51,-155.41806,9.293542,10.955223,8.434919,6.855223,-4.131214,-5.874944,-5.947256,-4.804362,-6.255978,-6.216504,56.36182268
36:20.5,9.53,-156.364929,9.316529,11.004482,8.480075,6.896273,-4.193609,-6.05556,-5.948898,-4.840485,-6.318373,-6.264122,56.66605169
36:21.5,9.54,-156.902817,9.458561,11.038964,8.45134,6.925828,-4.229733,-6.037498,-6.009651,-4.847053,-6.40704,-6.344578,56.8388751
36:22.5,9.56,-158.277878,9.389598,11.073445,8.602405,6.966877,-4.25272,-6.157361,-6.085182,-4.955422,-6.43988,-6.410256,57.2806822
36:23.5,9.58,-159.356522,9.474159,11.135841,8.587626,7.004643,-4.321683,-6.214829,-6.173849,-5.109766,-6.495707,-6.4628,57.62725052
36:24.5,9.59,-160.124619,9.503716,11.20152,8.705851,7.058828,-4.370942,-6.318273,-6.252663,-5.099914,-6.653337,-6.604009,57.87404008
36:25.5,9.61,-161.534988,9.552975,11.244212,7.953812,7.108088,-4.403782,-6.360964,-6.328194,-5.142604,-6.58109,-6.72223,58.32719164
36:26.5,9.63,-162.376358,9.592382,11.295114,8.80273,7.163915,-4.505584,-6.413507,-6.393873,-5.21485,-6.794548,-6.709095,58.59752383
36:27.6,9.64,-162.948669,9.641642,11.332879,8.439845,7.163915,-4.571263,-6.52516,-6.443133,-5.264109,-6.817536,-6.75507,58.78140735
36:28.6,9.66,-164.35463,9.690901,11.38378,8.864305,7.246014,-4.538424,-6.528444,-6.508811,-5.329787,-6.902919,-6.797761,59.23314262
36:29.6,9.68,-165.54187,9.73934,11.42483,8.873336,7.282137,-4.622164,-6.705775,-6.584342,-5.418453,-6.991586,-6.879859,59.61460283
36:30.6,9.69,-165.547379,9.759864,11.451102,8.933269,7.371625,-4.646794,-6.640097,-6.620466,-5.434872,-7.030994,-6.945538,59.61637287
36:31.6,9.71,-165.708511,9.769716,11.479016,8.946405,7.429916,-4.669782,-6.746824,-6.646738,-5.454576,-7.086821,-7.009574,59.66814458
36:32.6,9.73,-166.367569,9.792704,11.513497,8.997307,7.462755,-4.732176,-6.715627,-6.725553,-5.480847,-7.122945,-7.090031,59.87989992
36:33.6,9.74,-166.69577,9.81405,11.529918,9.022758,7.498879,-4.738744,-6.833848,-6.699281,-5.45786,-7.168921,-7.142574,59.9853509
36:34.6,9.76,-167.069214,9.901074,11.572609,9.035894,7.530077,-4.755164,-6.799367,-6.778096,-5.556376,-7.22639,-7.195117,60.10533846
36:35.6,9.78,-167.903305,9.868235,11.570967,9.10568,7.584262,-4.837263,-6.879823,-6.804368,-5.625339,-7.157426,-7.204968,60.3733319
36:36.6,9.79,-168.955017,9.943767,11.690832,9.190244,7.612175,-4.866818,-6.940576,-6.873331,-5.681165,-7.377452,-7.372449,60.71124696
36:37.6,9.81,-169.629303,9.948692,11.685906,9.056419,7.666361,-4.906226,-7.037451,-6.958713,-5.740275,-7.336402,-7.254228,60.92789505
36:38.6,9.83,-170.091049,9.991384,11.732702,9.287943,7.710694,-4.948917,-7.055512,-6.984985,-5.763263,-7.546576,-7.429918,61.07625404
36:39.6,9.84,-170.389679,10.009445,11.743376,9.328172,7.743534,-4.962053,-7.093277,-7.007972,-5.78625,-7.510453,-7.434844,61.17220386
36:40.6,9.86,-171.405624,10.039001,11.761437,9.316678,7.772269,-5.01788,-7.160598,-7.044096,-5.856854,-7.533441,-7.500523,61.49862699
36:41.6,9.88,-172.131348,10.066915,11.797561,9.402062,7.833843,-4.919362,-7.267325,-7.113059,-5.888051,-7.579416,-7.602324,61.73180211
36:42.6,9.89,-172.893692,10.11289,11.832043,9.31832,7.88146,-5.103262,-7.270609,-7.145898,-5.92089,-7.668083,-7.622028,61.97674324
36:43.6,9.91,-173.791565,10.15394,11.88705,9.397958,7.917584,-5.040867,-7.395398,-7.13933,-5.947161,-7.743614,-7.686065,62.26522983
36:44.6,9.93,-174.16391,10.190063,11.914143,9.402062,7.953708,-5.155806,-7.382262,-7.221429,-6.065382,-7.783022,-7.736966,62.38486428
36:45.6,9.94,-175.008377,10.208946,11.965044,9.485806,8.006251,-5.15909,-7.278819,-7.244417,-6.070308,-7.848701,-7.825632,62.65619153
36:46.6,9.96,-175.215851,10.279552,11.993778,9.452965,8.035807,-5.165658,-7.382262,-7.237849,-5.978358,-7.920949,-7.876533,62.72285293
36:47.6,9.98,-175.905807,10.290224,12.037292,9.537529,8.081782,-5.228052,-7.372411,-7.218145,-6.108073,-7.970208,-7.897878,62.94453579
36:48.6,9.99,-176.084152,10.318138,11.996242,9.502225,8.117906,-5.224769,-7.375695,-7.218145,-6.12285,-7.942294,-7.993112,63.00183804
36:49.6,10.01,-176.524689,10.372324,12.106255,9.778083,8.160597,-5.231336,-7.365843,-7.224713,-6.134344,-8.032603,-8.12447,63.14338258
36:50.6,10.03,-177.408447,10.388743,12.10215,8.908639,8.186869,-5.214917,-7.392114,-7.175454,-6.177035,-8.026035,-8.140889,63.42733402
36:51.6,10.04,-177.460754,10.442929,12.153872,9.672174,8.239412,-5.224769,-7.362559,-7.13933,-6.242713,-8.13769,-8.191791,63.44414026
36:52.6,10.06,-178.477142,10.497114,12.194922,9.305184,8.295239,-5.254324,-7.369127,-7.099923,-6.291971,-8.255913,-8.167161,63.77070572
36:53.6,10.08,-178.579346,10.564436,12.25075,9.760021,8.334647,-5.182077,-7.346139,-7.086787,-6.344514,-8.288753,-8.226272,63.80354387
36:54.6,10.10,-179.942261,10.608769,12.308219,9.778083,8.40361,-5.228052,-7.339571,-7.032602,-6.377353,-8.329802,-8.339567,64.24144846
36:55.6,10.11,-180.800629,10.672807,12.372256,9.827344,8.441376,-5.208349,-7.500484,-7.03096,-6.393773,-8.367567,-8.364197,64.5172421
36:56.6,10.13,-180.924667,10.695794,12.406738,9.886456,8.498845,-5.221485,-7.355991,-6.994837,-6.410192,-8.374135,-8.449578,64.55709551
36:57.6,10.15,-182.155167,10.761474,12.469134,9.929149,8.559599,-5.237904,-7.277177,-7.027676,-6.462734,-8.479222,-8.511973,64.95245516
36:58.6,10.16,-182.959671,10.75819,12.562727,10.016996,8.631846,-5.224769,-7.38062,-7.027676,-6.393773,-8.492358,-8.556307,65.21094229
36:59.6,10.18,-183.840332,10.919105,12.631691,9.973483,8.677822,-5.231336,-7.333004,-7.076935,-6.452883,-8.672976,-8.603924,65.49389867
37:00.6,10.20,-184.393661,10.876412,12.621839,10.086782,8.743501,-5.221485,-7.333004,-7.03096,-6.451241,-8.528481,-8.640047,65.67168328
37:01.6,10.21,-185.520859,10.984784,12.744988,10.127831,8.80918,-5.260892,-7.346139,-7.040812,-6.663053,-8.646704,-8.745132,66.033852
37:02.6,10.23,-186.435059,11.034043,12.78768,10.390554,8.876502,-5.280595,-7.326436,-7.093355,-6.597374,-8.61058,-9.034118,66.32758446
37:03.6,10.25,-186.798355,11.083302,12.832013,10.227995,8.929045,-5.303583,-7.349423,-7.099923,-6.636781,-8.771495,-8.915896,66.44431146
37:04.6,10.26,-187.850067,11.135846,12.876348,10.393838,9.039879,-5.346274,-7.334646,-7.136046,-6.732015,-8.764927,-8.981575,66.78222653
37:05.6,10.28,-188.406494,11.197421,12.91083,10.331442,9.043163,-5.369262,-7.333004,-7.149182,-6.738582,-8.824038,-9.055464,66.96100652
37:06.6,10.30,-188.894287,11.267205,12.969941,10.461161,9.152355,-5.352842,-7.336287,-7.182022,-6.791125,-8.893002,-9.106364,67.11773441
37:07.7,10.31,-190.024567,11.331243,13.022485,10.448025,9.233633,-5.402102,-7.444657,-7.231281,-6.866654,-8.978384,-9.224586,67.48089338
37:08.7,10.33,-189.731903,11.373934,13.070102,10.520273,9.367455,-5.520323,-7.618704,-7.254269,-6.998011,-9.063767,-9.323104,67.38686043
37:09.7,10.35,-190.187454,11.419909,13.099658,10.541619,9.441344,-5.59257,-7.559594,-7.310096,-7.024282,-9.090038,-9.323104,67.53322897
37:10.7,10.36,-191.375793,11.439613,13.173548,10.663129,9.533296,-5.599138,-7.487348,-7.326516,-7.017714,-9.162286,-9.428189,67.91504229
37:11.7,10.38,-192.175659,11.551269,13.221166,10.650813,9.605543,-5.648397,-7.459435,-7.339652,-7.104737,-9.234533,-9.526708,68.17203924
37:12.7,10.40,-192.959656,11.615306,13.285203,10.766576,9.679432,-5.687805,-7.57273,-7.415182,-7.062047,-9.326484,-9.572682,68.42393747
37:13.7,10.41,-193.171982,11.802493,13.306549,10.778891,9.740186,-5.760051,-7.674531,-7.493997,-7.173699,-9.510386,-9.750014,68.49215782
37:14.7,10.43,-191.298538,12.160446,13.469106,10.999742,9.750038,-5.845434,-7.792752,-7.73701,-7.250871,-9.556361,-10.071839,67.89022026
37:15.7,10.45,-188.14473,12.746636,13.493735,10.558861,9.746754,-5.901261,-7.925751,-7.924194,-7.332969,-9.740263,-10.16379,66.87690175
37:16.7,10.46,-189.580048,12.968306,13.605392,10.692685,9.782878,-5.907829,-7.907689,-7.943898,-7.336253,-9.786238,-10.502034,67.33806942
37:17.7,10.48,-190.612122,13.132504,13.682565,10.934061,9.777951,-5.904545,-7.963516,-8.025997,-7.342821,-9.897893,-10.419935,67.6696748
37:18.7,10.50,-191.108948,13.308197,13.797504,11.053107,9.84199,-5.94231,-8.004564,-8.154071,-7.444622,-10.088363,-10.74997,67.82930499
37:19.7,10.51,-191.606445,13.424779,13.896024,11.16887,9.891249,-5.907829,-8.081737,-8.298565,-7.487312,-10.239425,-10.905956,67.98915078
37:20.7,10.53,-191.600479,13.554496,14.042161,11.416814,9.943792,-6.09173,-8.147415,-8.482466,-7.559558,-10.446314,-11.247485,67.9872339
37:21.7,10.55,-184.781235,13.67272,14.582377,11.896284,9.979916,-6.180396,-8.574324,-8.820712,-7.671211,-10.659771,-11.838591,65.79621081
37:22.7,10.56,-184.825607,13.887821,14.789268,12.006299,9.978274,-6.236223,-8.364153,-8.981626,-7.684346,-10.735302,-11.894418,65.81046753
37:23.7,10.58,-184.210464,14.006044,14.93048,12.131093,9.9832,-6.229655,-8.469238,-9.083427,-7.651507,-10.769783,-12.002787,65.61282208
37:24.7,10.60,-183.091431,14.178453,15.047062,12.101536,9.976632,-6.229655,-8.442967,-9.162243,-7.671211,-10.804265,-12.07175,65.25327678
37:25.7,10.61,-182.974014,14.281078,15.115205,12.174606,9.984842,-6.223087,-8.449535,-9.283749,-7.559558,-11.035784,-12.058614,65.2155507
37:26.7,10.63,-183.416107,14.483865,15.327844,12.231256,9.986484,-6.242791,-8.572681,-9.516909,-7.713902,-10.89129,-12.240871,65.35759518
37:27.7,10.65,-183.23909,14.72688,15.572501,12.64833,10.006187,-6.377433,-8.955257,-10.05876,-7.700766,-11.18192,-12.436265,65.30071962
37:28.7,10.66,-181.707764,14.992884,15.805665,12.206626,9.976632,-6.607309,-9.369031,-10.538215,-7.851825,-11.451204,-12.846755,64.80870457
37:29.7,10.68,-180.32608,15.362333,16.130781,12.649972,10.017682,-6.709111,-9.694139,-10.948708,-7.930639,-11.641673,-12.840187,64.3647695
37:30.7,10.70,-179.019669,15.776117,16.455896,12.448824,10.020144,-6.858531,-9.776237,-11.145744,-7.943775,-11.700785,-13.007667,63.94501965
37:31.7,10.71,-176.863266,18.869656,17.670158,13.287898,10.011114,-5.277311,-6.914304,-7.449664,-5.753411,-7.431638,-8.96023,63.25216737
37:32.7,10.73,-127.801414,20.398371,19.68244,14.280503,9.505382,-3.576227,-4.384044,-3.740437,-3.159124,-1.307026,-2.571331,47.48859432
37:33.7,10.75,-111.045097,20.500175,20.250578,14.530092,9.339541,-3.175585,-3.080326,-2.482679,-2.610711,0.003284,-0.817704,42.10478967
37:34.7,10.76,-108.031219,20.554361,20.482101,14.645034,9.260726,-2.965412,-2.940759,-1.958887,-2.331578,0.623958,0.055827,41.13643066
37:35.7,10.78,-106.551094,20.56093,20.659439,14.741914,9.229528,-2.870177,-2.518774,-1.635416,-2.164099,0.978629,0.643655,40.6608665
37:36.7,10.80,-105.340691,20.606907,20.794085,14.770649,9.173701,-2.765091,-2.385775,-1.267612,-2.07215,1.264336,1.218346,40.27196402
37:37.8,10.81,-104.483871,20.620043,20.914772,14.848646,9.145787,-2.660004,-2.187098,-1.077142,-1.90467,1.553327,1.523754,39.99666775
37:38.8,10.83,-103.946648,20.598696,20.955002,14.855214,9.129367,-2.640301,-2.039321,-0.919511,-1.852127,1.735589,1.816026,39.824058
37:39.8,10.85,-103.593719,20.631536,21.01083,15.07853,9.117873,-2.627165,-2.019617,-0.830844,-1.776597,1.684687,1.770051,39.71066191
37:40.8,10.86,-103.349167,20.611832,21.053524,14.69101,9.109663,-2.522078,-1.947371,-0.745461,-1.710919,1.881727,2.062323,39.63208736
37:41.8,10.88,-103.280525,20.62661,21.115919,14.894623,9.119515,-2.528646,-1.894828,-0.646942,-1.714203,1.98353,2.183829,39.61003268
37:42.8,10.90,-103.623077,20.634821,21.145475,14.966872,9.121979,-2.504017,-1.816014,-0.532003,-1.705993,2.04921,2.30862,39.72009464
37:43.8,10.91,-104.083488,20.641388,21.173391,14.929106,9.088318,-2.459683,-1.701076,-0.486028,-1.615686,2.137878,2.302052,39.86802469
37:44.8,10.93,-104.160744,20.639746,21.198021,14.996428,9.080108,-2.397288,-1.750335,-0.436768,-1.622254,2.16415,2.459682,39.89284705
37:45.8,10.95,-104.219009,20.646315,21.214441,14.994786,9.062046,-2.410424,-1.658385,-0.39736,-1.61897,2.18057,2.456398,39.91156759
37:46.8,10.96,-104.27198,20.639746,21.234146,15.024343,9.068614,-2.40714,-1.724064,-0.275854,-1.61897,2.236398,2.535213,39.92858717
37:47.8,10.98,-104.296043,20.651241,21.250565,15.008744,9.062046,-2.426844,-1.678089,-0.302125,-1.650167,2.275806,2.610744,39.93631862
37:48.8,11.00,-104.333344,20.620043,21.265343,15.061289,9.060404,-2.416992,-1.640323,-0.23973,-1.517168,2.31193,2.656719,39.94830343
37:49.8,11.01,-104.377045,20.674229,21.293259,15.025986,9.05712,-2.416992,-1.61241,-0.20689,-1.617328,2.331634,2.694485,39.96234456
37:50.8,11.03,-104.395805,20.641388,21.289974,15.039122,9.060404,-2.413708,-1.605842,-0.20689,-1.505675,2.23804,2.794646,39.96837215
37:51.8,11.05,-104.437523,20.666019,21.328562,15.048974,9.052194,-2.308621,-1.577929,-0.144495,-1.523736,2.462994,2.761806,39.98177614
37:52.8,11.06,-104.449219,20.661093,21.332666,15.301847,9.052194,-2.272498,-1.582855,-0.124791,-1.37596,2.348054,2.93914,39.98553406
37:53.8,11.08,-104.480782,20.657808,21.347445,15.075246,9.045626,-2.275782,-1.517176,-0.085383,-1.405515,2.494191,2.912868,39.99567526
37:54.8,11.10,-104.507042,20.661093,21.357296,15.173768,9.066972,-2.252794,-1.487621,-0.072247,-1.405515,2.47613,2.901374,40.00411259
37:55.8,11.12,-104.507042,20.661093,21.355654,14.966872,9.063688,-2.334893,-1.497473,-0.052544,-1.39238,2.492549,2.873461,40.00411259
37:56.8,11.13,-104.526688,20.661093,21.373716,15.081815,9.045626,-2.24951,-1.458065,-0.052544,-1.389096,2.522105,2.952276,40.01042485
37:57.8,11.15,-104.544785,20.657808,21.380285,15.071962,9.047268,-2.26593,-1.502398,-0.019704,-1.385812,2.554945,3.003177,40.01623942
37:58.8,11.17,-104.560898,20.667662,21.395063,15.098235,9.034132,-2.24951,-1.372683,0.006568,-1.382528,2.587785,3.03109,40.02141653
37:59.8,11.18,-104.555824,20.669302,21.399988,15.071962,9.034132,-2.26593,-1.456423,0.022988,-1.389096,2.620625,3.054078,40.01978625
38:00.8,11.20,-104.577454,20.68326,21.411484,15.080173,9.030849,-2.275782,-1.395671,0.060753,-1.469552,2.620625,3.100054,40.02673597
38:01.9,11.22,-104.577454,20.628252,21.418051,15.091666,9.03249,-2.275782,-1.418658,0.098519,-1.421935,2.633761,3.129609,40.02673597
38:02.9,11.23,-104.589149,20.689007,21.439398,15.091666,9.027564,-2.275782,-1.356264,0.088667,-1.387454,2.660033,3.091844,40.03049357
38:03.9,11.25,-104.601288,20.649599,21.404915,15.071962,9.03249,-2.269214,-1.362831,0.105087,-1.372676,2.571365,3.244548,40.03439383
38:04.9,11.27,-104.601288,20.672586,21.45746,15.094951,9.022638,-2.279066,-1.389103,0.118223,-1.369392,2.666601,3.113189,40.03439383
38:05.9,11.28,-104.603943,20.664377,21.427904,15.193473,9.004577,-2.269214,-1.375967,0.141211,-1.379244,2.722429,3.201856,40.03524689
38:06.9,11.30,-104.60968,20.667662,21.460743,15.025165,9.036595,-2.272498,-1.398955,0.137927,-1.395664,2.709293,3.070498,40.03709018
38:07.9,11.32,-104.610779,20.667662,21.45746,15.029269,9.030849,-2.277424,-1.372683,0.147779,-1.389096,2.727355,3.264252,40.03744329
38:08.9,11.33,-104.620712,20.674229,21.464027,15.056363,9.011145,-2.272498,-1.385819,0.151063,-1.398947,2.751985,3.214992,40.04063477
38:09.9,11.35,-104.626892,20.669302,21.469774,15.109729,9.017713,-2.219954,-1.334918,0.160915,-1.372676,2.719145,3.247832,40.0426204
38:10.9,11.37,-104.626236,20.674229,21.473881,15.09413,8.998009,-2.229806,-1.331634,0.164199,-1.323418,2.719145,3.2544,40.04240963
38:11.9,11.38,-104.627335,20.667662,21.48209,15.116297,9.006218,-2.219954,-1.32014,0.236446,-1.297146,2.765121,3.329931,40.04276274
38:12.9,11.40,-104.626015,20.695576,21.480448,15.091666,9.002934,-2.216671,-1.369399,0.311977,-1.297146,2.837369,3.398894,40.04233862
38:13.9,11.42,-104.634842,20.659451,21.493584,15.131076,9.004577,-2.213387,-1.323424,0.282422,-1.30043,2.871851,3.3874,40.04517473
38:14.9,11.43,-104.629539,20.661093,21.514931,15.098235,8.998009,-2.213387,-1.326708,0.288989,-1.418651,2.814381,3.39561,40.04347088
38:15.9,11.45,-104.62645,20.679155,21.516573,15.13518,9.002934,-2.213387,-1.297153,0.282422,-1.288936,2.889913,3.390684,40.04247839
38:16.9,11.47,-104.625572,20.680798,21.500153,15.065394,9.001292,-2.210103,-1.274165,0.315261,-1.30864,2.819307,3.489203,40.04219628
38:17.9,11.48,-104.624245,20.680798,21.526424,15.374917,9.011966,-2.219954,-1.251178,0.318545,-1.305356,2.894839,3.36277,40.04176992
38:18.9,11.50,-104.629982,20.677513,21.518215,15.148316,8.979947,-2.210103,-1.264313,0.328397,-1.30864,2.865283,3.526968,40.04361322
38:19.9,11.52,-104.622925,20.679155,21.528067,15.285426,9.050552,-2.193683,-1.231474,0.325113,-1.306998,2.880061,3.369338,40.0413458
38:20.9,11.53,-104.614754,20.677513,21.526424,15.137644,8.999651,-2.216671,-1.251178,0.341533,-1.297146,2.876777,3.441586,40.03872046
38:21.9,11.55,-104.613434,20.680798,21.526424,15.134359,9.00786,-2.213387,-1.198635,0.338249,-1.30043,2.921111,3.461289,40.03829634
38:22.9,11.57,-104.623581,20.670944,21.526424,15.147496,9.011145,-2.210103,-1.142808,0.348101,-1.280727,2.926037,3.464573,40.04155658
38:23.9,11.58,-104.610123,20.68244,21.529709,15.129434,8.996367,-2.203535,-1.267597,0.344817,-1.30043,2.942457,3.533536,40.03723252
38:24.9,11.60,-104.599525,20.687365,21.528067,15.132717,8.998009,-2.196967,-1.284017,0.482744,-1.343121,2.922753,3.53682,40.03382738
38:25.9,11.62,-104.603058,20.679155,21.534636,15.140927,8.994724,-2.216671,-1.109969,0.348101,-1.366108,2.952309,3.53682,40.03496254
38:26.9,11.63,-104.598419,20.689007,21.532993,15.149137,8.996367,-2.206819,-1.205203,0.394077,-1.219974,2.968729,3.581154,40.03347202
38:27.9,11.65,-104.588051,20.689007,21.573221,15.133538,8.993083,-2.147708,-1.159228,0.371089,-1.244604,2.817665,3.587722,40.03014079
38:28.9,11.67,-104.594887,20.68244,21.532993,15.107266,8.999651,-2.144424,-1.178931,0.387509,-1.169074,3.050829,3.602499,40.03233719
38:29.9,11.68,-104.581429,20.695576,21.53874,15.262438,8.994724,-2.157559,-1.165796,0.390793,-1.177283,2.817665,3.724006,40.02801314
38:30.9,11.70,-104.581429,20.679155,21.536276,15.047332,8.988156,-2.137856,-1.178931,0.394077,-1.183851,3.016347,3.618919,40.02801314
38:31.9,11.72,-104.573921,20.68408,21.554338,15.067037,9.002934,-2.144424,-1.182215,0.397361,-1.201913,3.004853,3.630413,40.02560082
38:32.9,11.73,-104.571938,20.68408,21.552696,15.15078,9.035774,-2.137856,-1.165796,0.407212,-1.195345,2.981865,3.605783,40.02496368
38:33.9,11.75,-104.556931,20.687365,21.554338,15.117939,8.980767,-2.121436,-1.180573,0.410496,-1.205197,2.985149,3.609067,40.02014193
38:34.9,11.77,-104.565094,20.68408,21.559265,15.172126,9.020996,-2.147708,-1.109969,0.41378,-1.208481,2.981865,3.671463,40.0227647
38:35.9,11.78,-104.548096,20.689007,21.559265,15.149137,8.988156,-2.147708,-1.114895,0.420348,-1.205197,2.985149,3.656685,40.01730324
38:36.9,11.80,-104.536179,20.685722,21.56255,15.15899,8.998009,-2.131288,-1.200277,0.499164,-1.195345,2.999927,3.68624,40.01347431
38:37.9,11.82,-104.533752,20.698858,21.560907,15.134359,8.994724,-2.14935,-1.114895,0.467966,-1.24132,2.988433,3.645191,40.01269452
38:38.9,11.83,-104.53022,20.663555,21.569117,15.170485,8.999651,-2.142782,-1.178931,0.459756,-1.155938,3.017989,3.645191,40.01155969
38:39.9,11.85,-104.526909,20.711996,21.575686,15.136002,8.994724,-2.147708,-1.151018,0.476176,-1.210122,3.001569,3.674747,40.01049586
38:41.0,11.87,-104.511017,20.695576,21.575686,15.160632,8.998009,-2.144424,-1.129672,0.472892,-1.169074,3.103373,3.671463,40.00538976
38:42.0,11.88,-104.500427,20.693933,21.549414,15.168842,8.998009,-2.144424,-1.103401,0.482744,-1.2249,2.909617,3.77655,40.0019872
38:43.0,11.90,-104.4991,20.695576,21.590464,15.27229,9.006218,-2.144424,-1.103401,0.47946,-1.188777,3.090237,3.602499,40.00156083
38:44.0,11.92,-104.48983,20.690649,21.558443,15.23945,8.958601,-2.134572,-1.101759,0.500806,-1.211764,2.965445,3.773266,39.99858238
38:45.0,11.93,-104.478355,20.692291,21.582253,15.252585,9.043984,-2.128004,-1.090265,0.492596,-1.208481,3.034409,3.742068,39.99489546
38:46.0,11.95,-104.474823,20.690649,21.572401,15.144212,8.991441,-2.173979,-1.109969,0.505732,-1.188777,3.017989,3.658327,39.99376063
38:47.0,11.97,-104.468201,20.692291,21.575686,15.174589,8.993083,-2.118152,-1.090265,0.509016,-1.182209,3.027841,3.707586,39.99163298
38:48.0,11.98,-104.451424,20.693933,21.575686,15.170485,9.001292,-2.14114,-0.958908,0.515584,-1.188777,3.044261,3.733858,39.98624253
38:49.0,12.00,-104.456505,20.707069,21.577328,15.162274,8.986515,-2.12472,-1.067278,0.551707,-1.185493,3.047545,3.76013,39.98787506
38:50.0,12.02,-104.448555,20.705427,21.57897,15.162274,8.986515,-2.134572,-1.083697,0.541855,-1.185493,3.050829,3.773266,39.98532072
38:51.0,12.03,-104.433769,20.707069,21.580612,15.15078,8.984873,-2.147708,-1.063994,0.548423,-1.323418,3.080385,3.763414,39.98056998
38:52.0,12.05,-104.42141,20.715279,21.577328,15.162274,8.984873,-2.144424,-1.063994,0.558275,-1.16579,3.103373,3.786401,39.97659903
38:53.0,12.07,-104.421188,20.72349,21.614273,15.153243,8.981588,-2.147708,-1.083697,0.548423,-1.256097,3.027841,3.77655,39.9765277
38:54.0,12.08,-104.403526,20.689007,21.551054,15.098235,8.993083,-2.14114,-1.063994,0.541855,-1.172358,2.995001,3.911192,39.9708529
38:55.0,12.10,-104.39492,20.710354,21.6036,15.154064,8.986515,-2.147708,-1.050858,0.545139,-1.169074,3.080385,3.76013,39.9680878
38:56.0,12.12,-104.392052,20.705427,21.572401,15.237807,8.973379,-2.137856,-1.073846,0.551707,-1.188777,3.106657,3.8685,39.96716631
38:57.0,12.13,-104.382118,20.707069,21.598673,15.07853,8.992262,-2.147708,-1.063994,0.558275,-1.192061,3.103373,3.807747,39.96397451
38:58.0,12.15,-104.381897,20.707069,21.598673,15.1672,9.00786,-2.1083,-1.031155,0.558275,-1.195345,3.113225,3.773266,39.96390351
38:59.0,12.17,-104.36998,20.713636,21.597031,15.103161,8.993083,-2.219954,-0.981896,0.561559,-1.215048,3.113225,3.806105,39.96007457
39:00.0,12.19,-104.358727,20.711996,21.600315,15.168842,8.983231,-2.029485,-1.001599,0.571411,-1.09026,3.093521,3.812673,39.95645899
39:01.0,12.20,-104.349014,20.711996,21.600315,15.163916,8.979947,-2.088596,-0.93592,0.551707,-1.080408,3.109941,3.792969,39.9533382
39:02.0,12.22,-104.349678,20.705427,21.605242,15.170485,8.986515,-2.062325,-1.041006,0.617387,-1.063988,3.109941,3.825809,39.95355154
39:03.0,12.24,-104.337318,20.734983,21.598673,15.147496,8.984873,-2.068893,-1.055784,0.668288,-1.155938,3.126361,3.829093,39.94958027
39:04.0,12.25,-104.323631,20.708712,21.608526,15.203325,8.988156,-2.065609,-1.057426,0.594399,-0.952335,3.141139,3.815957,39.94518264
39:05.0,12.27,-104.320099,20.705427,21.62002,15.140927,8.984873,-2.068893,-1.018019,0.614103,-1.182209,3.139497,3.825809,39.94404781
39:06.0,12.29,-104.313919,20.716921,21.621662,15.198399,8.986515,-2.065609,-1.031155,0.604251,-1.054137,3.188757,3.819241,39.94206217
39:07.1,12.30,-104.306854,20.718563,21.587179,15.177052,8.984873,-2.065609,-1.011451,0.617387,-1.09026,3.047545,3.878352,39.93979219
39:08.1,12.32,-104.299797,20.715279,21.624947,15.339614,8.991441,-2.065609,-1.021303,0.617387,-1.067272,3.146065,3.88492,39.93752478
39:09.1,12.34,-104.28611,20.713636,21.618378,15.170485,8.970095,-2.065609,-1.008167,0.627239,-1.080408,3.149349,3.815957,39.93312714
39:10.1,12.35,-104.27684,20.711996,21.623304,15.274754,9.03249,-2.049189,-1.014735,0.623955,-1.067272,3.172337,3.889846,39.93014869
39:11.1,12.37,-104.26889,20.710354,21.615093,15.172126,8.989799,-2.075461,-1.011451,0.637091,-1.07384,3.162485,3.835661,39.92759436
39:12.1,12.39,-104.25631,20.715279,21.618378,15.177052,8.993083,-2.072177,-0.955624,0.637091,-1.063988,3.155917,3.898056,39.9235524
