Time in Minutes,Load in kN,O-Stud2-Axial,Stud2-Axial,O-Stud3-Axial,Stud3-Axial,O-Stud4-Axial,Stud4-Axial,O-Stud5-Axial,Stud5-Axial,O-Stud3-Bottom,Stud3-Bottom,O-Stud4-Bottom,Stud4-Bottom,O-Stud4-Mid,Stud4-Mid,O-Stud3-Mid,Stud3-Mid,O-Stud3-Top,Stud3-Top,O-Stud4-Top,Stud4-Top,Pb1-Mid-Left,Pb1-Pb2-Mid-Left,Pb2-Mid-Left,Pb3-Mid-Left,Pb3-Pb4-Mid-Left,Pb4-Mid-Left,Pb1-Mid-Top,Pb1-Pb2-Mid-Top,Pb2-Mid-Top,Pb3-Mid-Top,Pb3-Pb4-Mid-Top,Pb4-Mid-Top,Pb1-Mid-Mid,Pb1-Pb2-Mid-Mid,Pb2-Mid-Mid,Pb3-Mid-Mid,Pb3-Pb4-Mid-Mid,Pb4-Mid-Mid,Pb1-Mid-Bottom,Pb1-Pb2-Mid-Bottom,Pb2-Mid-Bottom,Pb3-Mid-Bottom,Pb3-Pb4-Mid-Bottom,Pb4-Mid-Bottom,Pb1-Mid-Right,Pb1-Pb2-Mid-Right,Pb2-Mid-Right,Pb3-Mid-Right,Pb3-Pb4-Mid-Right,Pb4-Mid-Right,Average-Pb1,Average-Pb1-Pb2,Average-Pb2,Average-Pb3,Average-Pb3-Pb4,Average-Pb4,Stud2-Mid-HF,Stud2-Mid-CF,Stud3-Top-HF,Stud3-Top-CF,Stud3-Mid-HF,Stud3-Mid-CF,Stud3-Bottom-HF,Stud3-Bottom-CF,Stud4-Top-HF,Stud4-Top-CF,Stud4-Mid-HF,Stud4-Mid-CF,Stud4-Bottom-HF,Stud4-Bottom-CF,Stud5-Top-HF,Stud5-Top-CF,Stud5-Mid-HF,Stud5-Mid-CF,Stud5-Bottom-HF,Stud5-Bottom-CF
0,16.25,12.56,0,12.7,0,12.9,0,13.77,0,-1.71,0,-1.62,0,-2.6,0,-2.29,0,-1.97,0,-2.71,0,87.03,20.64,19.22,19.01,19.66,19.42,19.84,21.95,18.78,19.06,18.81,19.47,54.25,19.39,18.81,18.7,19.18,19.51,30.91,20.27,19.62,19.57,19.74,20.13,78.34,20.65,19.1,19.18,19.57,19.3,62.63,20.88,19.11,19.1,19.35,19.57,19.52,19.23,18.93,18.89,18.92,18.84,18.97,18.69,20.06,19.04,19.44,18.98,19.28,19.12,18.99,19.02,18.68,2293.72,20.11,18.82
0.83,16.06,12.66,0.1,12.79,0.09,12.97,0.07,13.84,0.07,-3.04,-1.33,-3.09,-1.47,-4.34,-1.74,-4.08,-1.79,-3.46,-1.49,-4.01,-1.3,366.18,20.8,19.32,19.01,19.65,19.44,21.8,32.13,18.86,19.03,18.8,19.46,401.89,19.39,18.88,18.71,19.18,19.52,280.13,20.38,19.65,19.55,19.74,20.12,357.59,20.78,19.18,19.19,19.57,19.29,351.45,23.52,19.18,19.1,19.35,19.57,19.58,19.25,19,18.9,18.97,18.85,19.02,18.7,20.05,19.04,19.46,18.98,19.31,19.11,19.06,19.03,18.7,2293.7,20.06,18.82
1.65,16.99,12.85,0.29,12.88,0.18,13.12,0.22,13.89,0.12,-3.7,-1.99,-3.77,-2.15,-5.15,-2.55,-4.87,-2.58,-4.07,-2.1,-4.69,-1.98,401.15,22.02,19.43,19.03,19.64,19.43,22.04,56.4,19.1,18.95,18.8,19.46,505.84,19.4,18.99,18.69,19.17,19.51,381.55,21.59,19.7,19.57,19.72,20.11,401.87,22.15,19.25,19.2,19.56,19.29,422.6,30.54,19.29,19.09,19.33,19.56,19.65,19.27,19.13,18.93,19.05,18.85,19.08,18.7,20.05,19.1,19.53,18.98,19.37,19.11,19.23,19.04,18.77,2293.72,20,18.82
2.48,16.67,12.88,0.32,12.89,0.19,13.15,0.25,13.89,0.12,-3.86,-2.15,-3.93,-2.31,-5.4,-2.8,-5,-2.71,-4.31,-2.34,-4.95,-2.24,410.63,28.23,19.57,19.04,19.62,19.42,22.1,72.04,19.99,18.98,18.8,19.46,523.5,19.45,19.41,18.73,19.15,19.5,407.77,28.93,19.74,19.57,19.72,20.12,421.23,29.79,19.34,19.21,19.57,19.28,440.78,39.75,19.61,19.11,19.32,19.56,19.78,19.27,19.32,18.94,19.17,18.85,19.19,18.7,20.05,19.23,19.66,18.98,19.5,19.12,19.53,19.08,18.88,2293.71,19.92,18.82
3.31,16.49,12.89,0.33,12.89,0.19,13.17,0.27,13.89,0.12,-4.03,-2.32,-4.22,-2.6,-5.98,-3.38,-5.38,-3.09,-4.67,-2.7,-5.46,-2.75,434.31,39.39,19.8,20.31,19.62,19.42,22.58,77.33,21.53,25.65,18.77,19.47,545.86,19.55,20.11,20.34,19.14,19.49,429.66,42.27,19.83,19.57,19.69,20.11,428.15,43.06,19.49,19.27,19.56,19.3,459.49,50.51,20.15,21.03,19.31,19.56,19.97,19.28,19.73,18.97,19.4,18.88,19.38,18.72,20.03,19.31,19.88,19,19.78,19.15,19.93,19.13,19.09,2293.71,19.71,18.84
4.13,16.39,12.9,0.34,12.89,0.19,13.19,0.29,13.89,0.12,-4.4,-2.69,-4.7,-3.08,-6.66,-4.06,-5.86,-3.57,-5.14,-3.17,-5.98,-3.27,455.86,53.13,20.78,20.95,19.62,19.41,22.57,77.33,22.93,31.15,18.77,19.46,522.57,19.66,21.02,21.92,19.15,19.5,415.19,56.1,20.14,19.64,19.69,20.1,459.77,58.05,19.99,19.48,19.55,19.33,463.35,61.15,20.97,22.63,19.31,19.56,20.38,19.32,20.6,19.05,19.89,18.9,19.8,18.76,20.03,19.6,20.28,19.05,20.43,19.2,20.55,19.2,19.52,2293.72,19.27,18.86
5.79,16.48,12.88,0.32,13.03,0.33,13.23,0.33,13.87,0.1,-4.85,-3.14,-5.18,-3.56,-7.3,-4.7,-6.48,-4.19,-5.53,-3.56,-6.49,-3.78,518.56,76.06,26.26,35.86,19.63,19.43,22.81,81.41,27.3,45.1,18.79,19.47,586.78,19.77,25.38,36.23,19.14,19.48,491.16,72.9,28.16,20.36,19.69,20.09,482.23,75.93,23.81,21.84,19.53,19.5,519.68,76.58,26.18,31.88,19.31,19.59,21.21,19.38,22.12,19.17,20.91,19,20.57,18.85,20.07,20.09,21.08,19.18,21.6,19.28,21.54,19.35,20.35,2293.7,18.42,18.95
6.61,16.8,12.89,0.33,13.03,0.33,13.24,0.34,13.84,0.07,-5.14,-3.43,-5.5,-3.88,-7.67,-5.07,-6.92,-4.63,-6,-4.03,-6.83,-4.12,522.7,82.53,30.14,40.43,19.66,19.46,22.81,86.7,31.12,55.23,18.84,19.48,571.53,19.8,29.61,44.82,19.16,19.49,496,77.49,34.57,21.48,19.7,20.11,477.77,80.21,27.68,25.69,19.54,19.73,517,81.73,30.62,37.53,19.34,19.66,22.64,19.54,24.45,19.4,22.6,19.19,21.8,19.01,20.1,21.18,22.51,19.47,23.4,19.49,23.05,19.58,21.77,2293.71,16.97,19.09
7.44,16.57,12.99,0.43,13.04,0.34,13.26,0.36,13.8,0.03,-5.46,-3.75,-5.7,-4.08,-7.99,-5.39,-7.34,-5.05,-6.31,-4.34,-7.14,-4.43,558.31,85.8,35.7,47.82,19.7,19.53,22.92,89.56,35.85,57.88,18.95,19.51,561.88,19.84,34.73,49.63,19.2,19.52,522.82,81.32,35.08,25.82,19.73,20.13,470.86,83.25,33.78,30.97,19.52,20.18,528.47,84.98,35.03,42.43,19.4,19.77,24.76,19.85,27.61,19.82,25.21,19.56,23.64,19.31,20.15,23.05,24.62,20.1,25.87,19.9,25.17,19.98,23.97,2293.71,14.9,19.37
8.26,16.4,12.96,0.4,13.04,0.34,13.26,0.36,13.76,-0.01,-5.79,-4.08,-5.94,-4.32,-8.42,-5.82,-7.77,-5.48,-6.72,-4.75,-7.45,-4.74,575.8,87.33,41.81,51.78,19.78,19.71,22.97,89.89,41.8,60.43,19.15,19.55,518.18,19.86,40.67,53.83,19.3,19.55,532.19,83.81,37.63,32.57,19.77,20.18,491.9,85.45,40.54,38.02,19.5,21.02,529.52,86.62,40.49,47.33,19.5,20,27.6,20.38,32.23,20.86,28.56,20.18,26.55,19.91,20.21,26.01,28.21,21.65,28.95,20.57,28.36,20.8,27.16,2293.72,11.7,19.9
9.09,16.53,12.99,0.43,13.04,0.34,13.27,0.37,13.7,-0.07,-6.14,-4.43,-6.23,-4.61,-8.79,-6.19,-8.19,-5.9,-7.04,-5.07,-7.82,-5.11,594.35,87.59,47.7,56.05,19.93,19.97,22.99,90.26,46.56,65,19.45,19.64,484.2,19.86,46.51,57.4,19.46,19.65,574.24,85.47,39.33,41.66,19.88,20.24,499.56,86.86,47.31,45.03,19.51,22.44,538.09,87.55,45.48,53.03,19.68,20.39,31.26,21.34,37.24,22.49,33,21.26,29.98,20.84,20.27,30.41,32.75,24.12,32.72,21.77,32.03,22.18,31.39,2293.7,8.02,20.76
9.92,16.45,13.12,0.56,13.04,0.34,13.27,0.37,13.64,-0.13,-6.44,-4.73,-6.44,-4.82,-9.13,-6.53,-8.58,-6.29,-7.37,-5.4,-8.19,-5.48,605.64,88.17,53.47,60.73,20.17,20.49,23.04,92.02,52.35,66.99,19.97,19.77,494.98,19.87,52.36,61.36,19.74,19.83,607.83,86.64,43.38,51.62,20.03,20.32,511.1,88.28,53.17,48.02,19.49,24.38,554.89,88.78,50.95,57.75,19.98,20.96,35.56,22.92,42.89,25.03,38.13,22.71,34.23,22.39,20.35,34.9,38.32,27.72,37.29,23.68,36.59,24.32,35.83,2293.71,3.81,22.12
10.74,16.45,13.09,0.53,13.04,0.34,13.27,0.37,13.58,-0.19,-6.73,-5.02,-6.67,-5.05,-9.54,-6.94,-8.97,-6.68,-7.77,-5.8,-8.51,-5.8,612.5,88.8,59.2,65.41,20.52,21.23,23.07,94.38,57.73,70.35,20.83,20.03,496.85,19.89,57.6,64.65,20.17,20.61,629.87,88.37,48.02,57.86,20.26,20.47,509.45,90.59,58.17,56.3,19.49,26.78,562.17,90.54,56.14,62.91,20.45,21.82,40.6,25.31,48.26,28.24,43.67,24.74,39.49,24.59,20.43,39.59,44.15,31.94,42.53,26.3,41.38,27.11,40.76,2293.71,,24
11.57,16.47,13.18,0.62,13.04,0.34,13.27,0.37,13.51,-0.26,-6.97,-5.26,-6.87,-5.25,-9.89,-7.29,-9.36,-7.07,-8.08,-6.11,-8.82,-6.11,621,89.55,63.64,67.57,20.99,22.27,23.17,96.71,61.82,71.97,21.98,20.37,513.2,19.92,62.11,66.77,20.76,21.11,651.32,90.25,52.55,61.36,20.63,20.84,632.11,92.86,62.22,62,19.52,29.5,604.41,92.34,60.47,65.93,21.09,22.82,46.09,28.55,53.8,32.04,49.38,27.44,44.47,27.49,20.52,45.01,49.97,36.48,48.18,29.79,46.7,30.48,46.21,2293.7,,26.62
12.4,16.94,13.23,0.67,13.03,0.33,13.27,0.37,13.45,-0.32,-7.17,-5.46,-7.06,-5.44,-10.16,-7.56,-9.66,-7.37,-8.39,-6.42,-9.08,-6.37,628.42,90.51,66.94,69.95,21.65,23.01,23.21,98.27,65.85,72.97,23.44,20.84,523.03,19.96,66.06,69.88,21.54,21.73,654.41,92.13,60.8,64.76,21.11,21.04,662.17,94.92,65.73,64.28,19.49,32.76,617.01,93.96,65.08,68.37,21.93,23.88,51.4,32.16,58.83,36.02,54.79,30.48,49.71,30.71,20.59,49.7,54.89,40.81,53.41,34.11,51.87,34.3,51.07,2293.72,,29.7
13.23,16.73,13.2,0.64,13.03,0.33,13.27,0.37,13.39,-0.38,-7.26,-5.55,-7.1,-5.48,-10.31,-7.71,-9.87,-7.58,-8.65,-6.68,-9.27,-6.56,638.96,91.96,70.62,72.27,22.5,24.11,23.19,99.7,68.99,75.56,25.11,21.47,538.24,20,69.48,72.07,22.51,23.71,660.88,93.94,64.98,67.48,21.77,21.81,677.76,96.47,68.76,66.56,19.49,35.97,628.96,95.52,68.57,70.78,22.97,25.41,55.63,36.22,63.65,40.83,59.59,33.79,54.89,34.31,20.64,54.06,59.5,45.44,58.34,39.32,56.99,38.28,55.43,2293.71,,33.01
14.06,16.51,13.23,0.67,13.03,0.33,13.27,0.37,13.35,-0.42,-7.38,-5.67,-7.09,-5.47,-10.25,-7.65,-10.03,-7.74,-8.86,-6.89,-9.33,-6.62,649.55,95.91,73.22,73.33,23.48,25.64,23.25,101.2,72.31,76.91,27.24,22.39,547.1,20,72.88,74.01,23.87,24.86,674.87,95.4,68.94,71.19,22.6,21.99,688.35,97.61,71.46,70.89,19.5,40.05,639.97,97.53,71.76,73.26,24.3,26.99,60.25,39.45,67.83,44.82,64.03,36.82,59.9,37.94,20.73,57.9,63.35,49.66,62.72,44.3,61.39,42.55,59.92,2293.72,,36.59
14.89,16.29,13.25,0.69,13.03,0.33,13.27,0.37,13.34,-0.43,-7.38,-5.67,-6.95,-5.33,-10.03,-7.43,-10.03,-7.74,-8.84,-6.87,-9.17,-6.46,658.08,98.25,75.79,75.66,24.67,26.77,23.24,102.74,74.72,78.58,29.4,23.43,549.77,20.03,75.54,75.99,25.28,26.54,692.7,97.26,71.88,73.21,23.65,22.46,686.51,98.49,73.86,73.64,19.49,43.59,646.77,99.18,74.36,75.41,25.75,28.56,64.48,42.96,71.29,51.15,68.43,40.53,63.89,41.4,20.78,62.14,67.03,53.61,66.97,49.07,65.78,46.38,64.1,2293.71,,40.19
15.71,16.75,13.27,0.71,13.03,0.33,13.27,0.37,13.34,-0.43,-7.31,-5.6,-6.76,-5.14,-9.81,-7.21,-10.01,-7.72,-8.88,-6.91,-8.99,-6.28,670.83,99.35,77.84,76.09,26,27.86,23.28,104.48,76.91,80.76,31.77,24.7,551.76,20.03,77.57,77.14,26.92,27.95,707.55,99.97,74.44,75.1,24.9,23.24,697.18,99.32,75.91,75.75,19.51,46.33,656.83,100.78,76.53,76.97,27.4,30.01,67.91,47.17,74.31,54.67,71.85,43.6,67.48,44.54,20.83,65.66,70.52,57.29,70.22,52.91,69.27,49.71,67.13,2293.72,,43.62
16.54,16.55,13.33,0.77,13.02,0.32,13.26,0.36,13.32,-0.45,-7.3,-5.59,-6.61,-4.99,-9.63,-7.03,-9.99,-7.7,-8.95,-6.98,-8.92,-6.21,682.89,100.27,79.18,78.21,27.47,29.36,23.32,105.59,79.01,82.26,34.36,26.38,557.62,20.05,79.21,78.61,28.78,30.37,719.82,101.65,76.18,75.97,26.29,24.21,707.05,99.83,77.9,77.25,19.49,49.14,666.85,101.84,78.3,78.46,29.23,31.89,71.03,50.63,76.96,57.73,74.8,45.81,70.59,47.53,20.87,68.49,73.51,60.8,72.39,56.61,72.46,53.23,70.31,2293.71,,46.97
17.37,16.41,13.34,0.78,13.02,0.32,13.27,0.37,13.3,-0.47,-7.3,-5.59,-6.51,-4.89,-9.51,-6.91,-9.99,-7.7,-9.04,-7.07,-8.88,-6.17,692.2,101.08,80.37,78.82,29.01,30.69,19.57,106.77,80.34,83.68,37.11,28,560.65,20.08,80.76,79.48,30.81,33.22,725.91,102.34,77.86,77.35,27.81,25.24,714.31,100.22,79.31,78.16,19.5,51.83,673.27,102.6,79.73,79.5,31.19,33.79,73.69,53.59,79.2,60.4,77.26,48.56,73.24,50.17,20.9,70.94,76.11,63.99,74.64,60.02,74.99,56.61,73.42,2293.72,,50.6
18.2,16.93,13.32,0.76,12.99,0.29,13.27,0.37,13.28,-0.49,-7.28,-5.57,-6.43,-4.81,-9.41,-6.81,-9.99,-7.7,-9.03,-7.06,-8.85,-6.14,698.32,101.76,81.86,78.83,30.7,32.01,19.57,108,81.42,85.13,39.88,29.81,576.9,20.11,81.7,80.28,33,37,741.2,103.08,79.16,77.9,29.49,25.55,723.33,100.64,80.14,78.59,19.5,54.02,684.94,103.37,80.86,80.15,33.27,35.68,75.7,56.28,81.06,62.46,79.23,51.25,75.39,52.58,20.93,73.09,78.17,66.26,76.28,62.42,76.94,59.44,75.81,2293.72,,53.27
19.03,16.79,13.33,0.77,12.99,0.29,13.27,0.37,13.29,-0.48,-7.25,-5.54,-6.33,-4.71,-9.32,-6.72,-9.98,-7.69,-9.11,-7.14,-8.83,-6.12,704.51,102.41,82.59,80.39,32.45,33.5,19.6,109.07,82.44,85.82,42.73,32.09,616.77,20.2,82.52,80.68,35.36,40.64,752.82,104.37,79.9,78.66,31.25,25.74,734.15,101.25,80.82,78.09,19.51,56.16,702.06,104.27,81.65,80.73,35.45,37.62,77.33,58.65,82.72,63.3,80.84,53.48,77.18,54.71,20.96,74.7,79.79,68.42,77.86,64.32,78.86,61.67,77.66,2293.72,,55.32
19.86,16.69,13.32,0.76,12.99,0.29,13.27,0.37,13.29,-0.48,-7.2,-5.49,-6.27,-4.65,-9.26,-6.66,-9.99,-7.7,-9.12,-7.15,-8.81,-6.1,714.56,103.06,82.96,80.64,34.11,34.9,21.91,111.29,82.84,85.46,45.28,34.83,675.71,20.21,83.12,81.32,37.63,43.53,754.63,105.7,80.6,77.23,32.98,26.05,691.07,102.86,81.04,74.62,19.53,57.6,708.99,105.73,82.11,79.85,37.5,39.39,78.78,60.82,84.17,64.14,82.24,55.58,78.69,56.63,20.96,75.84,81.06,69.84,79.23,65.12,80.65,62.16,79.3,2293.71,,56.43
20.69,16.59,13.42,0.86,12.99,0.29,13.27,0.37,13.27,-0.5,-7.15,-5.44,-6.18,-4.56,-9.18,-6.58,-9.99,-7.7,-9.14,-7.17,-8.8,-6.09,724.72,103.9,83.75,81.02,36.04,36.24,22.69,113.28,83.44,86.57,47.49,38.24,691.69,20.25,83.51,81.49,39.74,46.79,764.97,107.9,80.95,78.09,34.82,26.64,699.21,103.71,81.34,74.23,19.53,58.16,720.15,107.2,82.6,80.28,39.52,41.21,79.91,62.72,85.36,65.21,83.33,57.39,79.84,58.01,20.98,75.88,81.92,70.86,80.19,65.77,82.17,62.84,80.31,2293.7,,57.4
21.52,16.52,13.42,0.86,12.99,0.29,13.27,0.37,13.26,-0.51,-7.08,-5.37,-6.08,-4.46,-9.12,-6.52,-9.98,-7.69,-9.21,-7.24,-8.78,-6.07,731.93,105.43,84.17,81.24,37.72,37.74,23.05,115.74,83.87,87.84,49.41,41.45,701.76,20.3,83.99,82.32,41.67,49.31,775.7,110.65,81.37,77.95,36.33,27.27,705.82,104.94,81.72,74.44,19.53,58.57,728.8,109.19,83.02,80.76,41.28,42.87,80.8,64.3,86.56,66.38,84.21,58.83,80.88,59.29,20.99,76.65,82.55,71.23,81.05,66.42,83.59,63.96,81.21,2293.71,,59.11
22.35,16.43,13.41,0.85,12.99,0.29,13.27,0.37,13.25,-0.52,-7.04,-5.33,-6,-4.38,-9.05,-6.45,-9.95,-7.66,-9.16,-7.19,-8.76,-6.05,738.52,107.69,84.5,81.67,39.33,39.24,23.18,119.83,84.42,89.63,51.14,44.22,697.31,20.36,84.36,82.38,43.43,51.62,783.83,114.83,82.08,77.86,37.76,27.89,712.18,106.75,82.25,74.41,19.55,59.32,732.96,112.27,83.52,81.19,42.92,44.46,81.6,65.6,87.5,67.51,84.99,60.56,81.65,60.34,21,77.89,83.21,72,81.84,67.08,84.75,64.92,82.13,2293.7,,59.96
23.18,16.98,13.41,0.85,12.99,0.29,13.27,0.37,13.24,-0.53,-6.97,-5.26,-5.91,-4.29,-8.92,-6.32,-9.88,-7.59,-9.26,-7.29,-8.71,-6,748.31,111.01,85.04,82.04,40.91,40.49,23.28,125.51,84.75,91.93,52.69,46.74,704.77,20.51,84.72,82.61,45.07,53.46,778.01,120.86,82.52,78.7,39.11,28.43,720.55,111.49,82.73,75.14,19.55,59.57,737.91,117.22,83.95,82.08,44.45,45.74,82.33,66.51,88.32,68.39,85.79,61.79,82.39,61.38,21.01,78.66,83.81,72.82,82.53,67.95,85.84,65.9,82.98,2293.71,,61.34
24.01,16.85,13.42,0.86,12.94,0.24,13.17,0.27,13.14,-0.63,-6.93,-5.22,-5.77,-4.15,-8.79,-6.19,-9.84,-7.55,-9.17,-7.2,-8.63,-5.92,752.1,120.38,85.16,81.39,42.44,42.07,23.39,139.96,85.21,93.42,54.15,48.89,740.61,20.65,84.97,81.82,46.6,55.16,784.63,132.36,83.46,77.24,40.42,28.94,751.61,120.56,82.93,74.88,19.56,59.25,757.24,128.32,84.35,81.75,45.91,46.86,83.05,67.41,89.12,69.17,86.58,62.99,83.13,62.3,21.02,79.14,84.39,73.3,83.14,68.52,86.78,66.63,83.71,2293.72,,61.57
24.84,16.74,13.4,0.84,12.94,0.24,13.17,0.27,13.15,-0.62,-6.85,-5.14,-5.68,-4.06,-8.73,-6.13,-9.84,-7.55,-9.22,-7.25,-8.6,-5.89,758.61,130.86,85.24,80.49,43.84,43.32,23.45,150.87,85.27,95.03,55.41,50.71,751.12,20.8,85.24,81.28,47.57,56.55,798.72,140.67,83.93,75.17,41.65,29.43,754.1,129.47,83.21,74.6,19.56,59.82,765.64,137.97,84.58,81.31,47.12,47.97,83.62,68.18,89.93,69.96,87.44,63.95,83.83,63.07,20.87,79.63,84.81,73.68,83.74,68.69,87.65,67.58,84.41,2293.72,,62.62
25.67,16.68,13.42,0.86,12.94,0.24,13.17,0.27,13.15,-0.62,-6.81,-5.1,-5.59,-3.97,-8.61,-6.01,-9.77,-7.48,-9.27,-7.3,-8.55,-5.84,764.02,150.8,85.44,79.27,45.1,44.45,23.49,172.04,85.59,97.97,56.52,52.3,785.58,21,85.59,80.51,48.52,57.65,806.32,154.97,85.26,75.77,42.78,30,759.71,150.46,83.77,74.74,19.56,59.67,778.91,157.07,85.13,81.65,48.23,48.81,84.04,68.8,90.81,70.61,88.59,64.46,84.53,63.67,20.86,79.86,85.08,73.8,84.32,68.64,88.46,68.41,84.99,2293.7,,63.15
26.5,16.64,13.41,0.85,12.95,0.25,13.17,0.27,13.15,-0.62,-6.78,-5.07,-5.54,-3.92,-8.54,-5.94,-9.77,-7.48,-9.21,-7.24,-8.51,-5.8,770.91,174.92,85.54,76.94,46.21,45.66,23.57,189.57,86.03,100.57,57.43,53.56,796.74,21.16,86.02,79.59,49.57,58.63,814.61,175.03,86.49,74.87,43.82,30.61,772.83,173.84,84.32,75.17,19.55,60.3,788.77,178.34,85.68,81.42,49.26,49.75,84.49,69.1,91.77,71.09,90.41,64.94,85.28,64.28,20.88,80.14,85.47,73.9,84.94,68.83,89.27,68.93,85.62,2293.71,,64
27.33,16.62,13.42,0.86,12.94,0.24,13.17,0.27,13.14,-0.63,-6.78,-5.07,-5.47,-3.85,-8.46,-5.86,-9.77,-7.48,-9.29,-7.32,-8.51,-5.8,775.67,192.3,86.23,76.14,47.21,46.42,23.55,203.55,86.62,103.93,58.16,54.52,803.12,21.34,86.85,80.28,50.34,58.95,820.35,193.82,88.2,75.59,44.78,31.25,780.01,190.77,84.91,75.76,19.53,60.87,794.79,195.11,86.56,82.34,50.12,50.4,85.07,68.87,92.45,71.57,92.22,65.54,86.4,64.92,20.89,80.47,86.35,74.22,85.91,69.22,90.09,69.63,86.38,2293.72,,64.82
28.16,16.59,13.41,0.85,12.95,0.25,13.17,0.27,13.14,-0.63,-6.79,-5.08,-5.41,-3.79,-8.35,-5.75,-9.77,-7.48,-9.36,-7.39,-8.51,-5.8,779.22,203.42,87.25,78.69,48.19,47.13,23.55,218.31,87.64,107.71,58.85,55.29,803.74,21.46,87.81,80.28,51.13,59.32,828.99,206.97,90.95,77.04,45.74,31.74,781.65,197.4,86.09,76.77,19.54,61.78,798.4,206.52,87.95,84.1,50.98,51.05,86.06,69.25,93.26,72.11,93.36,66.13,88.27,65.72,20.9,81.01,87.38,74.62,87.22,69.84,90.98,70.27,87.25,2293.72,,65.3
29,16.59,13.41,0.85,12.94,0.24,13.17,0.27,13.14,-0.63,-6.72,-5.01,-5.33,-3.71,-8.29,-5.69,-9.76,-7.47,-9.38,-7.41,-8.47,-5.76,784.43,211.29,88.63,79.22,49.13,47.67,23.59,228.06,88.75,110.34,59.64,56.01,820.51,21.6,88.4,80.48,52.1,59.84,826.14,213,95.29,78.3,46.66,32.27,785.21,200.61,87.16,78.12,19.58,62.58,804.07,213.24,89.65,85.29,51.88,51.68,87.21,69.82,93.89,72.99,94.06,66.98,90.66,66.61,20.92,81.99,88.18,75.5,88.31,70.55,91.95,71.33,88.37,2293.71,,66.16
29.83,16.57,13.4,0.84,12.94,0.24,13.17,0.27,13.15,-0.62,-6.66,-4.95,-5.23,-3.61,-8.17,-5.57,-9.66,-7.37,-9.4,-7.43,-8.43,-5.72,790.07,219.6,89.62,79.29,50.13,48.36,23.58,237.77,89.52,111.96,60.53,56.8,825.86,21.74,88.85,80.73,53.03,60.12,831.61,226.51,99.04,79.85,47.66,33,803.45,207.59,87.85,78.79,19.6,63.65,812.75,222.87,90.98,86.12,52.84,52.39,88,70.68,94.46,73.93,94.68,68.07,92.31,67.62,20.95,83.09,88.74,76.36,89.04,71.52,93.02,72.95,89.62,2293.72,,67.49
30.66,16.57,13.41,0.85,12.94,0.24,13.17,0.27,13.14,-0.63,-6.57,-4.86,-5.16,-3.54,-8.09,-5.49,-9.58,-7.29,-9.29,-7.32,-8.41,-5.7,795.27,231.01,90.29,79.28,51.17,49.26,23.49,247.47,90.13,112.14,61.64,57.46,831.74,21.88,89.5,81.29,54.07,61.28,838.24,243.66,98.36,80.55,48.64,34.4,802.27,218.47,88.45,79.21,19.6,65.17,816.88,235.15,91.35,86.49,53.88,53.51,88.59,71.68,95.03,74.96,95.11,69.06,93.44,68.65,20.96,83.91,89.41,77.18,89.7,72.53,93.92,73.78,90.67,2293.71,,68.29
31.49,16.6,13.41,0.85,12.93,0.23,13.17,0.27,13.15,-0.62,-6.52,-4.81,-5.1,-3.48,-7.97,-5.37,-9.54,-7.25,-9.45,-7.48,-8.39,-5.68,801.72,241.48,91.33,79.48,52.19,49.55,23.49,258.59,90.62,114.36,62.84,58.11,839.3,22.04,90.08,81.91,55.04,61.73,843.87,262.31,97.78,80.46,49.68,36.91,810.04,229.55,88.93,80.22,19.59,66.36,823.73,247.98,91.75,87.29,54.94,54.53,89.26,72.5,95.36,75.77,95.44,70.05,94.17,69.61,20.96,84.69,90,77.87,90.51,73.6,94.65,75,91.76,2293.7,,69.44
32.33,17.15,13.41,0.85,12.94,0.24,13.18,0.28,13.13,-0.64,-6.47,-4.76,-5.04,-3.42,-7.94,-5.34,-9.51,-7.22,-9.39,-7.42,-8.38,-5.67,807.89,249.97,92.13,79.81,53.24,50.17,23.48,269.96,91.22,115.09,64.39,58.77,848.12,22.18,90.74,81.42,56.03,62.11,846.09,276.05,96.74,80.94,50.73,39.39,826.42,239.45,89.48,80.94,19.61,67.87,832.13,258.86,92.06,87.64,56.1,55.66,89.86,73.23,95.46,76.75,95.69,70.88,94.71,70.53,20.97,85.4,90.58,78.69,91.39,74.46,94.98,75.78,92.79,2293.7,,70.22
33.16,17.14,13.4,0.84,12.93,0.23,13.17,0.27,13.12,-0.65,-6.47,-4.76,-4.99,-3.37,-7.91,-5.31,-9.51,-7.22,-9.32,-7.35,-8.38,-5.67,811.87,256.22,93.32,80.48,54.3,50.43,23.47,280.71,92,115.99,66.23,59.38,852.24,22.33,91.61,82,57.03,62.43,844.31,287.26,97.13,81.12,51.81,41.93,822.47,246.43,90.05,81.52,19.64,68.49,832.72,267.66,92.82,88.22,57.34,56.53,90.35,73.94,95.44,77.42,95.91,71.8,94.99,71.35,20.99,86.18,91.31,79.21,91.93,75.2,95.41,76.62,93.69,2293.71,,71.06
34,17.13,13.4,0.84,12.93,0.23,13.17,0.27,13.12,-0.65,-6.47,-4.76,-4.96,-3.34,-7.9,-5.3,-9.5,-7.21,-9.39,-7.42,-8.37,-5.66,819.12,262.44,94.93,81.19,55.37,51.26,23.42,290.18,92.93,117.49,67.96,59.91,854.68,22.48,92.64,82.06,57.92,62.58,854.15,297.55,98.8,80.95,52.93,43.36,830.9,252.98,90.66,82.17,19.68,69.2,839.71,275.79,93.99,88.77,58.55,57.26,90.8,74.71,95.5,78.13,96.04,72.54,95.13,72.14,21.02,86.83,91.61,79.92,92.42,75.93,95.77,77.39,94.26,2293.7,,71.94
34.83,17.13,13.42,0.86,12.92,0.22,13.17,0.27,13.12,-0.65,-6.44,-4.73,-4.94,-3.32,-7.88,-5.28,-9.5,-7.21,-9.36,-7.39,-8.38,-5.67,822.44,270.4,96.28,81.34,56.3,51.89,23.4,298.18,94.18,119.45,69.77,60.38,859.12,22.59,94.01,82.39,58.96,62.47,860.79,305.8,100.21,81.18,53.86,44.92,837.42,261.08,91.7,82.55,19.69,69.52,844.94,283.87,95.28,89.38,59.72,57.84,91.22,75.09,95.42,78.62,95.97,73.27,95.25,72.9,21.02,87.47,92.08,80.42,93.07,76.35,95.85,78.08,94.5,2293.69,,72.49
35.66,16.19,13.42,0.86,12.91,0.21,13.17,0.27,13.1,-0.67,-6.44,-4.73,-4.92,-3.3,-7.87,-5.27,-9.51,-7.22,-9.37,-7.4,-8.37,-5.66,825.43,277.13,98.15,81.46,57.32,52.15,23.32,307.15,95.5,121.08,71.17,60.78,855.11,22.75,95.37,82.67,59.85,62.6,860.53,314.05,101.15,81.55,54.9,45.69,843.46,268.65,93.16,82.8,19.71,70.26,846.13,291.75,96.67,89.91,60.81,58.3,91.79,75.64,95.48,79.2,95.96,74.01,95.33,73.52,21.04,88.04,92.57,80.88,93.3,76.94,95.96,78.71,94.62,2293.69,,74.02
36.5,16.69,13.42,0.86,12.89,0.19,13.17,0.27,13.09,-0.68,-6.44,-4.73,-4.91,-3.29,-7.87,-5.27,-9.5,-7.21,-9.4,-7.43,-8.38,-5.67,831.63,284.61,99.43,81.76,58.17,52.18,23.31,314.67,97.2,123.47,72.54,61.12,859.65,22.91,97.03,83.02,60.87,62.46,867.26,318.41,103.12,82.15,55.77,46.43,840.81,277.57,94.8,83.54,19.72,70.82,849.84,298.82,98.32,90.79,61.84,58.6,92.46,76.16,95.6,79.58,95.99,74.58,95.43,74.27,21.07,88.73,92.82,81.51,93.7,77.49,96.08,79.43,94.81,2293.73,,74.34
37.33,16.76,13.39,0.83,12.87,0.17,13.17,0.27,13.07,-0.7,-6.44,-4.73,-4.9,-3.28,-7.86,-5.26,-9.51,-7.22,-9.29,-7.32,-8.39,-5.68,832.62,291.41,101.42,82.02,59.1,52.91,23.29,322.65,98.54,124.06,73.57,61.55,863.69,23.05,98.52,83.52,61.72,61.96,870.84,324.37,102.98,83.01,56.74,47.22,842.41,285.26,96.66,83.93,19.73,71.14,852.39,305.92,99.62,91.31,62.78,58.95,93.03,76.88,95.64,80.13,96.08,75.26,95.5,74.86,21.09,89.63,92.97,82.06,93.93,78.19,96.19,80,94.97,2293.71,,74.68
38.17,16.86,13.4,0.84,12.87,0.17,13.17,0.27,13.07,-0.7,-6.44,-4.73,-4.9,-3.28,-7.86,-5.26,-9.52,-7.23,-9.42,-7.45,-8.43,-5.72,837.49,302.12,102.68,82.37,59.87,53.36,23.26,329.54,100.07,122.7,74.6,61.76,868.81,23.16,100.24,83.65,62.66,61.26,873.79,329.81,103.35,83.09,57.57,47.19,849,294.04,98.25,84.28,19.75,71.35,857.27,313.88,100.92,91.22,63.67,58.98,93.47,77.26,95.71,80.56,96.08,75.77,95.51,75.57,21.11,90.46,93.3,82.78,94.19,78.67,96.32,80.68,95.15,2293.73,,75.42
39,16.95,13.39,0.83,12.86,0.16,13.17,0.27,13.06,-0.71,-6.44,-4.73,-4.88,-3.26,-7.9,-5.3,-9.56,-7.27,-9.47,-7.5,-8.5,-5.79,839.36,310.23,104.11,82.81,60.74,53.33,23.22,336.75,101.46,123.07,75.28,62.02,870.81,23.33,101.92,84.42,63.47,61.13,879.91,337.42,104.2,84.14,58.51,47.42,854.24,301.66,99.86,84.93,19.76,72.03,861.08,321.52,102.31,91.88,64.5,59.19,93.95,77.76,95.79,80.91,95.97,76.43,95.54,76.2,21.12,91.49,93.53,83.16,94.5,79.31,96.35,81.18,95.36,2293.73,,76.08
39.83,17.05,13.4,0.84,12.84,0.14,13.18,0.28,13.03,-0.74,-6.44,-4.73,-4.88,-3.26,-7.94,-5.34,-9.63,-7.34,-9.57,-7.6,-8.58,-5.87,841.94,318.92,105.77,83.37,61.5,54.35,20.8,342.66,102.78,118.23,75.89,62.1,872.7,23.42,103.6,84.6,64.35,61.23,885.64,344.43,110.08,86.13,59.3,47.27,854.41,310.37,101.35,85.28,19.78,72.88,863.67,329.1,104.72,91.52,65.26,59.57,94.37,78.16,95.93,81.19,95.93,76.92,95.59,76.91,21.14,92.17,93.86,83.77,94.81,79.87,96.39,81.74,95.52,2293.72,,77.03
40.67,17.14,13.41,0.85,12.83,0.13,13.17,0.27,13.03,-0.74,-6.44,-4.73,-4.87,-3.25,-7.96,-5.36,-9.69,-7.4,-9.67,-7.7,-8.67,-5.96,846.44,326.48,107.19,84.32,62.36,54.3,20.85,349.87,103.92,118.1,76.03,62.17,879.45,23.59,104.72,85.3,65.14,60.55,889.85,352.79,112.03,90.98,60.21,47.31,856.6,317.37,103.09,85.86,19.75,73.48,868.08,336.63,106.19,92.91,65.93,59.56,94.9,78.68,96.35,81.41,96.01,77.57,95.71,77.57,21.15,92.97,93.53,84.29,95.03,80.51,96.46,82.26,95.54,2293.7,,77.28
41.5,16.76,13.42,0.86,12.84,0.14,13.17,0.27,13.02,-0.75,-6.45,-4.74,-4.86,-3.24,-8,-5.4,-9.75,-7.46,-9.8,-7.83,-8.75,-6.04,850.08,334.32,108.21,84.61,63.09,54.42,20.86,356.24,105.14,115.6,76.08,62.24,881.33,23.69,106.27,85.63,66.03,60.79,891.53,360.93,112.11,94.17,60.99,48.31,862.18,325.32,104.36,86.38,19.76,73.94,871.28,344.2,107.22,93.28,66.55,59.94,95.26,79.71,96.02,81.77,96.03,78.1,95.9,78.31,21.15,93.81,93.85,84.99,95.21,81.06,96.59,82.86,95.64,2293.7,,78.78
42.34,16.8,13.4,0.84,12.83,0.13,13.17,0.27,12.98,-0.79,-6.46,-4.75,-4.86,-3.24,-8.04,-5.44,-9.78,-7.49,-9.9,-7.93,-8.8,-6.09,852.79,341.14,109.58,85.05,63.92,54.79,20.88,363.44,106.01,109.27,76.32,62.36,886.55,23.82,107.45,86.02,66.76,60.54,892.08,369.99,111,98.54,61.91,46.72,861.71,332.14,105.66,86.85,19.8,73.83,873.28,351.68,107.94,93.15,67.23,59.65,95.59,80.37,96.03,82.13,96.09,78.76,95.92,78.98,21.18,94.82,96.9,85.25,95.39,81.82,96.85,83.35,95.78,2293.71,,78.86
43.17,16.87,13.42,0.86,12.83,0.13,13.17,0.27,12.97,-0.8,-6.45,-4.74,-4.87,-3.25,-8.13,-5.53,-9.8,-7.51,-9.92,-7.95,-8.87,-6.16,856.97,348.73,110.43,85.5,64.63,55.2,20.87,369.71,107.02,107.78,76.64,62.45,888,23.87,108.59,86.39,67.59,60.94,899.95,378.62,113.44,102.07,62.68,46.45,866.24,339.72,106.65,87.37,19.79,75.04,877.79,359.2,109.23,93.82,67.89,60.02,97.37,81.1,96.05,82.62,96.14,79.29,96,79.75,21.2,95.49,99.38,85.9,95.6,82.36,97.43,83.98,95.93,2293.72,,79.09
44.01,16.98,13.41,0.85,12.82,0.12,13.17,0.27,12.96,-0.81,-6.45,-4.74,-4.87,-3.25,-8.17,-5.57,-9.87,-7.58,-10.12,-8.15,-8.97,-6.26,861.01,355.47,111.23,85.9,65.41,55.31,20.95,376.9,107.69,105.01,76.95,62.58,893.44,24.07,109.27,86.84,68.24,60.44,901.52,387.53,114.31,103.83,63.57,48.69,872.97,346.01,107.7,87.66,19.82,74.05,882.23,366.48,110.04,93.85,68.54,60.21,98.93,81.62,96.13,83.01,96.21,79.94,95.96,80.41,21.23,96.46,101.32,86.28,95.75,83.12,98.02,84.46,96.07,2293.72,,79.72
44.84,16.35,13.37,0.81,12.8,0.1,13.16,0.26,12.95,-0.82,-6.45,-4.74,-4.87,-3.25,-8.25,-5.65,-9.93,-7.64,-10.16,-8.19,-9.02,-6.31,865.91,362.68,112.32,86.61,66.06,55.72,21.03,383.45,108.41,103.18,77.34,62.63,898.54,24.45,110.22,87.23,69.01,60.54,905.85,395.22,116.32,104.79,64.3,48.74,874.79,353.17,108.24,88.24,19.82,75.45,886.28,373.63,111.1,94.01,69.18,60.62,101.28,82.11,96.31,83.43,96.24,80.39,95.95,81.14,21.25,97.04,102.97,86.83,95.42,83.46,98.74,85.04,96.14,2293.71,,80.45
45.68,16.81,13.12,0.56,12.44,-0.26,12.86,-0.04,12.69,-1.08,-6.43,-4.72,-4.87,-3.25,-8.26,-5.66,-9.9,-7.61,-10.25,-8.28,-9.11,-6.4,869.64,369.05,112.87,86.8,66.8,56.08,21.03,390.75,109.05,100.8,77.73,62.75,897.01,24.52,110.48,87.71,69.62,60.23,905.67,404.07,117.47,106.44,65.15,50.04,880.63,359.23,109.02,88.58,19.84,75.79,888.24,380.77,111.78,94.07,69.82,60.98,102.61,82.49,96.56,83.67,96.35,81,95.96,81.85,21.28,97.91,104.13,87.14,96.17,84.08,99.27,85.49,96.23,2293.72,,80.64
46.52,16.84,13.15,0.59,12.48,-0.22,12.9,0,12.71,-1.06,-6.45,-4.74,-4.87,-3.25,-8.26,-5.66,-9.92,-7.63,-10.17,-8.2,-9.12,-6.41,873.15,376.24,113.71,87.26,67.46,56.06,21.09,396.92,109.28,99.61,78.31,62.92,904.15,24.64,110.96,88.16,70.31,60.16,912.5,411.72,117.22,108.01,65.86,50.15,886.32,366.02,109.57,89.25,19.83,77.54,894.03,387.73,112.15,94.46,70.49,61.37,103.65,82.9,97.14,84.21,96.53,81.45,95.99,82.61,21.29,98.48,105.24,87.6,97.9,84.58,100.11,86.08,96.2,2293.7,,81.39
47.35,16.86,13.15,0.59,12.48,-0.22,12.9,0,12.72,-1.05,-6.45,-4.74,-4.87,-3.25,-8.33,-5.73,-10.02,-7.73,-10.31,-8.34,-9.22,-6.51,874.7,382.63,114.54,87.63,68.16,56.89,21.12,404.11,109.55,99,78.86,62.99,904.99,24.78,111.21,88.45,70.87,60.31,915.42,420.53,115.94,107.08,66.68,49.8,886.54,372.19,109.78,89.49,19.84,77.92,895.41,394.87,112.21,94.33,71.14,61.58,104.66,83.3,98.01,84.69,96.89,81.95,96.13,83.19,21.31,99.02,106.13,87.95,99.99,85.13,100.85,86.34,96.25,2293.71,,81.75
48.19,16.9,13.15,0.59,12.48,-0.22,12.9,0,12.72,-1.05,-6.46,-4.75,-4.87,-3.25,-8.36,-5.76,-10.09,-7.8,-10.54,-8.57,-9.32,-6.61,876.78,390.34,115.55,88.01,68.73,57.16,21.12,410.31,109.74,98.51,79.54,63.24,905.56,24.84,111.26,88.8,71.45,60.24,916,428.59,116.38,103.92,67.34,50.1,890.84,379.44,110.26,89.87,19.83,78.07,897.3,402.17,112.64,93.82,71.76,61.76,105.41,83.57,99.31,85.39,97.35,82.35,96.51,83.86,21.32,99.64,107.08,88.5,103.32,85.42,101.86,86.71,96.31,2293.72,,82.27
49.02,16.93,13.16,0.6,12.5,-0.2,12.9,0,12.72,-1.05,-6.51,-4.8,-4.86,-3.24,-8.41,-5.81,-10.25,-7.96,-10.65,-8.68,-9.37,-6.66,880.25,397.77,114.91,88.2,69.34,57.4,21.12,417.47,109.85,97.97,80.09,63.57,906.88,24.98,111.38,89.05,71.91,60.76,917.6,439.63,117.69,100.06,68.11,51.37,899.89,386.05,110.57,90.05,19.88,78.24,901.16,410.23,112.88,93.07,72.36,62.27,106.21,83.88,100.85,86.12,98,82.75,97.71,84.44,21.36,100.3,107.75,89.11,106.56,85.75,102.48,87.11,96.5,2293.71,,82.67
49.86,16.95,13.17,0.61,12.5,-0.2,12.9,0,12.71,-1.06,-6.56,-4.85,-4.87,-3.25,-8.48,-5.88,-10.39,-8.1,-10.77,-8.8,-9.46,-6.75,882.29,406.26,112.82,88.48,69.83,57.77,21.17,424.52,109.9,97.77,80.63,63.77,909.99,25.06,111.51,89.35,72.41,60.88,920.83,449.13,116.86,96.94,68.71,51.93,898.63,393.85,110.85,90.3,19.91,77.82,902.94,418.44,112.39,92.57,72.89,62.43,106.82,84.22,104.49,86.93,98.28,83.04,98.99,85.11,21.4,100.75,108.43,89.67,108.17,86.04,105.34,87.46,96.78,2293.73,,83.31
50.69,16.98,13.15,0.59,12.5,-0.2,12.9,0,12.71,-1.06,-6.64,-4.93,-4.87,-3.25,-8.55,-5.95,-10.53,-8.24,-10.96,-8.99,-9.55,-6.84,885.95,412.91,111.91,88.73,70.38,57.86,21.15,431.45,110.25,97.81,81.02,63.99,906.76,25.24,111.65,89.65,72.79,61.07,924.84,459.68,116.94,95.32,69.34,53.01,900.4,400.47,111.09,90.62,19.89,78.54,904.49,426.13,112.37,92.43,73.38,62.89,107.59,84.67,110.14,87.61,99.05,83.5,99.92,85.75,21.43,101.41,108.96,90.17,109.3,86.37,110.6,87.69,97.19,2293.71,,83.68
51.53,17,13.14,0.58,12.5,-0.2,12.9,0,12.72,-1.05,-6.7,-4.99,-4.87,-3.25,-8.61,-6.01,-10.68,-8.39,-11.06,-9.09,-9.62,-6.91,888.63,420.14,111.62,88.98,70.8,57.93,21.15,436.52,110.27,97.85,81.38,64.25,913.69,25.38,111.6,89.96,73.22,61.15,923.53,468.48,114.99,94.41,69.84,53.64,899.94,407.9,110.98,90.89,19.91,79.01,906.45,433.26,111.89,92.42,73.81,63.19,108.14,85.29,117.8,88.31,99.93,83.66,100.91,86.47,21.46,98.02,109.58,90.94,109.98,86.51,116.28,87.98,97.97,2293.72,,84.14
52.37,17.03,13.14,0.58,12.5,-0.2,12.9,0,12.71,-1.06,-6.76,-5.05,-4.87,-3.25,-8.68,-6.08,-10.84,-8.55,-11.26,-9.29,-9.72,-7.01,890.87,426.49,111.6,89.2,71.27,58.32,21.22,441.58,110.44,97.83,81.61,64.78,908.28,25.53,111.8,90.1,73.56,61.49,927.11,476.8,114.25,94.05,70.39,53.62,898.56,414.43,111.14,91.07,19.95,78.62,906.21,439.83,111.85,92.45,74.21,63.37,108.8,85.99,121.72,88.85,102.53,83.87,101.85,87.08,21.46,101.37,110.07,91.82,110.55,86.7,119.96,88.26,100.86,2293.69,,84.29
53.21,16.35,13.17,0.61,12.5,-0.2,12.9,0,12.71,-1.06,-6.84,-5.13,-4.87,-3.25,-8.76,-6.16,-11,-8.71,-11.42,-9.45,-9.8,-7.09,894.28,433.63,111.59,89.39,71.66,59.09,21.21,447.22,110.88,97.92,81.85,65.04,913.53,25.62,111.78,90.26,73.93,61.93,926.36,481.67,113.83,93.72,70.83,54.85,902.89,421.83,111.32,91.42,19.92,78.94,909.26,446.09,111.88,92.54,74.57,63.97,109.38,86.44,124.12,89.44,106.44,84.13,103.37,87.77,21.5,102.2,110.66,92.5,111.04,86.82,122.64,88.74,103.53,2293.71,,84.53
54.04,16.81,12.92,0.36,12.21,-0.49,12.72,-0.18,12.5,-1.27,-6.98,-5.27,-5.05,-3.43,-8.81,-6.21,-11.05,-8.76,-11.46,-9.49,-9.87,-7.16,897.65,440,112.05,89.56,72.08,59.52,21.31,452.37,111.07,98.1,82.01,65.18,919.7,25.78,112.17,90.45,74.2,62.29,931.3,485.57,113.97,93.74,71.32,55.22,907.97,428,111.76,91.68,19.95,79.49,914.16,451.49,112.2,92.71,74.9,64.34,109.99,86.94,125.75,89.97,112.19,84.42,105.51,88.44,21.51,102.82,111.14,92.99,111.55,87.12,124.56,89.55,108.22,2293.72,,84.91
54.88,16.77,12.93,0.37,12.22,-0.48,12.73,-0.17,12.51,-1.26,-7.03,-5.32,-5.05,-3.43,-8.87,-6.27,-11.17,-8.88,-11.52,-9.55,-9.96,-7.25,899.62,448.14,112.24,89.65,72.38,59.81,21.41,456.61,111.35,98.19,82.16,65.25,922.66,25.91,112.73,90.59,74.5,62.46,934.1,487.94,114.24,93.66,71.71,55.59,909.64,434.74,111.94,91.92,19.95,79.31,916.5,456.86,112.5,92.8,75.19,64.48,110.47,87.44,127.87,90.61,116.34,84.54,110.24,89.15,21.52,103.33,111.71,93.65,112.09,87.26,126.96,90.12,112.82,2293.72,,85.23
55.72,16.74,12.91,0.35,12.22,-0.48,12.73,-0.17,12.51,-1.26,-7.09,-5.38,-5.05,-3.43,-8.96,-6.36,-11.3,-9.01,-11.73,-9.76,-10.07,-7.36,903.31,456.57,112.8,89.9,72.73,60.07,21.38,461.04,111.85,98.37,82.26,65.4,921.07,26.04,113.23,90.73,74.73,62.66,936.48,490.46,114.84,93.71,72.13,56.38,909.92,440.47,112.08,92.29,19.94,79.36,917.7,462.14,112.96,93,75.46,64.77,111.09,88.01,129.98,91.13,119.78,84.73,116.3,89.78,21.54,103.82,112.22,94.23,112.69,87.49,129.5,90.57,116.63,2293.71,,85.65
56.55,16.72,12.92,0.36,12.22,-0.48,12.73,-0.17,12.51,-1.26,-7.14,-5.43,-5.06,-3.44,-9.1,-6.5,-11.45,-9.16,-11.82,-9.85,-10.18,-7.47,906.49,466.48,113.18,90.02,73,60.34,21.4,465.43,112.14,98.45,82.36,65.6,926.38,26.13,113.65,90.8,74.95,62.42,940.47,493.09,115.98,93.8,72.5,55.94,915.12,446.85,112.31,92.64,19.97,78.91,922.12,467.96,113.45,93.14,75.7,64.64,111.63,88.5,132.85,91.72,121.93,84.84,123.2,90.5,21.68,104.21,112.86,94.89,113.33,87.7,132.5,91.03,118.4,2293.71,,86.31
57.39,16.73,13.08,0.52,12.22,-0.48,12.74,-0.16,12.51,-1.26,-7.26,-5.55,-5.17,-3.55,-9.24,-6.64,-11.63,-9.34,-11.99,-10.02,-10.32,-7.61,909.97,474.59,113.79,90.25,73.32,60.54,21.42,470,112.79,98.66,82.41,65.74,932.02,26.23,114.07,91.02,75.12,62.73,943.27,495.9,116.67,93.99,72.9,56.21,918.79,452.21,112.81,92.77,19.99,79.52,926.02,473.17,114.03,93.34,75.94,64.95,112.31,89.07,135.74,92.28,124.13,85.15,127.02,91.16,21.7,104.76,113.49,95.46,114.13,87.89,135.33,91.4,119.83,2293.72,,86.96
58.23,16.78,13.08,0.52,12.22,-0.48,12.74,-0.16,12.51,-1.26,-7.4,-5.69,-5.33,-3.71,-9.43,-6.83,-11.78,-9.49,-12.26,-10.29,-10.49,-7.78,911.26,483.28,114.29,90.43,73.56,60.68,21.43,473.33,113.37,98.86,82.29,65.81,930.81,26.33,114.3,91.18,75.29,62.93,940.16,498.28,118.1,94.12,73.21,56.66,918.68,459.34,113.43,93.05,20,79.59,925.23,478.56,114.7,93.53,76.09,65.14,112.89,89.6,139.6,92.96,126.16,85.42,129.85,91.93,21.69,105.15,114.29,96.07,114.92,88.05,138.9,91.77,120.78,2293.7,,87.62
59.06,16.84,13.09,0.53,12.22,-0.48,12.74,-0.16,12.51,-1.26,-7.51,-5.8,-5.43,-3.81,-9.62,-7.02,-11.99,-9.7,-12.45,-10.48,-10.63,-7.92,912.84,490.63,115.15,90.53,73.8,60.65,21.44,476.98,113.96,99.13,82.28,65.83,937.08,26.44,115.41,91.34,75.43,63.22,943.98,501.41,118.44,94.29,73.54,56.66,922.52,465.33,113.7,93.23,19.99,79.56,929.11,483.59,115.33,93.7,76.26,65.18,113.68,90.18,143.28,93.58,128.69,86.11,131.91,92.59,21.72,105.86,115.11,96.6,115.94,88.22,142.08,92.13,122.19,2293.71,,88.14
59.9,16.91,13.08,0.52,12.22,-0.48,12.74,-0.16,12.51,-1.26,-7.68,-5.97,-5.58,-3.96,-9.81,-7.21,-12.15,-9.86,-12.55,-10.58,-10.81,-8.1,917.77,498.32,115.75,90.76,74,60.31,21.49,480.34,114.88,99.41,82.29,65.91,939.77,26.62,116.06,91.49,75.58,62.85,946.04,504.58,119.65,94.55,73.81,57.08,925.58,470.86,113.98,93.57,20.01,80.11,932.29,488.52,116.06,93.95,76.42,65.25,114.51,90.67,147.47,94.24,130.97,86.5,134.27,93.37,21.73,106.33,116.2,97.18,117,88.41,145.68,92.5,123.64,2293.71,,88.72
60.74,16.99,13.06,0.5,12.22,-0.48,12.74,-0.16,12.51,-1.26,-7.85,-6.14,-5.8,-4.18,-10.07,-7.47,-12.37,-10.08,-12.69,-10.72,-11.01,-8.3,918.74,504.89,116.86,90.9,74.2,60.39,21.49,484.2,115.26,99.73,82.3,65.9,939.65,26.77,116.07,91.67,75.62,63.3,950.22,507.94,120.8,94.87,74.12,57.91,925.95,474.89,114.77,93.76,20.01,78.97,933.64,492.98,116.75,94.19,76.56,65.29,115.61,91.27,151.42,94.86,133.81,87.15,136.56,94.04,21.78,107.02,117.35,97.69,118.35,88.69,148.84,92.8,125.69,2293.72,,89.28
61.58,17.09,13.07,0.51,12.22,-0.48,12.74,-0.16,12.51,-1.26,-8.05,-6.34,-6,-4.38,-10.32,-7.72,-12.6,-10.31,-12.99,-11.02,-11.2,-8.49,922.6,512.38,117.99,91.07,74.36,60,21.53,487.64,116.25,100.12,82.27,66.22,945.43,26.92,117.82,91.86,75.69,63.31,952.98,508.47,122.78,95.26,74.37,57.33,930.5,479.27,115.09,94.23,20.08,79.64,937.88,496.94,117.99,94.51,76.67,65.3,116.75,91.81,156.33,95.62,136.4,87.55,139.28,94.85,21.79,107.56,119,98.44,119.7,88.89,152.72,93.14,127.81,2293.7,,89.91
62.42,17.21,13.07,0.51,12.21,-0.49,12.74,-0.16,12.51,-1.26,-8.23,-6.52,-6.26,-4.64,-10.63,-8.03,-12.89,-10.6,-13.16,-11.19,-11.44,-8.73,926.07,518.82,119.5,91.29,74.49,60.76,21.49,491.7,117.75,100.9,82.25,66.3,948.87,27.07,119.08,92.11,75.79,63.92,955.91,509.77,124.77,95.71,74.63,57.54,932.7,482.81,115.8,94.44,20.05,80.05,940.89,500.78,119.38,94.89,76.79,65.71,118.4,92.47,161.34,96.36,139.8,88.49,141.92,95.57,21.83,108.75,120.79,99.13,121.55,89.27,156.09,93.49,130.9,2293.71,,90.47
63.25,17.33,13.05,0.49,12.19,-0.51,12.74,-0.16,12.51,-1.26,-8.48,-6.77,-6.51,-4.89,-10.99,-8.39,-13.21,-10.92,-13.39,-11.42,-11.74,-9.03,927.45,525.9,121.07,91.56,74.62,60.63,21.39,494.84,119.31,101.66,82.2,66.17,948.8,27.18,120.43,92.32,75.9,63.67,960.58,511.27,127.61,96.56,74.84,58.14,935.78,486.1,116.73,94.83,20.05,79.79,943.15,504.53,121.03,95.39,76.89,65.68,120.24,93.09,167.64,97.26,143.02,88.99,145.38,96.51,21.86,109.73,123.32,100.13,123.61,89.79,159.96,93.86,133.82,2293.71,,91.13
64.09,16.83,13.06,0.5,12.05,-0.65,12.71,-0.19,12.49,-1.28,-8.73,-7.02,-6.83,-5.21,-11.39,-8.79,-13.46,-11.17,-13.56,-11.59,-12.01,-9.3,929.46,532.05,124.02,91.81,74.75,61.14,21.41,498.21,121.18,103.11,82.09,66.25,950.05,27.22,121.72,92.79,76,63.5,959.04,511.04,131.08,97.4,75.09,58.67,935.91,489.1,118.1,95.26,20.07,79.75,943.62,507.6,123.22,96.08,76.98,65.86,122.75,93.89,173.62,97.91,146.92,89.53,148.56,97.35,21.89,111.52,126.74,101.11,126.66,90.22,163.51,94.15,136.92,2293.71,,91.72
64.93,17.02,13.05,0.49,11.96,-0.74,12.66,-0.24,12.45,-1.32,-8.98,-7.27,-7.09,-5.47,-11.74,-9.14,-13.76,-11.47,-13.86,-11.89,-12.26,-9.55,931.4,537.91,127.15,92.3,74.81,60.13,21.46,501.19,125.29,105.1,81.99,66.23,947.69,27.34,123.65,93.26,76.09,63.15,962.07,507.85,135.48,98.94,75.32,58.16,939.19,492.19,120.08,95.83,20.09,78.86,945.08,509.79,126.33,97.09,77.05,65.31,125.56,94.68,181.26,98.98,150.53,90.08,152.83,98.54,21.94,113.13,132.43,102.42,130.28,90.67,168.22,94.54,139.46,2293.71,,92.56
65.77,17.29,13.05,0.49,11.97,-0.73,12.66,-0.24,12.45,-1.32,-9.23,-7.52,-7.46,-5.84,-12.23,-9.63,-14.17,-11.88,-14.18,-12.21,-12.66,-9.95,933.47,542.83,132.25,92.86,74.88,61.56,21.48,503.92,127.02,107.68,81.9,66.25,955.15,27.36,128.79,93.97,76.16,63.39,961.61,505.79,142.22,100.75,75.53,58.64,942.4,495.23,122.48,96.83,20.09,79.03,948.15,511.94,130.55,98.42,77.12,65.78,131.23,95.78,188.53,99.91,155.19,90.73,157.08,99.79,21.99,116.31,137.37,103.99,136.22,91.28,172.9,94.96,142.8,2293.71,,93.32
66.61,17.59,13.04,0.48,11.96,-0.74,12.66,-0.24,12.45,-1.32,-9.59,-7.88,-7.85,-6.23,-12.79,-10.19,-14.65,-12.36,-14.57,-12.6,-13.04,-10.33,934.13,548.8,136.84,93.68,74.95,60.88,21.39,505.34,133.73,110.65,81.85,66.13,953.79,27.39,132.21,94.95,76.26,63.51,965.23,505.27,147.69,103.47,75.71,59,941.72,498.72,125.26,98.21,20.08,79.63,948.72,514.53,135.15,100.19,77.19,65.83,137.13,96.96,193.34,101.29,160.17,91.46,162.41,101.58,22.1,119.33,142.84,106.14,144,91.85,179.02,95.53,145.93,2293.72,,94.34
67.44,17.9,13.05,0.49,11.93,-0.77,12.66,-0.24,12.45,-1.32,-9.98,-8.27,-8.28,-6.66,-13.35,-10.75,-15.15,-12.86,-14.91,-12.94,-13.51,-10.8,938.12,554.21,144.54,95,74.99,60.99,21.42,506.97,139.54,114.85,81.88,66.1,959.12,27.42,137.36,96.32,76.37,63.24,965.94,506.4,152.75,106,75.91,59.53,948.81,501.47,129.66,99.76,20.11,79.29,953,517.26,140.77,102.39,77.29,65.83,142.8,98.58,198.66,102.51,167.09,92.51,167.23,103.41,22.2,123.14,147.43,108.32,151.73,92.54,184.38,96.34,149.99,2293.71,,95.44
68.28,16.12,13.03,0.47,11.88,-0.82,12.67,-0.23,12.45,-1.32,-10.4,-8.69,-8.75,-7.13,-13.97,-11.37,-15.67,-13.38,-15.24,-13.27,-13.95,-11.24,938.36,560.13,150.87,96.4,75.06,61.06,21.49,510.31,147.7,119,81.95,65.99,959.06,27.48,143.37,97.93,76.55,63.41,965.2,507.75,157.93,109.79,76.07,59.69,947.7,505.08,133.74,102.31,20.12,79.8,952.58,520.82,146.72,105.08,77.41,65.99,147.71,100.21,205.85,104.54,173.55,93.66,173.22,105.83,22.29,127.13,155.8,111.24,157.53,93.25,190.3,97.8,154.55,2293.69,,96.83
69.12,16.63,12.83,0.27,11.26,-1.44,12.3,-0.6,12.19,-1.58,-10.78,-9.07,-9.4,-7.78,-14.53,-11.93,-15.9,-13.61,-15.41,-13.44,-14.39,-11.68,940.85,565.76,156.87,98.16,75.11,61.1,21.48,513.19,153.01,124.02,82.01,66,961.57,27.53,149.75,99.9,76.74,63.44,965.76,508.65,162.75,113.94,76.26,59.88,949.76,509.19,138.47,104.35,20.12,79.05,954.48,524.2,152.17,108.07,77.53,65.89,154.89,102.3,212.38,106.68,181.53,95.31,178.55,108.21,22.41,132.18,164.38,113.62,169.93,94.36,195.37,99.28,161.85,2293.71,,98.19
69.96,17.01,12.86,0.3,11.24,-1.46,12.3,-0.6,12.19,-1.58,-11.01,-9.3,-9.63,-8.01,-14.96,-12.36,-16.34,-14.05,-15.84,-13.87,-14.67,-11.96,942.32,571.76,161.98,100.15,75.21,61.08,21.61,515.74,161.99,129.61,82,66.08,960.99,27.62,155.65,101.6,76.97,63.09,967.82,511.14,169.76,119.86,76.46,59.88,951.29,515.06,143.47,106.76,20.11,79.14,955.61,528.42,158.57,111.6,77.66,65.86,164.62,104.56,219.58,109.55,188.53,97.04,185.41,111.44,22.5,136.88,173.3,117.29,179.76,96.28,201.22,101.14,167.9,2293.71,,100.11
70.8,16.57,12.84,0.28,11.26,-1.44,12.3,-0.6,12.19,-1.58,-11.48,-9.77,-10.09,-8.47,-15.69,-13.09,-17,-14.71,-16.22,-14.25,-15.18,-12.47,943.99,577.23,169.09,103.5,75.37,60.96,21.53,520.46,168.05,136.16,81.91,65.88,963.55,27.74,165.3,105.01,77.18,62.85,973.99,515.47,177,125.63,76.8,60.03,952.53,520.86,152.42,109.76,20.12,78.74,958.52,533.51,166.37,116.01,77.81,65.69,174.04,107.66,225.84,112.23,196.6,99.15,192.78,114.84,22.66,143.51,181.88,121.19,188.79,98.61,206.73,103,174.84,2293.7,,102.06
71.64,17,12.68,0.12,10.84,-1.86,11.99,-0.91,11.97,-1.8,-11.8,-10.09,-10.53,-8.91,-16.17,-13.57,-17.29,-15,-16.38,-14.41,-15.5,-12.79,945.95,584.43,174.98,109.11,75.56,60.9,21.57,526.75,176.25,142.72,81.77,65.64,967.24,27.84,171.8,108.52,77.49,62.71,971.38,520.07,183.24,132.47,77.16,59.79,955.43,527.88,159.7,112.96,20.14,77.61,960,539.78,173.19,121.16,77.99,65.33,181.96,110.87,233.52,116.37,204.53,101.79,201.49,119.7,22.8,149.87,191.16,125.64,196.09,100.98,212.89,105.47,181.02,2293.71,,104.89
72.48,16.65,12.67,0.11,10.84,-1.86,11.99,-0.91,11.98,-1.79,-12.36,-10.65,-11.07,-9.45,-16.97,-14.37,-18.07,-15.78,-17.02,-15.05,-16.14,-13.43,948.05,590.68,183.36,114.85,75.83,60.59,21.64,530.22,184.6,150.9,81.63,65.28,967.34,27.91,183.49,113.12,77.76,62.42,971.69,525.38,190.33,138.76,77.57,58.89,960.7,532.85,167.71,116.68,20.16,77.92,961.95,544.78,181.9,126.86,78.19,65.02,191.17,115.08,240.53,120.15,214.71,105.24,209.59,123.74,22.96,157.81,199.13,129.91,204.53,103.61,218.42,107.87,188.19,2293.72,,107.7
73.32,17.04,12.38,-0.18,10.54,-2.16,11.72,-1.18,11.79,-1.98,-12.82,-11.11,-11.62,-10,-17.55,-14.95,-18.55,-16.26,-17.31,-15.34,-16.54,-13.83,948.56,597.3,190.53,121.86,76.1,61.27,21.75,535.65,190.17,158.04,81.45,64.88,967.27,27.97,190.86,117.82,78.1,62.1,974.86,532.74,197.78,146.15,77.9,59.11,959.01,538.57,174.02,122.64,20.15,76.62,962.43,551.06,188.67,133.3,78.39,64.79,199.01,119.1,248.63,125.83,223.62,108.87,219.41,128.88,23.07,164.58,208.1,136.06,211.51,106.03,224.75,110.84,195.2,2293.7,,111.24
74.16,12.35,12.41,-0.15,10.54,-2.16,11.72,-1.18,11.79,-1.98,-13.35,-11.64,-12.15,-10.53,-18.33,-15.73,-19.33,-17.04,-17.78,-15.81,-17.08,-14.37,949.41,602.82,199.42,127.6,76.53,60.42,21.77,542.69,195.94,163.37,81.4,64.39,972.32,28.01,195.61,123.41,78.36,62.88,981.47,541.98,205.27,151.58,78.32,58.47,962.89,544.13,179.5,126.4,20.16,76.58,966.52,557.91,195.15,138.47,78.65,64.55,208.12,124.1,255.56,130.92,234.13,113.34,228.29,133.98,23.22,172.45,215.79,141.09,219.87,108.93,230.53,114.08,203.09,2293.72,,114.7
75,17.11,9.61,-2.95,8.27,-4.43,9.21,-3.69,9.79,-3.98,-10.42,-8.71,-10.14,-8.52,-13.94,-11.34,-14,-11.71,-11.85,-9.88,-11.32,-8.61,951.4,607.69,206.83,134.77,76.82,61.66,21.81,548.67,206.85,167.65,81.4,64.18,974.34,28.03,204.38,128.27,78.71,62.43,981.09,549.89,213.17,157.33,78.67,57.73,962.34,550.26,184.94,130.9,20.18,75.86,967.29,564.13,203.23,143.78,78.9,64.37,215.89,128.53,265.03,135.06,243.42,117.41,238.37,140.96,23.31,178.68,224.4,146.39,225.13,112.41,236.54,114.95,209.36,2293.72,,119.51
75.84,17.08,11.76,-0.8,9.86,-2.84,10.98,-1.92,11.4,-2.37,-11.6,-9.89,-10.9,-9.28,-15.44,-12.84,-15.9,-13.61,-13.16,-11.19,-12.51,-9.8,951.97,610.96,216.05,140.24,77.34,61.44,21.8,555.06,215.68,171.49,81.25,64.06,972.3,28.13,208.52,133.38,79.09,62.47,984.97,559.11,219.65,160.94,78.86,58.47,965.93,554.7,189.32,135.38,20.19,75.71,968.79,569.96,209.84,148.29,79.14,64.43,224.48,134.39,270.42,143.67,252.81,122.72,246.31,146.37,23.43,186.81,230.27,153.23,233.89,116.77,243.26,128.53,218.21,2293.71,,124.38
76.68,16.49,11.72,-0.84,9.81,-2.89,10.92,-1.98,11.39,-2.38,-12.09,-10.38,-11.46,-9.84,-16.24,-13.64,-16.58,-14.29,-13.67,-11.7,-13.09,-10.38,953.81,614.44,223.52,145.34,77.85,62.27,21.89,561.36,225.18,174.07,81.15,64.14,978.25,28.13,216.55,137.58,79.52,62.53,985.95,565.97,229.34,163.27,79.37,58.35,966.99,558.45,193.82,140.12,20.19,75.79,971.25,575.05,217.68,152.08,79.47,64.62,231.45,139.18,277.51,149.12,260.57,126.98,255.48,151.17,23.54,192.57,237.84,159.01,240.26,121.27,251.87,133.89,225.45,2293.72,,129.2
77.52,16.73,11.41,-1.15,9.56,-3.14,10.69,-2.21,11.22,-2.55,-12.42,-10.71,-11.95,-10.33,-16.8,-14.2,-16.97,-14.68,-13.92,-11.95,-13.53,-10.82,955.09,617.45,230.02,149.17,78.36,61.99,21.92,564.99,230.55,178.05,81.15,64.17,978.57,28.18,224.64,142.36,79.83,63.55,989.53,573.89,234.83,165.41,79.9,58.93,971.02,561,196.52,143.91,20.18,76.42,973.55,579.33,223.31,155.78,79.81,65.01,239.09,144.32,283.31,154.11,269.01,131.81,262.86,155.38,23.68,199.13,243.97,163.88,247.48,126.54,259.24,138.64,233.33,2293.72,,133.04
78.36,17.67,11.34,-1.22,9.47,-3.23,10.59,-2.31,11.13,-2.64,-12.83,-11.12,-12.42,-10.8,-17.46,-14.86,-17.5,-15.21,-14.37,-12.4,-14.02,-11.31,956.88,620.99,235.83,151.32,78.64,62.49,22,568.33,235.61,180.68,81.19,64.34,979.37,28.24,232.11,145.41,80.05,63.79,988.88,580.86,242.34,168.13,80.2,59.33,970.12,563.85,201.07,150.47,20.19,76.84,973.81,583.51,229.39,159.2,80.02,65.36,245.36,148.87,289.46,150.64,275.51,135.8,270.67,160.25,23.77,204.6,250.48,169.67,251.41,130.72,267.84,144.21,240,2293.71,,138.24
79.2,17.09,11.29,-1.27,9.41,-3.29,10.53,-2.37,11.09,-2.68,-13.19,-11.48,-12.93,-11.31,-18.09,-15.49,-18.04,-15.75,-14.79,-12.82,-14.46,-11.75,956.61,624.16,240.58,152.47,78.75,62.02,21.97,572.35,242.85,185.44,81.37,64.64,980.6,28.36,239.48,149.3,80.14,63.88,987.39,586.31,247.32,170.37,79.58,59.63,972.35,567.67,209.67,153.82,20.17,77.31,974.24,587.62,235.98,162.28,79.96,65.49,252.17,153.8,294.31,153.31,282.51,139.75,276.73,164.64,23.87,209.28,255.86,174.67,259.84,135.55,274.68,148.9,247.32,2293.7,,142.8
80.04,16.51,11.11,-1.45,9.22,-3.48,10.32,-2.58,10.88,-2.89,-13.49,-11.78,-13.23,-11.61,-18.5,-15.9,-18.39,-16.1,-15.08,-13.11,-14.8,-12.09,957.94,627.91,245.08,154.98,78.81,62.52,22.08,576.15,247.94,188.07,81.69,64.94,983.15,28.49,250.41,153.02,80.2,64.43,991.68,589.44,255.06,173.89,79.64,59.61,975.16,572.5,217.71,157.79,20.19,78.29,976.98,591.5,243.24,165.55,80.08,65.96,257.53,157.8,299.85,153.5,288.28,142.78,283.51,169.56,23.94,213.17,261.93,179.61,264.84,139.43,281.97,154.05,253.3,2293.7,,147.97
80.88,16.91,10.55,-2.01,8.77,-3.93,9.91,-2.99,10.42,-3.35,-13.57,-11.86,-13.33,-11.71,-18.65,-16.05,-18.43,-16.14,-15.18,-13.21,-15.01,-12.3,960.06,630.96,251.02,157.22,78.94,62.19,22.06,579.71,252.99,192.63,81.96,65.45,987.09,28.58,259.16,157.69,80.26,64.62,994.22,597.06,260.48,178.82,79.82,59.85,975.49,576.73,227.97,161.62,20.19,78.42,979.22,596.11,250.32,169.6,80.25,66.11,263.4,162.24,304.37,155.73,294.96,145.98,288.96,173.72,24.03,218.22,266.94,183.91,270.8,144.6,287.61,158.37,259.72,2293.72,,151.4
81.72,15.69,10.55,-2.01,8.77,-3.93,9.92,-2.98,10.42,-3.35,-13.88,-12.17,-13.71,-12.09,-19.16,-16.56,-18.94,-16.65,-15.59,-13.62,-15.37,-12.66,962.42,634.33,256.89,160.74,79.17,63.14,22.05,583.42,259.64,199.51,82.35,65.67,988.46,28.62,264.68,161.18,80.39,65.12,996.22,603.39,267.72,184.54,80.01,60.08,977.18,581.31,235.96,164.98,20.18,79.1,981.07,600.61,256.98,174.19,80.48,66.62,268.3,165.91,309.79,158.48,300.54,148.3,294.99,178.47,24.09,222.3,272.77,188.64,275.86,148.87,293.61,162.58,264.86,2293.7,,155.21
82.56,17.03,10.39,-2.17,8.56,-4.14,9.68,-3.22,10.22,-3.55,-14.29,-12.58,-14.07,-12.45,-19.68,-17.08,-19.4,-17.11,-15.99,-14.02,-15.69,-12.98,961.97,637.43,261.69,164.24,79.51,62.99,22.14,588.46,264.52,204.53,82.73,66.01,986.97,28.71,272.42,166.02,80.55,64.63,997.07,611.65,273.65,190.23,80.41,60.54,978.1,585.81,243.68,168.68,20.18,79.14,981.03,605.84,263.19,178.74,80.8,66.66,273.83,170.09,313.68,161.56,306.81,150.83,300.01,182.47,24.16,227.42,278.34,192.57,281.37,153.94,298.13,165.94,270.39,2293.71,,158.09
83.4,17.27,10.39,-2.17,8.55,-4.15,9.66,-3.24,10.2,-3.57,-14.58,-12.87,-14.32,-12.7,-20,-17.4,-19.77,-17.48,-16.26,-14.29,-16.01,-13.3,963.16,641.27,266.71,171,79.84,63.14,22.17,592.32,270.13,209.2,83.22,66.24,989.62,28.75,279.35,170.24,80.77,64.47,1000.32,618.25,281.62,196.82,81.37,60.62,982,589.92,248.87,173.25,20.19,79.14,983.77,610.44,269.34,184.1,81.3,66.72,278.24,173.62,318.7,165.27,312.17,153.17,305.93,187.08,24.23,231.62,283.48,196.91,285.97,158.17,303.06,170.14,274.88,2293.71,,161.83
84.24,16.86,10.31,-2.25,8.42,-4.28,9.54,-3.36,10.09,-3.68,-14.91,-13.2,-14.62,-13,-20.44,-17.84,-20.22,-17.93,-16.59,-14.62,-16.29,-13.58,965.31,644.5,272.27,177.11,80.27,63.12,22.23,596.99,275.54,215.46,83.62,66.44,993.32,28.76,285.49,175.53,80.97,64.68,1002.2,626.03,286.35,202.7,82.1,60.51,983.97,594.3,256.67,177.18,20.2,79.72,986.2,615.45,275.26,189.6,81.74,66.89,283.37,177.79,323.12,168.71,318.55,155.88,311.03,191.12,24.31,236.43,287.59,200.69,291.38,162.59,307.1,173.8,279.65,2293.71,,165.36
85.09,16.84,10.09,-2.47,8.22,-4.48,9.34,-3.56,9.89,-3.88,-15.13,-13.42,-14.85,-13.23,-20.72,-18.12,-20.53,-18.24,-16.77,-14.8,-16.44,-13.73,965.82,648.46,277.19,182.72,80.63,63.91,22.25,600.81,279.75,218.68,84.15,66.58,993.57,28.78,290.37,179.62,81.21,64.51,1004.85,632.3,291.64,209.46,82.54,60.84,984,600.1,262.15,181.16,20.2,78.81,987.06,620.42,280.22,194.33,82.13,66.93,287.79,181.63,327.81,172.8,323.91,158.52,316.9,195.85,24.38,241.27,291.83,205.09,295.9,166.47,311.52,177.86,283.48,2293.71,,169.94
85.93,16.1,9.94,-2.62,8.07,-4.63,9.19,-3.71,9.74,-4.03,-15.38,-13.67,-15.1,-13.48,-21.09,-18.49,-20.87,-18.58,-17.13,-15.16,-16.7,-13.99,968,651.89,281.78,187.99,81.1,63.78,22.24,606.36,283.41,224.02,84.72,66.52,995.58,28.72,293.82,185.02,81.4,65.37,1006.48,639.47,297.94,213.83,82.97,61.48,985.78,605.44,269.7,186.93,20.19,78.5,988.96,625.79,285.33,199.56,82.55,67.13,292.89,186.03,331.53,176.66,329.98,162.06,321.74,199.76,24.44,246.31,295.48,208.99,301.19,171.31,315.28,181.59,287.8,2293.71,,173.96
86.77,16.36,9.3,-3.26,7.46,-5.24,8.68,-4.22,9.17,-4.6,-15.13,-13.42,-14.9,-13.28,-20.82,-18.22,-20.49,-18.2,-16.79,-14.82,-16.49,-13.78,968.11,655.85,286.14,193.88,81.51,63.97,22.27,611.68,287.15,227.15,85.51,66.56,994.79,28.72,299.87,190.27,81.59,65.48,1008.03,645.08,303.43,218.33,83.34,61.45,986.15,611.78,274.22,190.59,20.19,79.58,989.27,631.1,290.16,204.04,82.99,67.41,296.99,189.84,336.06,181.11,335.03,165.89,327.35,204.17,24.49,250.17,299.83,213.45,305.51,176.17,319.55,181.99,291.32,2293.72,,178.37
87.61,17.01,9.32,-3.24,7.46,-5.24,8.68,-4.22,9.17,-4.6,-15.38,-13.67,-15.18,-13.56,-21.19,-18.59,-20.88,-18.59,-17.06,-15.09,-16.76,-14.05,969.68,659.4,290.46,198.72,81.96,64.05,22.32,616.99,288.91,230.66,86.18,66.66,997.67,28.78,303.19,195.04,81.74,65.71,1008.61,651.65,306.43,221.43,83.75,62.04,989.09,616.72,279.45,194.84,20.21,79.72,991.26,636.19,293.69,208.14,83.41,67.64,301.87,194.09,339.75,184.93,340.69,170.34,331.84,207.95,24.56,254.77,303.58,216.92,310.17,180.92,323.28,187.05,295.68,2293.7,,182.23
88.45,16.22,9.32,-3.24,7.46,-5.24,8.68,-4.22,9.17,-4.6,-15.67,-13.96,-15.45,-13.83,-21.61,-19.01,-21.3,-19.01,-17.36,-15.39,-17.06,-14.35,972.45,663.63,294.49,203,82.4,63.79,22.4,621.43,293.68,234.27,86.9,66.77,999.47,28.82,307.34,198.97,81.89,65.62,1009.92,656.39,311.86,225.14,84.12,62.12,993.16,622.7,284.28,197.84,20.22,79.99,993.75,641.04,298.33,211.84,83.83,67.65,305.91,197.52,343.7,,345.51,174.44,337.09,212.08,24.61,257.47,308.56,221.05,314.24,184.92,327.5,192.31,299.55,2293.72,,186.53
89.29,17.07,9.24,-3.32,7.31,-5.39,8.51,-4.39,9.02,-4.75,-15.93,-14.22,-15.7,-14.08,-21.95,-19.35,-21.64,-19.35,-17.56,-15.59,-17.28,-14.57,973.55,667.36,299.33,205.92,82.85,63.97,22.5,626.54,297.19,238.27,87.44,66.83,998.4,28.82,310.76,204,82.02,65.87,1015.02,661.51,316.81,228.94,84.57,61.89,990.6,627.86,288.61,200.85,20.23,80.2,994.39,645.82,302.54,215.6,84.22,67.75,310.48,201.56,347.15,,351.1,179.36,341.62,215.57,24.69,261.71,312.61,224.62,318.9,189.37,331.04,196.66,303.95,2293.7,,190.38
90.14,16.35,9.2,-3.36,7.28,-5.42,8.47,-4.43,8.99,-4.78,-16.16,-14.45,-15.88,-14.26,-22.23,-19.63,-21.96,-19.67,-17.79,-15.82,-17.48,-14.77,975.3,671.53,302.17,210.22,83.32,64.18,22.49,631.39,301.55,242.46,87.96,66.85,1000.69,28.87,313.97,207.68,82.15,65.92,1016.43,666,321.16,234.05,84.97,61.56,992.89,633.59,292.2,204.93,20.25,79.04,996.33,650.63,306.21,219.87,84.6,67.51,314.24,205.12,351.51,,355.4,183.6,347.09,219.58,24.74,265.34,316.81,227.95,322.94,194.06,335.11,200.04,307.71,2293.7,,194.74
90.98,16.78,8.68,-3.88,6.81,-5.89,8.07,-4.83,8.55,-5.22,-16.05,-14.34,-15.77,-14.15,-22.12,-19.52,-21.76,-19.47,-17.62,-15.65,-17.36,-14.65,976.27,675.2,306.55,213.44,83.77,64.1,22.53,636.09,303.62,245.89,88.29,66.98,1001.61,28.91,317.31,212.45,82.28,65.78,1016.54,670.99,322.98,237.45,85.34,62.16,992.69,638.92,295.39,208.53,20.24,78.59,996.78,655.3,309.17,223.55,84.92,67.52,318.4,209.1,355.23,,360.06,188.64,351.89,223.05,24.79,268.78,320.38,230.86,327.6,199.73,338.35,198.3,312.35,2293.71,,198.88
91.82,16.75,8.69,-3.87,6.82,-5.88,8.07,-4.83,8.55,-5.22,-16.29,-14.58,-16.07,-14.45,-22.49,-19.89,-22.13,-19.84,-17.91,-15.94,-17.61,-14.9,977.55,679.12,309.62,217.99,84.18,64.77,22.58,641.03,308.29,249.68,88.57,67.01,1003.2,28.93,319.77,216.27,82.48,66.55,1017.54,674.42,327.68,241.83,85.7,63.03,995.58,644.61,299.51,212.75,20.27,79.93,998.47,659.8,312.98,227.7,85.23,68.26,321.98,212.55,359.29,,364.01,192.94,356.93,226.96,24.84,271.62,324.15,233.77,331.79,204.57,342.05,202.39,316.06,2293.71,,202.93
92.66,16.38,8.69,-3.87,6.77,-5.93,8,-4.9,8.5,-5.27,-16.56,-14.85,-16.3,-14.68,-22.81,-20.21,-22.49,-20.2,-18.13,-16.16,-17.79,-15.08,979.05,682.56,313.6,221.29,84.61,64.85,22.61,646,311.05,254.04,88.74,66.95,1004.69,29.06,323.16,220.49,82.69,66.65,1016.47,678.06,331.88,246.22,86.15,63.5,997.31,649.75,303.16,215.13,20.27,78.97,999.38,664.09,316.57,231.43,85.55,68.18,326.02,216.37,362.91,,368.73,197.33,362.07,230.39,24.9,274.69,327.42,236.35,336.53,209.5,345.4,205.97,320.27,2293.7,,206.34
93.5,16.97,8.45,-4.11,6.53,-6.17,7.78,-5.12,8.28,-5.49,-16.66,-14.95,-16.35,-14.73,-22.93,-20.33,-22.6,-20.31,-18.14,-16.17,-17.85,-15.14,981,686.03,317.82,225.57,84.99,64.99,23.82,650.03,315.49,258.04,88.83,66.91,1007.2,29.06,325.89,224.3,82.95,66.62,1022.99,680.7,334.63,250.59,86.6,63.41,997.03,655.47,306.67,220.71,20.28,78.88,1002.06,668.06,320.1,235.84,85.84,68.16,330.1,219.76,367.38,207.03,372.91,201.38,367.69,234.42,24.96,278.35,330.81,239.48,340.51,213.63,348.29,212.1,324.25,2293.72,,210.41
94.35,16.49,8.44,-4.12,6.51,-6.19,7.76,-5.14,8.27,-5.5,-16.96,-15.25,-16.67,-15.05,-23.27,-20.67,-22.99,-20.7,-18.34,-16.37,-18.08,-15.37,983.73,688.87,321.94,230.36,85.41,64.99,23.8,654.81,318.76,262.56,88.93,66.92,1008.22,29.07,329,228.73,83.18,66.61,1020.29,682.4,339.96,255.16,87.12,63.15,996.65,660.17,310.42,223.13,20.27,79.12,1002.22,671.56,324.02,239.99,86.16,68.16,333.98,223.49,371.74,210.65,378.2,205.74,373.04,238.09,25.02,281.99,333.94,242.35,344.91,217.63,349.11,215.47,328.53,2293.71,,213.67
95.19,16.9,8.18,-4.38,6.26,-6.44,7.51,-5.39,8.01,-5.76,-17.16,-15.45,-16.83,-15.21,-23.49,-20.89,-23.25,-20.96,-18.53,-16.56,-18.19,-15.48,985.42,692,325.44,235.16,85.74,64.99,22.71,658.21,323.09,267,89,66.96,1006.22,29.07,332.94,233.12,83.44,66.74,1022.15,683.44,342.96,259.5,87.58,63.41,998.61,665.73,313.45,227.27,20.29,78.82,1003.1,674.84,327.58,244.41,86.44,68.18,337.54,226.86,376.87,213.53,383.34,209.2,379.4,242.31,25.07,284.43,337.36,245.35,348.51,221.03,352.34,220.58,332.32,2293.72,,217.13
96.03,16.57,8.19,-4.37,6.25,-6.45,7.49,-5.41,8,-5.77,-17.39,-15.68,-16.94,-15.32,-23.73,-21.13,-23.54,-21.25,-18.69,-16.72,-18.37,-15.66,988.27,694.68,328.89,238.97,86.11,65.3,22.77,661.9,326.87,272.08,89.16,67.11,1010.72,29.11,336.21,237.93,83.71,66.28,1025.3,685.06,347.14,263.74,88.12,63.53,1000.39,670.25,316.47,231.39,20.27,78.17,1006.17,677.97,331.12,248.82,86.78,68.08,341.51,230.63,381.71,216.5,388.92,212.99,385.68,246.07,28.16,288.22,340.42,248.51,352.63,224.78,355.03,223.76,336.58,2293.7,,220.39
96.88,16.89,7.73,-4.83,5.75,-6.95,7.08,-5.82,7.54,-6.23,-17.22,-15.51,-16.83,-15.21,-23.53,-20.93,-23.28,-20.99,-18.46,-16.49,-18.18,-15.47,989.59,697.74,333.34,243.54,86.44,65.42,22.75,663.98,331.78,275.89,89.33,67.16,1010.94,29.11,339.92,241.84,84,66.61,1024.97,686.26,350.97,268.21,88.58,63.43,997.25,675.24,320.61,235.56,20.28,77.6,1005.69,680.8,335.33,253.01,87.09,68.04,345.13,234.04,387.89,,393.57,216.32,393.16,250.49,27.85,291.31,344.03,251.3,356.48,228.37,357.66,227.91,340.33,2293.7,,224.13
97.72,16.61,7.71,-4.85,5.75,-6.95,7.08,-5.82,7.54,-6.23,-17.54,-15.83,-17.06,-15.44,-23.86,-21.26,-23.7,-21.41,-18.74,-16.77,-18.44,-15.73,993.35,700.39,338.08,248.3,86.83,65.43,24.76,667.76,336.58,281.61,89.52,67.16,1011.86,29.11,343.42,246.96,84.26,66.9,1024.82,688.1,353.27,272.64,89.1,63.68,999.89,679.88,324.01,239.32,20.3,76.22,1007.48,684.03,339.07,257.77,87.42,67.88,349.29,237.93,392.91,,398.8,220.03,401.62,254.33,27.81,295.7,347.26,254.26,360.9,232.67,360.59,231.13,344.32,2293.7,,227.45
98.56,17.01,7.64,-4.92,5.67,-7.03,6.96,-5.94,7.46,-6.31,-17.87,-16.16,-17.27,-15.65,-24.15,-21.55,-24.04,-21.75,-18.92,-16.95,-18.59,-15.88,996.52,703.48,341.62,253.57,87.13,65.56,24.85,671.12,340.68,285.35,89.73,67.3,1013.66,29.1,347.1,250.77,84.54,66.35,1027.3,692.25,359,278.54,89.54,63.8,1001.5,684.58,327.88,244.05,20.3,75,1009.74,687.86,343.26,262.46,87.73,67.6,353.01,241.33,398.29,,403.81,223.39,409.62,258.53,27.84,299.05,350.97,257.85,364.91,236.59,364.92,234.79,347.77,2293.71,,231.11
99.41,16.21,7.62,-4.94,5.65,-7.05,6.95,-5.95,7.45,-6.32,-18.2,-16.49,-17.53,-15.91,-24.52,-21.92,-24.5,-22.21,-19.21,-17.24,-18.84,-16.13,998.43,706.2,346.14,257.55,87.51,65.33,24.6,675.18,344.45,290.97,89.98,67.4,1014.04,29.16,352.07,256.13,84.84,66.19,1029.02,695.08,361.95,283.14,89.96,63.67,1003.66,688.41,332.76,247.28,20.3,73.77,1011.29,691.21,347.47,267.02,88.07,67.27,357.43,245.33,402.89,231.3,409.31,227.3,416.09,262.53,27.88,302.45,354.39,260.93,369.4,241.19,369.32,238.1,351.98,2293.72,,234.4
100.25,16.48,7.06,-5.5,5.12,-7.58,6.46,-6.44,6.95,-6.82,-18.17,-16.46,-17.46,-15.84,-24.36,-21.76,-24.33,-22.04,-19.11,-17.14,-18.71,-16,1000.58,709.41,349.4,262.85,87.77,65.82,22.92,678.5,347.71,295.58,90.19,67.43,1017.08,29.22,355.22,260.19,85.22,66.39,1031.06,695.79,368.07,288.51,90.38,63.5,1003.28,692.6,337.28,251.08,20.33,72.83,1013,694.08,351.54,271.64,88.39,67.19,361.4,248.89,407.69,,414.15,230.73,423.26,266.78,27.89,306.02,358.35,264.59,373.32,245.21,373.5,241.3,355.64,2293.71,,238.07
101.09,16.36,7.07,-5.49,5.12,-7.58,6.46,-6.44,6.95,-6.82,-18.38,-16.67,-17.63,-16.01,-24.71,-22.11,-24.75,-22.46,-19.3,-17.33,-18.95,-16.24,1001.19,712.14,353.72,267.49,88.04,65.78,22.92,682.88,352.65,300.61,90.38,67.46,1020.25,29.28,360.35,266.04,85.53,66.62,1031.73,699.48,371.81,292.75,90.88,63.12,1004.34,695.73,341.8,253.77,20.35,72.88,1014.38,697.56,356.06,276.13,88.71,67.17,365.99,252.94,412.42,,419.72,234.93,429.27,270.97,27.96,310.3,361.95,268,378.16,249.52,380.81,244.57,359.59,2293.71,,241.27
101.94,17.07,7.08,-5.48,5.12,-7.58,6.44,-6.46,6.95,-6.82,-18.67,-16.96,-17.9,-16.28,-25.05,-22.45,-25.16,-22.87,-19.59,-17.62,-19.2,-16.49,1002.41,715.18,357.49,272.07,88.32,66.12,22.99,686.34,356.53,305.02,90.62,67.39,1019.92,29.28,364.44,270.51,85.96,66.74,1028.66,703.51,377.81,298.77,91.11,63.48,1007.31,699.06,346.21,257.88,20.35,72.92,1014.58,701.02,360.5,280.85,89,67.33,370.22,256.57,418.71,,424.18,238.68,435.94,275.73,28.01,314.4,366.11,272,382.2,253.4,385.63,248.01,363.22,2293.71,,244.99
102.78,16.82,7.08,-5.48,5.08,-7.62,6.41,-6.49,6.94,-6.83,-18.96,-17.25,-18.13,-16.51,-25.42,-22.82,-25.57,-23.28,-19.84,-17.87,-19.42,-16.71,1003.42,717.68,361.8,276.17,88.62,67.11,22.96,690.38,359.87,308.99,90.88,67.47,1019.47,29.2,368.98,275.99,86.35,67.14,1027.98,708.46,384.93,304.72,91.53,63.38,1007.91,701,350.3,261.46,20.37,72.21,1014.69,704.38,365.18,285.46,89.35,67.46,375.2,260.6,424.62,,429.4,243.22,442.53,280.02,28.1,318.08,369.87,275.57,386.85,257.78,388.38,251.41,367.65,2293.71,,248.22
103.62,16.38,6.65,-5.91,4.73,-7.97,6.05,-6.85,6.61,-7.16,-18.99,-17.28,-18.13,-16.51,-25.4,-22.8,-25.56,-23.27,-19.78,-17.81,-19.42,-16.71,1006.2,720.46,364.65,281.61,88.94,67.56,22.98,693.98,364.6,313.19,91.14,67.57,1022.39,29.14,372.49,281.38,86.73,66.95,1029.64,712.6,388.49,309.91,92,63.41,1011.65,702.44,353.28,265.46,20.37,72.28,1017.47,707.37,368.7,290.31,89.7,67.55,379.56,264.18,429.67,,433.68,247.31,449.38,284.22,28.16,321.46,374.23,279.56,390.95,262.13,393.74,254.96,372.03,2293.72,,251.93
104.47,16.52,6.4,-6.16,4.35,-8.35,5.73,-7.17,6.3,-7.47,-19.08,-17.37,-18.22,-16.6,-25.42,-22.82,-25.57,-23.28,-19.78,-17.81,-19.42,-16.71,1006.84,722.89,368.27,285.66,89.23,67.83,22.95,698.01,366.7,317.22,91.34,67.56,1024.94,29.13,377.61,287.44,87.1,67.36,1034.94,717.03,393.72,313.94,92.37,63.57,1013.26,703.14,354.75,269.39,20.32,72.55,1020,710.27,372.21,294.73,90.01,67.77,384.44,268.35,434.27,261.71,438.65,252.17,455.11,288.29,28.24,325.37,378.21,283.37,395.58,266.69,398.15,258.38,376.8,2293.71,,255.26
105.31,16.97,6.41,-6.15,4.36,-8.34,5.73,-7.17,6.3,-7.47,-19.17,-17.46,-18.26,-16.64,-25.67,-23.07,-25.86,-23.57,-19.93,-17.96,-19.6,-16.89,1007.83,725.66,370.89,290.59,89.53,67.15,22.98,701.43,370.15,321.26,91.58,67.71,1024.93,29.19,381.62,291.97,87.57,67.13,1037.92,719.99,399.63,320.96,92.59,63.55,1016.13,704.45,358.71,274.73,20.35,71.69,1021.7,712.88,376.2,299.9,90.32,67.45,388.48,271.88,439.33,266.26,442.65,256.44,461.38,293.38,28.29,329.21,382.73,287.62,399.83,270.71,402.62,261.9,380.93,2293.72,,259.17
106.16,17.14,6.39,-6.17,4.36,-8.34,5.73,-7.17,6.3,-7.47,-19.38,-17.67,-18.49,-16.87,-26,-23.4,-26.21,-23.92,-20.3,-18.33,-19.85,-17.14,1009.81,728,374.9,294.82,89.83,68.27,23.06,705.75,373.07,326.22,91.77,67.76,1033.35,29.19,386.49,297.91,87.93,67.52,1038.76,723.27,404.27,325.33,93.11,62.69,1016.21,705.71,359.14,277.78,20.41,72.46,1024.53,715.68,379.57,304.41,90.66,67.74,393.06,275.92,444.26,270.13,446.43,261.43,466.3,296.79,28.36,332.8,386.5,291.15,404.17,275.3,406.86,265.07,387.29,2293.71,,262.48
107,16.22,6.39,-6.17,4.36,-8.34,5.69,-7.21,6.3,-7.47,-19.62,-17.91,-18.72,-17.1,-26.34,-23.74,-26.56,-24.27,-20.5,-18.53,-20.07,-17.36,1011.15,730.7,378.54,300.47,90.1,68.06,23.02,709.53,376.88,330.84,92.06,67.78,1031.69,29.18,388.78,302.53,88.39,66.98,1043.91,726.04,409.69,331.85,93.34,63.59,1017.02,706.96,362.11,284.12,20.4,72.74,1025.94,718.31,383.2,309.96,90.97,67.83,396.93,279.51,449.61,274.82,449.92,265.94,472.2,300.31,28.45,336.16,390.91,295.54,407.65,279.24,411.52,268.73,393.81,2293.7,,266.34
107.85,16.44,5.87,-6.69,3.89,-8.81,5.22,-7.68,5.87,-7.9,-19.58,-17.87,-18.67,-17.05,-26.15,-23.55,-26.36,-24.07,-20.4,-18.43,-19.99,-17.28,1013,732.97,382.82,305.4,90.41,68.12,23.03,714.21,380.11,335.29,92.3,67.93,1026.97,29.14,390.87,305.64,88.81,67.24,1043.33,729.04,412.26,336.96,93.68,63.68,1019.46,708.25,367.27,287.82,20.4,72.18,1025.69,721.12,386.67,314.22,91.3,67.83,401.22,283.54,453.48,278.42,453.77,271.18,477.67,304.52,28.49,340.14,394.72,299.21,412.15,284.16,415.22,271.89,398.4,2293.71,,269.57
108.69,16.92,5.88,-6.68,3.89,-8.81,5.22,-7.68,5.87,-7.9,-19.65,-17.94,-18.71,-17.09,-26.45,-23.85,-26.66,-24.37,-20.62,-18.65,-20.17,-17.46,1014.64,735.66,386.11,310.14,90.65,68.7,23.04,717.82,383.15,339.81,92.55,68.02,1030.08,29.13,391.82,308.74,89.33,68.09,1045.51,731.82,417.28,343.21,93.97,63.41,1020.1,709.89,362.87,294.98,20.4,73.7,1027.58,723.8,388.25,319.38,91.63,68.38,404.76,287.01,457.39,282.94,457.82,275.97,484.11,308.51,28.58,343.55,398.71,303.16,415.99,288.14,419.61,275.59,402.36,2293.71,,273.53
109.54,16.16,5.86,-6.7,3.9,-8.8,5.22,-7.68,5.87,-7.9,-19.8,-18.09,-18.86,-17.24,-26.72,-24.12,-26.99,-24.7,-20.83,-18.86,-20.4,-17.69,1014.45,738.07,390.25,314.78,90.95,69.44,23.05,721.87,387.19,344.1,92.8,68.09,1021.54,29.25,395.69,312.86,89.73,67.52,1045.92,734.75,421.5,348.9,94.26,64.13,1022.74,711.08,374.33,301.46,20.42,73.24,1026.16,726.44,393.79,324.42,91.94,68.49,408.65,290.97,460.78,286.37,462.03,281.58,490.02,313.12,28.66,347.63,402.17,306.67,420.11,292.92,423.41,278.92,407.36,2293.71,,277.2
110.38,16.35,5.59,-6.97,3.51,-9.19,4.83,-8.07,5.54,-8.23,-19.87,-18.16,-18.9,-17.28,-26.66,-24.06,-26.93,-24.64,-20.76,-18.79,-20.38,-17.67,1015.94,741.02,394.01,320.27,91.19,69.76,23.09,725.37,388.1,346.03,93.06,68.12,1017.4,29.27,397.73,316.68,90.22,67.63,1043.36,737.16,425.4,355.14,94.53,63.21,1022.62,712.91,368.68,307.08,20.43,73.17,1024.83,729.12,394.78,329.04,92.25,68.38,412.04,294.51,464.62,291.35,466,286.72,494.76,318.3,28.72,350.64,405.86,310.73,423.97,297.28,427.56,282.98,410.9,2293.71,,281.09
111.23,16.8,5.54,-7.02,3.51,-9.19,4.83,-8.07,5.54,-8.23,-19.87,-18.16,-18.9,-17.28,-26.82,-24.22,-27.12,-24.83,-20.84,-18.87,-20.52,-17.81,1018.5,743.7,397.28,324.4,91.47,70.19,23.14,729.46,390.78,349.82,93.28,68.23,1003.09,29.38,400,320.58,90.67,68.27,1040.44,739.89,429.29,361.21,94.81,63.58,1023.28,714.82,378.56,312.08,20.44,73.76,1021.33,731.97,399.18,333.62,92.56,68.81,415.79,298.68,467.81,295.41,469.96,292.61,497.68,322.76,28.79,352.96,408.95,314.48,428.33,302.18,431.19,286.16,415.51,2293.71,,284.61
112.07,16.42,5.59,-6.97,3.49,-9.21,4.82,-8.08,5.53,-8.24,-19.97,-18.26,-19.06,-17.44,-27.15,-24.55,-27.41,-25.12,-21.05,-19.08,-20.76,-18.05,1019.23,746.72,400.6,329.62,91.72,70.45,23.13,733.23,394.23,353.09,93.56,68.32,1010.68,29.46,403.22,325.48,91.33,68.24,1041.6,742.15,433.1,367.67,95.04,63.91,1028.04,716.85,381.1,318.28,20.42,73.65,1024.89,734.74,402.45,338.83,92.91,68.91,418.83,302.37,471.81,300.4,473.22,297.58,501.78,328.21,28.84,355.84,412.72,318.94,432.13,306.65,435.43,289.62,419.11,2293.72,,288.72
112.92,16.66,5.31,-7.25,3.23,-9.47,4.56,-8.34,5.3,-8.47,-19.97,-18.26,-19.08,-17.46,-27.15,-24.55,-27.41,-25.12,-21.2,-19.23,-20.8,-18.09,1020.58,748.88,403.73,334.24,92,70.6,23.13,737.4,396.07,357.68,93.77,68.51,994.89,29.32,406.16,330.86,92.1,68.69,1042.65,744.64,435.96,372.61,95.34,63.65,1029.35,718.32,383.13,322.3,20.41,74.36,1021.86,737.31,405.01,343.54,93.3,69.16,422.54,306.73,474.96,304.86,476.85,303.34,503.49,332.59,28.89,359.22,415.8,322.95,436.58,311.93,438.84,292.86,423.48,2293.7,,292.29
113.77,16.07,5.31,-7.25,3.21,-9.49,4.54,-8.36,5.29,-8.48,-20.02,-18.31,-19.16,-17.54,-27.39,-24.79,-27.62,-25.33,-21.32,-19.35,-20.99,-18.28,1022.15,751.04,407.19,339.33,92.31,71.43,23.19,741.23,400.43,360.64,94.09,68.71,947.07,29.3,409.52,334.08,92.9,68.77,1044.16,746.87,439.57,378.42,95.55,63.21,1027.5,720.1,384.44,326.79,20.41,74.39,1010.22,739.81,408.23,347.85,93.71,69.3,425.44,310.31,478.44,310.01,479.95,308.08,504.55,337.72,28.92,360.93,419.53,327.23,440.36,316.41,442.76,296.41,427.1,2293.7,,296.47
114.61,16.22,4.7,-7.86,2.62,-10.08,4.05,-8.85,4.8,-8.97,-19.78,-18.07,-18.95,-17.33,-27.07,-24.47,-27.25,-24.96,-21.12,-19.15,-20.81,-18.1,1022.66,752.81,410.21,343.42,92.63,71.15,23.23,745.17,403.19,365.13,94.33,68.94,903.68,29.25,412.7,339.34,93.49,68.65,1043.67,749.35,441.99,383.3,95.83,63.41,1027.91,721.97,385.87,331.51,20.4,74.53,999.48,742.33,410.79,352.54,94.07,69.34,429.1,314.68,481.01,314.41,483.5,313.72,506.79,342.42,28.97,365.11,422.37,330.57,444.75,321.56,445.82,300.25,430.74,2293.71,,300.1
115.46,16.58,4.72,-7.84,2.61,-10.09,4.05,-8.85,4.79,-8.98,-19.74,-18.03,-18.98,-17.36,-27.29,-24.69,-27.45,-25.16,-21.21,-19.24,-20.94,-18.23,1024.99,755.29,413.41,348.03,92.97,71.62,24.89,748.82,406.74,368.62,94.56,68.93,871.25,29.31,416.03,343.73,94.03,68.84,1044.17,751.19,444.18,389.49,96.08,62.71,1030.55,723.62,396.05,337.06,20.41,75.15,992.74,744.73,415.28,357.39,94.41,69.45,432.07,318.46,484.28,319.3,486.74,318.65,508.44,347.5,29.05,368.87,425.67,334.14,448.52,325.97,449.71,304.17,434.77,2293.72,,304.64
116.3,17.01,4.71,-7.85,2.61,-10.09,4.05,-8.85,4.8,-8.97,-19.87,-18.16,-19.1,-17.48,-27.54,-24.94,-27.69,-25.4,-21.38,-19.41,-21.17,-18.46,1026.65,757.25,416.63,352.93,93.25,71.68,25.11,753.43,409.65,372.25,94.72,69.03,860.42,29.3,418.85,348.82,94.5,68.61,1045.29,753.3,446.5,394.98,96.36,63.1,1031.75,725.22,386.53,339.71,20.42,74.84,991.03,747.3,415.64,361.74,94.71,69.45,435.43,322.73,486.86,323.69,490.16,323.91,510.02,351.58,29.08,371.8,428.81,337.71,452.81,331.45,453.07,305.19,438.53,2293.7,,308.49
117.15,16.37,4.7,-7.86,2.62,-10.08,4.05,-8.85,4.79,-8.98,-19.91,-18.2,-19.18,-17.56,-27.86,-25.26,-27.95,-25.66,-21.56,-19.59,-21.39,-18.68,1027.34,759.17,419.08,356.71,93.52,72.21,25.17,757.45,412.81,376.31,94.94,69.28,842.44,29.27,422.29,353,95.06,69.27,1046.72,755.21,448.03,400.2,96.62,62.5,1030.27,727,388.06,341.74,20.4,75,986.69,749.71,418.06,365.59,95.03,69.65,438.35,326.37,489.56,329.25,493.25,328.26,511.89,356.49,29.13,374.63,432.35,341.49,456.4,336.12,457.05,307.71,441.89,2293.72,,312.88
118,16.57,4.4,-8.16,2.39,-10.31,3.76,-9.14,4.53,-9.24,-19.94,-18.23,-19.19,-17.57,-27.9,-25.3,-27.99,-25.7,-21.56,-19.59,-21.45,-18.74,1029.14,760.77,423.32,360.93,93.84,72.23,25.22,762.59,413.63,380.2,95.1,69.24,837.22,29.29,425.12,357.62,95.51,69.28,1047.82,757.11,450.95,404.05,96.91,63.13,1032.83,728.52,394.54,346.13,20.39,75.17,986.75,752.25,421.51,369.78,95.34,69.81,441.78,330.69,491.92,333.44,496.83,333.34,514.23,360.13,29.21,378.33,435.3,343.43,460.83,341.82,460.5,311.16,446.1,2293.71,,316.82
118.84,16.88,4.41,-8.15,2.39,-10.31,3.75,-9.15,4.53,-9.24,-19.94,-18.23,-19.26,-17.64,-28.11,-25.51,-28.15,-25.86,-21.7,-19.73,-21.61,-18.9,1029.35,762.6,426.57,365.62,94.07,72.51,25.28,767.23,417.63,383.02,95.23,69.29,834.13,29.3,429.39,362.4,96.02,68.89,1048.33,758.91,450.64,408.3,97.22,63.29,1028.77,729.95,393.02,350.42,20.4,75.08,985.15,754.67,423.45,373.95,95.64,69.81,444.69,334.43,494.62,338.58,499.96,337.55,516.53,364.61,29.24,379.33,438.6,346.67,464.48,346.38,464.28,314.81,449.52,2293.7,,321.19
119.69,16.61,4.4,-8.16,2.4,-10.3,3.75,-9.15,4.53,-9.24,-20,-18.29,-19.35,-17.73,-28.41,-25.81,-28.43,-26.14,-21.92,-19.95,-21.85,-19.14,1030.68,764.29,430.16,369.56,94.36,72.44,25.28,772.6,419.57,387.1,95.35,69.22,843.95,29.3,432.92,367.97,96.47,69.5,1049.82,760.96,456.52,412.24,97.61,63.18,1030.61,731.9,392.76,355.92,20.43,75.31,988.77,757.44,426.39,378.56,95.95,69.93,447.95,338.68,496.73,342.99,503.42,342.38,518.22,368.88,29.28,381.98,441.72,349,468.66,351.74,467.73,317.88,454.03,2293.71,,325.1
120.53,16.15,4.34,-8.22,2.32,-10.38,3.68,-9.22,4.47,-9.3,-20.03,-18.32,-19.42,-17.8,-28.67,-26.07,-28.65,-26.36,-22.06,-20.09,-22.04,-19.33,1031.11,766.37,433.06,374.36,94.58,72.36,25.33,777.56,423.66,390.73,95.58,69.19,855.17,29.24,439.97,373.42,97,68.76,1050.18,762.82,456.42,415.43,97.99,63.35,1032.08,733.7,402.54,357.75,20.45,75.22,992.14,760.11,431.13,382.34,96.29,69.78,450.92,342.33,499.23,347.59,506.36,346.54,520.58,373.05,29.32,383.79,445.48,353.24,472.09,356.05,472.05,322.13,457.38,2293.71,,329.65
121.38,16.37,4.2,-8.36,2.27,-10.43,3.61,-9.29,4.4,-9.37,-20.17,-18.46,-19.55,-17.93,-28.97,-26.37,-28.97,-26.68,-22.26,-20.29,-22.27,-19.56,1032.92,768.23,436.76,378.05,94.81,73,25.29,783.94,427.48,395.28,95.86,69.01,873.51,29.32,442.21,378.79,97.49,68.64,1052.37,764.97,460.11,417.68,98.42,62.9,1034.61,734.95,402.96,363.42,20.4,75.12,998.35,763.02,433.9,386.64,96.64,69.74,454.21,346.52,501,351.65,509.85,351.56,522.6,376.01,45.23,387.18,448.55,356.86,476.11,361.29,475.87,326.06,461.74,2293.71,,333.61
122.23,16.86,4.12,-8.44,2.19,-10.51,3.53,-9.37,4.31,-9.46,-20.22,-18.51,-19.59,-17.97,-29.18,-26.58,-29.18,-26.89,-22.36,-20.39,-22.44,-19.73,1033.82,770.32,441.65,384.06,95.1,73.2,25.27,789.6,430.57,398.21,96.16,68.84,909.89,29.27,447.72,384.63,98.04,68.93,1054.77,766.55,459.87,420.48,98.9,62.5,1034.59,736.5,412.52,367.2,20.38,75.62,1008.27,765.74,438.47,390.91,97.05,69.82,457.2,350.15,506.71,356.09,512.96,355.62,525.42,379.78,45.82,389.57,452.1,360.81,479.71,365.9,480.04,330.2,465.01,2293.72,,338.09
123.07,17.25,4.14,-8.42,2.18,-10.52,3.53,-9.37,4.31,-9.46,-20.39,-18.68,-19.78,-18.16,-29.58,-26.98,-29.64,-27.35,-22.54,-20.57,-22.7,-19.99,1034.54,772.16,445.84,389.14,95.45,73.21,25.22,796.96,433.99,402.92,96.47,69.06,946.01,29.35,450.2,390.91,98.55,68.77,1056.88,768.37,462.89,422.38,99.58,62.61,1035.11,737.69,416.44,371.56,20.39,75.08,1018.13,768.8,441.87,395.38,97.51,69.75,460.59,354.22,509.83,360.11,516.59,359.96,527.89,383.41,45.76,393.11,455.89,364.95,483.48,370.42,483.77,334.3,469.06,2293.72,,341.96
123.92,16.89,4.13,-8.43,2.19,-10.51,3.53,-9.37,4.31,-9.46,-20.66,-18.95,-19.98,-18.36,-30.06,-27.46,-30.18,-27.89,-22.85,-20.88,-22.97,-20.26,1036.72,774.24,449.14,395.49,95.84,73.17,25.18,804.08,437.95,406.76,96.81,69.15,962.81,29.33,455.86,396.54,99.22,68.35,1057.05,769.93,463.82,424.35,100.34,62.97,1035.58,739.13,421.79,376.08,20.37,74.56,1023.04,771.85,445.71,399.84,98.05,69.64,463.47,357.66,512.19,364.69,519.63,363.76,530.62,387.34,46.05,396.03,459.26,369.16,486.67,374.29,487.9,338.99,472.84,2293.7,,346.53
124.77,15.96,4.08,-8.48,2.19,-10.51,3.53,-9.37,4.28,-9.49,-20.97,-19.26,-20.32,-18.7,-30.72,-28.12,-30.8,-28.51,-23.08,-21.11,-23.24,-20.53,1037.29,776.08,452.77,399.49,96.28,73.02,25.23,811.21,441.74,411.24,97.15,69.75,993.26,29.42,458.99,402.66,99.94,68.77,1058.9,771.59,464.66,425.12,101.71,62.89,1036.64,740.56,427.26,380.66,20.39,75.29,1031.52,774.86,449.09,403.83,98.77,69.94,466.93,361.65,514.65,368.85,523.24,368.2,532.96,390.65,46,399.23,463.21,374,490.16,379.21,491.5,342.93,477.03,2293.71,,350.49
127.31,7.53,3.91,-8.65,2.23,-10.47,5.3,-7.6,4.31,-9.46,-22.46,-20.75,-23.8,-22.18,-34.69,-32.09,-32.85,-30.56,-23.74,-21.77,-24.52,-21.81,1024.25,781.13,465.2,417.69,97.59,75.01,25.06,837.86,469.3,459.37,108,69.16,997.2,31.3,481.08,425.37,103.88,67.91,1017.99,782.69,468.54,441.49,104.12,63,1020.25,751.73,415.68,392.59,20.4,74.34,1014.92,788.35,459.96,427.3,103.4,69.88,470.02,365.08,518.11,373.62,525.99,372.89,535.39,394.77,45.83,402.51,467.87,379.76,492.32,381.49,495.83,347.31,484.45,2293.72,,355.11
,,,,,-12.7,,-12.9,,-13.77,,1.71,,1.62,,2.6,,2.29,,1.97,,2.71,,,,,,,,,,,,,,,,,,,,,,,,,,,,,,,,,,,,,474.35,378.81,568.65,382.57,588.56,388.66,608.71,414.02,45.21,416.43,477.11,389.2,501.31,379.31,501.96,355.25,518.25,2293.72,,359.58
