,TimeStamp,Time in Minutes,Kyowa PG 500 KUM -Load in bar-(bar),Load in bar,Load in kN,Stud2-Axial-Old,Stud2-Axial,Stud3-Axial-Old,Stud3-Axial,Stud4-Axial-Old,Stud4-Axial,Stud5-Axial-Old,Stud5-Axial,Stud3-Top-Old,Stud3-Top,Stud3-Mid-Old,Stud3-Mid,Stud3-Bottom-Old,Stud3-Bottom,Stud4-Top-Old,Stud4-Top,Stud4-Mid-Old,Stud4-Mid,Stud4-Bottom-Old,Stud4-Bottom,Pb1-Top-Left,Pb1-Top-Right,Pb1-Mid-Mid,Pb1-Bottom-Left,Pb1-Bottom-Right,Pb1-Pb2-Mid-Left,Pb1-Pb2-Mid-Mid,Pb1-Pb2-Mid-Right,Pb2-Top-Left,Pb2-Top-Right,Pb2-Mid-Mid,Pb2-Bottom-Left,Pb2-Bottom-Right,Pb3-Top-Left,Pb3-Top-Right,Pb3-Mid-Mid,Pb3-Bottom-Left,Pb3-Bottom-Right,Pb3-Pb4-Mid-Left,Pb3-Pb4-Mid-Mid,Pb3-Pb4-Mid-Right,Pb4-Top-Left,Pb4-Top of stud,Pb4-Inbetween stud,Pb4-Top-Right,Pb4-Mid-Mid,Pb4-Bottom-Left,Pb4-Bottom-Right,Stud2-Mid-Fire-HF,Stud2-Mid-Fire-CF,Stud2-Mid-Amb-HF,Stud2-Mid-Amb-CF,Stud3-Top-Fire-HF,Stud3-Top-Fire-CF,Stud3-Top-Amb-HF,Stud3-Top-Amb-CF,Stud3-Mid-Fire-HF,Stud3-Mid-Fire-CF,Stud3-Mid-Amb-HF,Stud3-Mid-Amb-CF,Stud3-Bottom-Fire-HF,Stud3-Bottom-Fire-CF,Stud3-Bottom-Amb-HF,Stud3-Bottom-Amb-CF,Stud4-Top-Fire-HF,Stud4-Top-Fire-CF,Stud4-Top-Amb-HF,Stud4-Top-Amb-CF,Stud4-Mid-Fire-HF,Stud4-Mid-Fire-CF,Stud4-Mid-Amb-HF,Stud4-Mid-Amb-CF,Stud4-Bottom-Fire-HF,Stud4-Bottom-Fire-CF,Stud4-Bottom-Amb-HF,Stud4-Bottom-Amb-CF,Stud5-Mid-Fire-HF,Stud5-Mid-Fire-CF,Stud5-Mid-Amb-HF,Stud5-Mid-Amb-CF,Furnace-Top-Left,Furnace-Top-Right,Furnace-Bottom-Left,Furnace-Bottom-Right,Average-Furnace,Average-Pb1,Average-Pb1-Pb2,Average-Pb2,Average-Pb3,Average-Pb3-Pb4,Average-Pb4,Time2
0,37:59.8,0,-69.833,-89.833,28.8633429,8.300134,0,8.754965,0,7.592438,0,5.403689,0,-0.627246,0,-0.991775,0,-3.333283,0,0.633809,0,0.374378,0,2.374276,0,28.985229,23.539017,24.879391,23.376177,23.886789,22.03352,22.332747,22.851925,20.816153,21.768913,22.076303,21.676149,22.218985,20.223783,20.009041,20.178616,20.473921,19.968035,19.705971,19.893661,19.852186,20.486197,20.326393,2293.711426,20.760357,20.195293,20.657553,20.328709,21.196009,21.118011,20.489437,20.577898,22.463371,21.860977,21.109678,20.802261,22.140131,22.016405,20.68696,21.028202,21.650007,20.42552,20.732342,20.290724,22.012474,21.813097,20.533669,20.742529,22.460829,21.762669,20.716827,20.407686,21.686096,22.056416,20.417183,20.566551,22.064278,21.338337,20.563078,20.230038,30.7901,28.337702,26.714729,25.465849,27.827095,24.9333206,22.592336,21.9350875,20.1706792,19.81727267,20.398829,
36,38:29.6,1,-71.03833,-91.03833,29.25061543,8.575165,0.275031,8.863336,0.108371,7.758277,0.165839,5.597442,0.193753,-0.710988,-0.083742,-1.123136,-0.131361,-3.513904,-0.180621,0.637093,0.003284,0.374378,0,2.420251,-0.045975,91.54644,63.134605,69.297607,168.846313,70.0298,22.015249,22.342457,22.847765,20.801104,21.744625,22.071447,21.64538,22.206961,20.211739,20.003017,20.171665,20.472763,19.95923,19.704117,19.875357,19.838284,20.472301,20.313192,2293.695557,20.757809,20.1807,20.650839,20.309948,21.194159,21.105282,20.488512,20.550343,22.436092,21.854038,21.106901,20.795084,22.124174,22.005304,20.684645,21.020565,21.62664,20.437099,20.718218,20.285629,21.985184,21.792278,20.531586,20.740444,22.441872,21.755035,20.710114,20.40954,21.67985,22.037451,20.396107,20.547794,22.047165,21.35685,20.576277,20.241158,89.719269,79.878464,67.106316,63.785812,75.12246525,92.570953,22.595111,21.91710325,20.1636828,19.80591933,20.385396,1
109,39:29.8,2,-69.597275,-89.597275,28.78760446,9.062011,0.761877,8.884682,0.129717,7.782907,0.190469,5.648343,0.244654,-0.903103,-0.275857,-1.307041,-0.315266,-3.750353,-0.41707,0.637093,0.003284,0.371094,-0.003284,2.581163,-0.206887,172.740921,143.646408,173.518097,179.876404,149.384079,22.007616,22.533649,23.354462,20.810366,21.729588,22.100124,21.63682,22.183836,20.198999,19.996761,20.169813,20.46628,19.947645,19.689054,19.859369,19.837126,20.482027,20.327784,2293.711426,20.779573,20.168423,20.648754,20.30578,21.170088,21.104355,20.476238,20.542933,22.437248,21.855196,21.104124,20.800179,22.1066,21.990271,20.665195,21.027046,21.600729,20.453543,20.699232,20.275206,21.987034,21.790426,20.530659,20.732109,22.423607,21.747631,20.711735,20.40514,21.656946,22.007616,20.382673,20.568636,22.041382,21.338337,20.581604,20.227491,261.993805,284.378601,257.088074,214.93602,254.599125,163.8331818,22.9440555,21.912592,20.1558996,19.795183,20.3865536,1
182,40:30.2,3,-70.131851,-90.131851,28.95936373,9.122764,0.82263,8.915879,0.160914,7.832166,0.239728,5.697601,0.293912,-0.909671,-0.282425,-1.316893,-0.325118,-3.760205,-0.426922,0.637093,0.003284,0.374378,0,2.564744,-0.190468,205.881165,182.256912,194.70195,211.452576,169.842392,22.011549,25.025631,27.065166,20.798094,21.72473,22.28026,21.646769,22.178518,20.195061,19.97035,20.160547,20.442194,19.939074,19.670979,19.85265,19.812796,20.47369,20.328478,2293.706299,20.724701,20.154293,20.611012,20.286093,21.150877,21.079126,20.4811,20.521395,22.468689,21.833683,21.093245,20.784899,22.122093,21.977087,20.638103,21.017323,21.620855,20.418108,20.69599,20.254824,22.024731,21.777473,20.515839,20.710577,22.416672,21.718485,20.68395,20.376884,21.625483,21.98472,20.343533,20.533901,22.036757,21.312418,20.557983,20.213129,352.224213,362.849396,345.238708,289.564056,337.4690933,192.826999,26.0453985,21.95756925,20.1414452,19.77880833,20.3707132,1
254,41:29.8,4,-69.557991,-89.557991,28.77498251,9.121121,0.820987,8.915879,0.160914,7.838734,0.246296,5.705811,0.302122,-0.942511,-0.315265,-1.392426,-0.400651,-3.756921,-0.423638,0.637093,0.003284,0.371094,-0.003284,2.564744,-0.190468,245.321564,216.019501,262.892853,238.64299,216.554611,22.133886,31.877821,34.711105,20.833517,21.835072,22.70216,21.797136,22.330666,20.187185,19.983324,20.137383,20.449837,19.930037,19.672138,19.838747,19.801905,20.498007,20.371326,2293.709473,20.742992,20.152672,20.624441,20.280766,21.248314,21.063848,20.521627,20.521627,22.579189,21.834146,21.063154,20.777258,22.256676,21.965755,20.609623,21.006212,21.684477,20.402822,20.659637,20.257139,22.193087,21.763594,20.49708,20.71706,22.471926,21.70229,20.657785,20.38059,21.596563,22.020105,20.30879,20.545248,22.107756,21.30131,20.5471,20.207569,414.899353,424.91687,429.711487,356.620636,406.5370865,235.8863038,33.294463,22.1662585,20.1375532,19.77093,20.3854424,1
327,42:30.0,5,-69.84845,-89.84845,28.86830699,9.124406,0.824272,8.929015,0.17405,7.840375,0.247937,5.717305,0.313616,-0.983561,-0.356315,-1.497514,-0.505739,-3.773341,-0.440058,0.637093,0.003284,0.226597,-0.147781,2.646842,-0.272566,276.920868,256.255951,302.124786,276.550629,250.462875,22.637209,42.228485,47.392906,20.838146,22.292051,23.63209,22.381762,22.885202,20.173519,19.952974,20.13715,20.432467,19.906637,19.648964,19.832491,19.785454,20.491985,20.382906,2293.693848,20.740908,20.140858,20.612633,20.264551,21.534327,21.041164,20.525101,20.493374,22.977177,21.848949,21.061766,20.769154,22.700773,21.969687,20.629999,21.001583,21.914408,20.432467,20.650606,20.232819,22.64345,21.755728,20.485733,20.681635,22.736366,21.697201,20.652227,20.358818,21.583839,22.131111,20.298136,20.508659,22.426613,21.283028,20.530426,20.180931,454.730499,473.063904,479.42627,413.048401,455.0672685,272.4630218,44.8106955,22.79777625,20.1205494,19.75563633,20.3785866,1
399,43:29.6,6,-70.101395,-90.101395,28.94957821,9.147393,0.847259,8.95036,0.195395,7.853511,0.261073,5.735366,0.331677,-1.024611,-0.397365,-1.602603,-0.610828,-3.835737,-0.502454,0.640377,0.006568,0.177337,-0.197041,2.653409,-0.279133,311.637146,292.274048,332.096436,347.936157,279.542847,24.056248,55.762482,61.767616,20.89093,23.55172,25.507118,23.826756,24.191288,20.167265,19.958303,20.138309,20.416256,19.896442,19.656843,19.83226,19.786148,20.522322,20.417414,2293.721191,20.766838,20.151976,20.599665,20.278448,22.242107,21.080746,20.540154,20.491291,23.909416,21.946789,21.068016,20.752716,23.684744,22.030514,20.604992,21.002741,22.326504,20.393097,20.633936,20.210581,23.57135,21.805,20.471375,20.674456,23.42145,21.723343,20.637873,20.343069,21.589853,22.440716,20.287251,20.496616,23.241266,21.291822,20.516996,20.159851,484.033997,500.624481,516.116455,457.315277,489.5225525,312.6973268,58.765049,24.2692205,20.115315,19.758417,20.393965,1
472,44:29.8,7,-69.736771,-89.736771,28.83242452,9.150677,0.850543,8.956928,0.201963,7.865005,0.272567,5.733725,0.330036,-1.067304,-0.440058,-1.684704,-0.692929,-3.94411,-0.610827,0.633809,0,0.052544,-0.321834,2.771631,-0.397355,412.409515,400.396881,445.731323,499.71698,421.275024,27.001396,64.5709,72.370735,20.879818,26.287001,28.316776,26.692852,26.368322,20.149427,19.949499,20.118387,20.414171,19.879528,19.641548,19.805149,19.771782,20.509354,20.452152,2293.684082,20.747391,20.135298,20.586699,20.234671,23.322353,21.16708,20.562614,20.460026,25.531324,22.255287,21.178419,20.772396,25.3923,22.344074,20.655701,21.015934,22.97995,20.381285,20.637177,20.221468,25.090443,21.986801,20.490364,20.681171,24.362085,21.897755,20.62722,20.347239,21.648849,23.120205,20.27289,20.464195,24.691141,21.37837,20.495228,20.158463,566.811157,585.252075,568.22467,539.993652,565.0703885,435.9059446,68.4708175,26.91623775,20.1022024,19.739493,20.3836348,1
545,45:30.2,8,-69.527969,-89.527969,28.76533644,9.155603,0.855469,8.960213,0.205248,7.881425,0.288987,5.743577,0.339888,-1.060735,-0.433489,-1.684704,-0.692929,-3.94411,-0.610827,0.637093,0.003284,0.052544,-0.321834,2.765063,-0.390787,410.040863,380.271362,433.448914,408.213104,335.912262,32.040516,70.987511,76.924156,20.883059,31.122221,32.67662,31.64909,30.219652,20.155914,19.961082,20.119776,20.385454,19.885784,19.630192,19.80121,19.757183,20.529732,20.476469,2293.707275,20.765219,20.155682,20.573498,20.251118,25.081448,21.417477,20.566088,20.466047,28.25423,22.744688,21.641447,20.800179,28.20916,22.969551,20.777952,21.026583,24.206524,20.394718,20.617727,20.19043,27.585777,22.263844,20.490364,20.685339,26.055677,22.229622,20.615179,20.332415,21.767294,24.278999,20.262466,20.464659,27.43298,21.553299,20.466743,20.143637,540.376404,544.667847,548.444641,502.010651,533.8748858,393.577301,73.9558335,31.41689575,20.101602,19.72952833,20.3972998,1
617,46:29.9,9,-69.401505,-89.401505,28.72470356,9.158887,0.858753,8.963496,0.208531,7.889635,0.297197,5.746861,0.343172,-1.109996,-0.48275,-1.855473,-0.863698,-4.049198,-0.715915,0.637093,0.003284,-0.124793,-0.499171,2.906272,-0.531996,452.218445,435.819702,511.550537,471.827911,413.360229,37.786079,74.511452,78.965378,20.910145,36.398361,37.88681,37.259933,35.607132,20.158926,19.977997,20.143406,20.389158,19.868174,19.62463,19.79171,19.750463,20.552425,20.497774,2293.709473,20.749012,20.150124,20.582993,20.236988,27.529631,21.787189,20.587624,20.445436,31.852154,24.108419,22.813791,20.882597,32.021957,24.171669,21.044174,21.028666,25.96788,20.400043,20.603601,20.176531,31.004797,22.715796,20.529964,20.686728,28.578186,22.698692,20.639725,20.326857,22.06451,25.867861,20.267099,20.433857,31.242153,21.964136,20.514448,20.136919,561.162109,574.112183,605.130371,553.651733,573.514099,456.9553648,76.738415,36.788059,20.1075322,19.72226767,20.4040608,1
690,47:30.1,10,-70.371773,-90.371773,29.03645066,9.170381,0.870247,8.968422,0.213457,7.899487,0.307049,5.75507,0.351381,-1.142836,-0.51559,-1.953993,-0.962218,-4.088606,-0.755323,0.637093,0.003284,-0.193757,-0.568135,2.952247,-0.577971,482.625305,456.23175,518.514343,460.859253,416.112762,44.475376,77.841347,82.242233,20.885607,42.727852,43.50713,43.914833,41.772293,20.173983,20.03661,20.19622,20.394255,19.859833,19.615128,19.790089,19.748379,20.533205,20.494301,2293.704102,20.777258,20.142479,20.579288,20.240461,30.414503,22.500591,20.575119,20.438026,36.224686,27.419863,25.326124,21.129353,36.472523,26.084709,21.47949,21.035378,27.882332,20.408613,20.604528,20.154987,35.03241,23.962749,20.66288,20.699926,31.584677,23.564421,20.686728,20.341448,22.572485,28.384377,20.266403,20.411392,35.698246,22.704239,20.628378,20.139004,566.139893,571.908936,600.844177,545.764526,571.164383,466.8686826,80.04179,42.980527,20.1321802,19.71786533,20.3979468,1
762,48:29.7,11,-70.267151,-90.267151,29.00283562,9.173665,0.873531,8.970064,0.215099,7.904412,0.311974,5.756712,0.353023,-1.224936,-0.59769,-2.013105,-1.02133,-4.170707,-0.837424,0.640377,0.006568,-0.252869,-0.627247,3.077036,-0.70276,493.508453,488.665222,536.229187,536.41272,470.826843,50.936985,80.538498,84.885345,20.890005,49.132389,48.740528,50.430763,47.915115,20.198999,20.112131,20.267563,20.382906,19.851028,19.602383,19.774332,19.746525,20.515606,20.468826,2293.708252,20.7974,20.134834,20.568172,20.223089,33.277554,23.501137,20.55451,20.444279,41.16391,32.110168,30.121641,21.684015,41.172092,28.660021,22.102667,21.058294,29.844311,20.383137,20.625137,20.155218,39.334351,27.213642,21.466301,21.005749,34.723675,24.933138,20.792307,20.367851,23.37479,31.559462,20.284702,20.438721,40.294411,23.811749,20.799252,20.15406,577.327637,590.062744,625.653992,580.418945,593.3658295,505.128485,82.7119215,49.05469875,20.1625254,19.70774667,20.3821054,1
835,49:30.0,12,-70.088814,-90.088814,28.94553594,9.191727,0.891593,8.968422,0.213457,7.904412,0.311974,5.77149,0.367801,-1.366148,-0.738902,-2.282395,-1.29062,-4.285647,-0.952364,0.571414,-0.062395,-0.476182,-0.85056,3.168986,-0.79471,536.530518,526.922668,592.612305,574.202942,537.551453,57.431911,82.195442,87.341515,20.880976,55.716602,54.601154,57.026936,54.526211,20.240694,20.2444,20.404444,20.409307,19.85265,19.599833,19.796345,19.733316,20.50148,20.434088,2293.710937,20.767534,20.117228,20.562614,20.223089,36.625168,24.882389,20.550806,20.460258,47.493973,38.703049,35.695732,22.818184,46.646767,31.85857,23.073994,21.07959,32.280846,20.39958,20.675613,20.159157,44.724628,31.851696,22.904385,21.723804,38.375988,26.882364,20.973574,20.454006,24.67153,35.500477,20.334732,20.420887,45.658886,25.306524,20.960148,20.180004,607.353149,620.287109,681.223389,634.751831,635.9038695,553.5639772,84.7684785,55.46772575,20.230299,19.70983133,20.3676998,1
907,50:29.7,13,-68.098396,-88.098396,28.30601463,9.188442,0.888308,8.968422,0.213457,8.300128,0.70769,5.78791,0.384221,-1.605881,-0.978635,-2.597661,-1.605886,-4.482688,-1.149405,0.328399,-0.30541,-0.706063,-1.080441,3.310195,-0.935919,577.760681,554.888245,608.122986,601.687561,575.799866,62.747627,83.21978,89.477936,20.87866,61.913181,60.543781,62.643585,60.8144,20.293505,20.469753,20.551731,20.420193,19.875126,19.585464,19.803295,19.734243,20.480639,20.41695,2293.703613,20.748549,20.103329,20.5515,20.197609,40.269848,26.494553,20.518154,20.481333,54.325447,44.717831,40.68821,24.350546,52.138031,35.338081,24.435244,21.109217,35.059597,20.373178,20.726784,20.152672,50.485817,37.031887,25.123423,22.728046,42.622772,29.066114,21.30617,20.557058,26.92565,39.363937,20.418341,20.435709,51.448677,27.083584,21.047415,20.22471,633.968262,643.97821,707.858459,660.684021,661.622238,583.6518678,86.348858,61.47873675,20.3220616,19.70766733,20.3500054,1
980,51:30.0,14,-72.148537,-92.148537,29.60732494,9.199937,0.899803,8.973349,0.218384,8.451189,0.858751,5.804329,0.40064,-1.921145,-1.293899,-2.843962,-1.852187,-4.699432,-1.366149,0.06568,-0.568129,-0.98192,-1.356298,3.507231,-1.132955,593.321533,575.857544,617.997253,614.834778,600.019958,68.0112,85.006081,91.93383,20.858288,67.059288,66.229477,68.045013,66.522446,20.384527,20.87079,20.795547,20.457247,19.926794,19.596821,19.827394,19.732389,20.479942,20.389854,2293.705566,20.754337,20.094757,20.546173,20.190197,44.126793,28.67864,20.505648,20.532047,60.324081,50.441822,44.890015,26.718643,58.062588,39.976677,26.542461,21.15134,38.302864,20.405834,20.836063,20.155914,55.975006,43.153057,27.944899,24.207909,47.757118,32.206165,22.000446,20.760818,30.816252,44.245342,20.564468,20.477859,57.258648,29.342958,21.159672,20.257833,643.086426,659.665344,724.083862,681.826233,677.1654663,600.4062132,88.4699555,66.964056,20.486981,19.718868,20.3401846,1
1052,52:29.7,15,-72.03376,-92.03376,29.57044709,9.229492,0.929358,8.966781,0.211816,8.467609,0.875171,5.819107,0.415418,-2.18715,-1.559904,-3.149375,-2.1576,-4.840645,-1.507362,-0.210175,-0.843984,-1.218369,-1.592747,3.628736,-1.25446,594.888733,599.174133,627.837708,622.473999,613.784363,72.009789,86.551086,93.520538,20.846945,71.765411,70.56115,72.371635,71.092697,20.512596,21.506098,21.090004,20.515606,20.040548,19.597748,19.878601,19.733084,20.466047,20.381516,2293.714355,20.748085,20.097538,20.538763,20.197842,47.536022,31.163729,20.505417,20.638103,64.69101,54.940269,47.492161,29.403833,62.791798,43.983978,29.012115,21.201796,41.232307,20.373178,20.942785,20.172592,60.815971,48.475311,31.008238,26.016733,52.912693,35.869949,23.144695,21.086533,35.127911,49.169201,20.752483,20.540617,62.259232,31.852154,21.322138,20.302999,648.787659,664.419556,730.289673,690.670837,683.5419313,611.6317872,90.035812,71.44772325,20.7329704,19.73647767,20.3363412,1
1125,53:30.2,16,-72.026695,-92.026695,29.5681771,9.239344,0.93921,8.963496,0.208531,8.487313,0.894875,5.840452,0.436763,-2.413746,-1.7865,-3.441652,-2.449877,-5.04097,-1.707687,-0.472894,-1.106703,-1.53035,-1.904728,3.806068,-1.431792,602.307739,608.273743,642.011169,637.313538,632.247375,74.979088,88.643295,96.535675,20.827728,74.65152,74.564926,75.940758,75.63266,20.70039,22.772884,21.497538,20.590633,20.178383,19.614201,19.935598,19.753475,20.443121,20.379663,2293.712646,20.738592,20.088503,20.531586,20.193439,51.122604,34.002346,20.47809,20.787445,68.650864,58.502403,49.208492,31.8918,66.425018,47.49691,31.966274,21.291822,44.694267,20.411856,20.776794,20.211739,65.632713,53.390648,34.777615,28.211229,59.053951,39.943466,25.061842,21.718021,39.988277,53.904491,21.066858,20.642965,67.308762,34.741505,21.776779,20.409771,660.031067,675.154236,743.79303,704.674194,695.9131318,624.4307128,92.589485,75.197466,21.1479656,19.767758,20.3272624,1
1197,54:29.7,17,-72.364174,-92.364174,29.67660911,9.241807,0.941673,8.956928,0.201963,8.482387,0.889949,5.845378,0.441689,-2.656762,-2.029516,-3.733929,-2.742154,-5.283987,-1.950704,-0.801292,-1.435101,-1.845615,-2.219993,4.104905,-1.730629,613.780823,609.729431,655.229431,652.898621,650.11499,76.990387,90.870316,98.728035,20.810596,76.795044,76.346642,78.230713,79.239967,20.929359,24.477936,21.935225,20.684645,20.349323,19.649891,20.008114,19.802601,20.446594,20.370399,2293.714844,20.698769,20.099623,20.525331,20.176067,54.433262,36.68996,20.486197,20.982834,71.83255,60.65374,50.473408,33.81662,69.382454,49.676754,34.762985,21.373974,47.743778,20.430847,20.91547,20.223322,69.589508,56.344898,38.924831,30.316278,63.302746,43.258087,27.408356,22.540354,44.275715,57.709866,21.540573,20.763367,71.5,37.560196,23.292322,20.566088,671.242554,685.565857,755.462952,715.463562,706.9337313,636.3506592,94.7991755,77.6530915,21.6752976,19.820202,20.3236028,1
1270,55:30.2,18,-72.871155,-92.871155,29.8395021,9.23606,0.935926,8.929015,0.17405,8.484029,0.891591,5.84702,0.443331,-2.866939,-2.239693,-4.003218,-3.011443,-5.418631,-2.085348,-1.083715,-1.717524,-2.134608,-2.508986,4.209991,-1.835715,625.903442,615.28302,668.434448,667.012451,664.087585,78.720779,92.632431,99.626526,20.816153,78.913239,78.622986,80.341759,81.745682,21.263124,26.433281,22.550756,20.793001,20.576509,19.717094,20.115376,19.873735,20.438721,20.385916,2293.703369,20.67955,20.095917,20.517691,20.180931,57.238647,39.756241,20.481796,21.331625,74.490639,62.4189,52.417023,35.629967,71.719536,52.19257,36.872227,21.464449,50.982094,20.395876,20.907135,20.243937,72.637924,59.057995,42.898724,32.772106,65.945213,46.50491,29.821121,23.763718,47.585762,61.546223,22.28997,20.950888,74.844391,40.708443,25.675173,20.853195,682.799011,695.540833,765.032532,724.451843,716.9560548,648.1441892,96.1294785,79.9059165,22.3233342,19.90206833,20.3238352,1
1342,56:29.7,19,-73.472832,-93.472832,30.03282092,9.226208,0.926074,8.919163,0.164198,8.480745,0.888307,5.845378,0.441689,-3.027855,-2.400609,-4.242951,-3.251176,-5.589399,-2.256116,-1.224926,-1.858735,-2.338216,-2.712594,4.36762,-1.993344,634.580139,624.90564,680.916565,685.120911,664.615479,80.17569,93.95269,100.946922,20.790918,80.285133,80.308182,81.835007,83.233887,21.67453,28.183634,23.255821,20.913155,20.833284,19.813723,20.252739,19.956682,20.431078,20.402822,2293.702393,20.660564,20.087112,20.503101,20.180931,59.683941,42.509064,20.457943,21.785337,76.454491,63.649979,54.146046,37.039642,73.54483,54.047897,38.462315,21.591475,53.134346,20.425287,20.963156,20.302305,75.067688,60.947006,46.386574,35.099812,68.309212,49.320492,31.998356,25.194452,49.889164,65.00135,23.254435,21.185595,77.260239,43.696484,28.299301,21.305708,691.72821,706.417236,775.98877,742.285583,729.1049498,658.0277468,97.449806,81.41555225,22.9720848,20.00771467,20.3210088,1
1415,57:30.2,20,-74.05883,-94.05883,30.22110208,9.22785,0.927716,8.902743,0.147778,8.487313,0.894875,5.83881,0.435121,-3.198623,-2.571377,-4.472832,-3.481057,-5.740464,-2.407181,-1.454805,-2.088614,-2.57138,-2.945758,4.5351,-2.160824,647.471313,635.113525,691.748413,698.594421,675.24231,81.560555,95.028206,102.036613,20.802494,81.483543,81.729118,82.759193,84.437599,22.156549,29.901482,24.007769,21.055054,21.124493,19.95784,20.441963,20.111437,20.461416,20.469753,2293.734131,20.672604,20.125105,20.522091,20.209887,61.836472,45.059002,20.479479,22.407425,78.256668,64.48597,55.705582,38.304913,75.011978,55.423969,39.812889,21.719641,54.818539,20.456785,21.078432,20.364145,77.332291,61.662418,49.593227,37.4608,70.295258,51.904297,34.188728,26.742594,51.741993,67.879097,24.388395,21.506098,79.311577,46.419384,30.868093,21.924124,698.863159,714.40033,784.139221,748.469971,736.4681703,669.6339964,98.5324095,82.60236325,23.6490694,20.17041333,20.3576504,1
1487,58:29.7,21,-73.281693,-93.281693,29.97140796,9.190084,0.88995,8.887965,0.133,8.482387,0.889949,5.809255,0.405566,-3.287291,-2.660045,-4.614044,-3.622269,-5.907948,-2.574665,-1.573028,-2.206837,-2.781557,-3.155935,4.705864,-2.331588,660.161072,644.4104,702.9729,710.713867,684.470459,82.421562,95.493881,102.973076,20.802261,82.05529,82.827034,82.786736,85.140038,22.588203,31.42581,24.618692,21.188602,21.33556,20.13298,20.602213,20.283775,20.455164,20.527649,2293.70459,20.656628,20.105646,20.49708,20.199926,63.74995,47.065006,20.472763,23.010681,79.590881,64.244606,56.24102,39.111282,75.929352,56.162773,40.895061,21.804537,56.049664,20.407686,21.261274,20.402361,79.144852,62.190834,52.249588,39.531433,72.079155,54.021111,36.10965,28.076923,52.981174,70.037186,25.439796,21.797829,80.900879,48.511684,33.013645,22.58728,706.968445,723.419678,793.382935,755.052734,744.705948,680.5457396,99.2334785,83.2022745,24.2313734,20.339656,20.357093,1
1560,59:30.3,22,-74.040955,-94.040955,30.21535884,9.175307,0.875173,8.876472,0.121507,8.482387,0.889949,5.792835,0.389146,-3.385811,-2.758565,-4.7257,-3.733925,-5.9999,-2.666617,-1.64856,-2.282369,-2.850521,-3.224899,4.791246,-2.41697,669.008728,655.267334,711.642151,721.858826,694.578369,83.239037,96.316666,104.273979,20.775869,82.598663,83.68309,82.050819,85.55761,23.084621,32.704784,25.265018,21.301079,21.604893,20.350018,20.822866,20.510975,20.479248,20.651764,2293.696533,20.637873,20.134834,20.517227,20.223553,65.206139,48.865665,20.493837,23.77688,80.722038,64.567314,56.328709,39.757832,76.758354,57.729412,41.916729,21.885265,57.131893,20.403749,21.47949,20.467901,80.732559,62.824085,53.99432,41.36409,73.609947,56.131966,37.723171,29.42864,53.876125,72.175827,26.250141,22.193779,82.161407,50.775932,34.837948,23.448706,716.464844,732.001648,799.971313,764.234009,753.1679535,690.4710816,100.2953225,83.4725455,24.792079,20.56128633,20.4013252,1
1632,00:30.1,23,-71.913689,-91.913689,29.53186828,9.114553,0.814419,8.840348,0.085383,8.457757,0.865319,5.730441,0.326752,-3.428503,-2.801257,-4.830789,-3.839014,-6.036024,-2.702741,-1.753647,-2.387456,-3.037709,-3.412087,4.853641,-2.479365,678.785828,666.019226,719.522583,734.907166,702.449036,83.943756,97.396614,105.994522,20.786518,83.098862,84.400421,81.244698,85.828918,23.582666,33.710934,25.854263,21.385544,21.855658,20.574656,21.096718,20.748316,20.518385,20.748549,2293.707275,20.639725,20.167032,20.533901,20.256212,66.542152,50.321556,20.488743,24.556393,81.617859,66.781578,56.593552,40.30146,77.396729,59.43475,42.588505,21.971306,57.965988,20.394255,21.652782,20.554047,82.027084,63.584526,55.109692,42.828152,74.762947,58.078987,38.892952,30.623081,54.504379,74.060143,26.845984,22.569712,83.127747,53.236603,36.162148,24.323774,726.853088,741.875122,807.830933,773.641418,762.5501403,700.3367678,101.695568,83.64322475,25.277813,20.80656333,20.4448158,1
1704,01:29.7,24,-72.629471,-92.629471,29.76184903,9.099776,0.799642,8.830496,0.075531,8.459399,0.866961,5.714021,0.310332,-3.451491,-2.824245,-4.893185,-3.90141,-6.082,-2.748717,-1.766783,-2.400592,-3.096821,-3.471199,4.896332,-2.522056,688.494324,677.046021,729.78656,746.082336,714.260071,84.528305,99.58667,108.189247,20.774942,83.576942,85.100609,80.60408,86.094872,24.039627,34.703564,26.374542,21.495224,22.075842,20.843935,21.357775,21.038157,20.540617,20.934916,2293.69751,20.644123,20.196451,20.545248,20.302538,67.974701,51.626114,20.501247,25.286924,82.533058,67.389603,56.987152,40.86301,78.033119,60.835491,43.110859,22.043465,58.47253,20.415098,21.869999,20.63463,83.283592,64.457283,56.098686,44.025917,76.173912,59.839279,39.989643,31.768732,55.868408,75.690834,27.402832,22.921253,84.049911,55.450062,36.813831,25.202293,733.453613,749.591919,817.233826,782.354553,770.6584778,711.1338624,103.8879585,83.84412575,25.7377598,21.07995567,20.503954,1
1776,02:29.5,25,-73.311707,-93.311707,29.98105146,9.084998,0.784864,8.822287,0.067322,8.441338,0.8489,5.700885,0.297196,-3.458059,-2.830813,-4.912889,-3.921114,-6.144396,-2.811113,-1.793055,-2.426864,-3.116525,-3.490903,4.952159,-2.577883,697.654968,685.735046,736.791931,753.598877,722.120789,84.900131,102.638168,111.164139,20.755032,84.117775,85.890533,80.232086,86.335068,24.44009,35.567623,26.830788,21.576435,22.270086,21.115696,21.620625,21.345741,20.607075,21.103893,2293.704102,20.62722,20.227953,20.559374,20.347008,69.272987,52.745987,20.524637,25.912109,83.290085,67.619125,57.304718,41.359772,78.561897,62.011639,43.57766,22.110992,58.915405,20.391243,22.08116,20.719606,84.292686,64.723724,56.815876,45.005089,77.479523,61.330421,40.882786,32.711197,56.588383,77.0103,27.831263,23.241035,84.847267,57.095486,37.344982,25.948982,738.64209,752.288269,819.756042,788.511047,774.799362,719.1803222,106.9011535,84.1438655,26.1370044,21.36068733,20.5690606,1
1849,03:29.9,26,-72.581802,-92.581802,29.74653298,9.048875,0.748741,8.794373,0.039408,8.388795,0.796357,5.666404,0.262715,-3.513887,-2.886641,-4.978569,-3.986794,-6.164101,-2.830818,-1.842314,-2.476123,-3.211761,-3.586139,4.991566,-2.61729,707.647583,693.805054,745.166992,759.187195,729.265381,85.36293,109.551933,114.811958,20.795317,84.424606,86.72834,80.03289,86.567444,24.836483,36.386036,27.281773,21.678463,22.470076,21.417477,21.90053,21.681007,20.645514,21.326073,2293.69751,20.615873,20.274048,20.585541,20.412086,70.535637,53.878601,20.565857,26.559734,83.973991,67.739594,57.651443,41.889252,79.152237,63.10434,43.805096,22.182449,59.653408,20.419498,22.321417,20.818005,85.239273,65.082909,57.295055,45.787025,78.823051,62.697399,41.648506,33.623081,57.40427,78.29538,28.298382,23.523773,85.565674,58.335068,37.983662,26.684561,746.891846,758.537048,825.120239,793.201721,780.9377135,727.014441,112.1819455,84.43832,26.5305662,21.666338,20.6486524,1
1921,04:29.8,27,-73.163826,-93.163826,29.93353729,9.040665,0.740531,8.789447,0.034482,8.387153,0.794715,5.666404,0.262715,-3.507319,-2.880073,-4.998273,-4.006498,-6.216645,-2.883362,-1.875154,-2.508963,-3.274158,-3.648536,5.021122,-2.646846,714.778015,702.07666,751.674438,768.463257,737.467651,85.857376,117.926353,122.208527,20.785824,84.930145,87.681992,80.115929,86.758591,25.247261,37.054695,27.752815,21.771227,22.658012,21.68494,22.208811,22.007616,20.72308,21.576204,2293.713135,20.626757,20.352102,20.631851,20.502869,71.89566,55.000122,20.601055,27.177965,84.525841,68.017693,57.923077,42.447098,79.753136,64.033936,44.183689,22.211584,60.174164,20.41394,22.489033,20.913155,86.055214,65.69342,57.502022,46.560795,79.991714,63.979916,42.293869,34.471325,58.668152,79.474281,28.592669,23.796276,86.22348,59.639942,38.483498,27.369232,753.576843,766.427185,829.986938,800.132385,787.5308378,734.8920042,120.06744,84.87166425,26.896802,21.96712233,20.7572212,1
1994,05:30.2,28,-73.666176,-93.666176,30.09494235,9.025887,0.725753,8.784521,0.029556,8.379764,0.787326,5.643416,0.239727,-3.533591,-2.906345,-5.014693,-4.022918,-6.249485,-2.916202,-1.907994,-2.541803,-3.287294,-3.661672,5.047393,-2.673117,724.56488,712.250793,760.874512,778.509033,743.4953,86.565422,135.41156,138.845779,20.824257,85.63916,89.109703,80.821861,87.021019,25.627916,37.721577,28.20801,21.87023,22.83182,21.9683,22.500824,22.360027,20.802725,21.861441,2293.709473,20.627684,20.426678,20.667278,20.584383,73.351952,56.170193,20.648523,27.727047,85.236137,68.457199,58.357304,43.083862,80.590202,65.04953,44.704464,22.283033,60.953285,20.403286,22.682512,21.023573,86.933838,67.109673,57.607407,47.181931,81.685463,65.31839,42.946598,35.229118,60.186729,80.618629,28.901812,24.073563,86.94886,60.760323,38.665016,27.986992,758.50354,771.836609,837.021301,804.273132,792.9086455,743.9389036,137.1286695,85.64793575,27.2519106,22.27638367,20.868501,1
2066,06:30.0,29,-70.971237,-90.971237,29.22905845,8.976627,0.676493,8.756607,0.001642,8.324758,0.73232,5.608935,0.205246,-3.589419,-2.962173,-5.096794,-4.105019,-6.318449,-2.985166,-1.999946,-2.633755,-3.421938,-3.796316,5.139343,-2.765067,733.523437,720.987488,767.559021,785.192017,753.155945,87.203003,158.390518,153.839157,20.855047,86.186287,90.979141,82.049026,87.301849,25.962349,38.373707,28.603703,21.953266,22.980642,22.255056,22.756012,22.711405,20.884449,22.142443,2293.701904,20.602674,20.502638,20.68997,20.649912,75.071945,57.236626,20.702242,28.132349,86.169258,68.972565,58.803795,43.580608,81.915596,65.943871,45.390118,22.307543,61.947495,20.393328,22.890982,21.108059,87.839348,69.921463,57.693913,47.629395,83.441238,66.35894,43.538651,35.865154,62.157417,81.668449,29.184902,24.299309,87.846527,61.578972,38.913445,28.466227,767.65033,777.112427,841.984619,810.414124,799.290375,752.0835816,156.1148375,86.62907575,27.5747334,22.57415767,20.9738824,1
2138,07:29.9,30,-72.431053,-92.431053,29.69809733,8.963491,0.663357,8.736903,-0.018062,8.323115,0.730677,5.595799,0.19211,-3.655099,-3.027853,-5.211734,-4.219959,-6.361141,-3.027858,-2.134589,-2.768398,-3.523742,-3.89812,5.19517,-2.820894,741.294312,727.506104,765.406982,787.332642,745.084412,88.020035,172.424301,176.68074,20.878199,86.824028,92.266495,85.394066,87.663612,26.339527,39.196648,29.084497,22.06081,23.129215,22.534805,23.048346,23.079308,20.982601,22.423145,2293.69751,20.601749,20.57975,20.706409,20.736971,76.403252,58.528233,20.761282,28.551519,87.660248,70.856133,60.206707,44.393791,83.430038,67.160736,46.72934,22.362803,63.216885,20.409771,23.082312,21.209896,88.806976,71.78936,57.988903,48.155582,85.190216,67.506493,44.191624,36.611248,63.734261,83.08252,29.461946,24.527317,89.261299,63.053894,39.098763,28.955585,774.184814,781.307617,841.668213,804.397034,800.3894195,753.3248904,174.5525205,88.03705025,27.9621394,22.88748633,21.0857752,1
2210,08:29.6,31,-73.039345,-93.039345,29.89354155,8.943788,0.643654,8.736903,-0.018062,8.30177,0.709332,5.585948,0.182259,-3.743767,-3.116521,-5.293834,-4.302059,-6.397265,-3.063982,-2.196984,-2.830793,-3.573002,-3.94738,5.231293,-2.857017,747.201904,737.944702,778.436218,795.007568,753.150146,89.396751,177.545898,188.737488,20.896023,87.651505,92.843033,88.441284,88.536346,26.712196,39.839733,29.684032,22.16395,23.296942,22.791374,23.350767,23.41683,21.086533,22.697767,2293.703369,20.605917,20.688349,20.738129,20.838146,77.908035,59.80426,20.822405,28.947773,89.017761,72.554008,61.784885,45.452614,84.490234,68.570488,47.407829,22.413898,64.608994,20.40514,23.271069,21.308022,89.992691,73.373207,58.665009,48.820263,87.078842,68.679291,44.859882,37.361626,64.956543,84.87616,29.746265,24.744205,90.732101,63.875469,39.326614,29.408886,778.257385,788.160522,848.807678,802.135742,804.3403318,762.3481076,183.141693,89.368042,28.3393706,23.18632367,21.2097848,1
2283,09:30.3,32,-73.69178,-93.69178,30.10316891,8.927368,0.627234,8.723767,-0.031198,8.306696,0.714258,5.574454,0.170765,-3.796311,-3.169065,-5.418626,-4.426851,-6.505637,-3.172354,-2.22654,-2.860349,-3.674806,-4.049184,5.273984,-2.899708,758.210693,748.9021,791.458008,809.290039,776.427856,91.466095,186.730713,195.519119,20.931442,90.315491,93.679329,89.701324,90.280266,27.127321,40.650246,30.432861,22.292515,23.474344,23.080002,23.651489,23.782885,21.222626,23.009296,2293.718018,20.581371,20.792074,20.755032,20.958063,79.728737,61.083641,20.894634,29.411873,89.963753,73.754715,63.183929,46.550163,85.37368,69.803505,48.435318,22.482559,65.875549,20.372021,23.487511,21.423725,91.167404,74.636299,59.651165,49.682175,88.550919,69.988388,45.667488,38.164803,66.220963,86.785034,30.157221,24.981808,91.971535,64.714989,39.6534,29.834438,785.372986,794.822388,859.50708,825.433594,816.284012,776.8577392,191.124916,90.9941025,28.7954574,23.504792,21.3474182,1
2355,10:30.0,33,-74.280426,-94.280426,30.29230087,8.914232,0.614098,8.717199,-0.037766,8.291918,0.69948,5.556392,0.152703,-3.814373,-3.187127,-5.48759,-4.495815,-6.531909,-3.198626,-2.282368,-2.916177,-3.747054,-4.121432,5.30354,-2.929264,766.415466,755.103333,796.19696,815.083862,783.431396,92.676216,200.432571,203.846573,20.943712,92.119911,94.596329,90.479477,91.978722,27.54965,41.791595,31.103186,22.42592,23.630241,23.387033,23.923269,24.184826,21.333477,23.307106,2293.708984,20.586002,20.88792,20.800179,21.047415,81.869705,62.189713,20.96825,29.816299,90.511559,74.531586,63.953693,47.374817,86.414391,70.745125,49.086323,22.569481,66.804199,20.412319,23.712685,21.518362,92.132034,75.680092,60.417217,50.350666,89.742142,71.16185,46.370735,38.752464,67.492836,88.30587,30.540251,25.170238,92.541733,64.736946,39.304993,30.212997,790.696106,797.554932,863.861694,832.505981,821.1546783,783.2462034,202.139572,92.29360975,29.3001184,23.83170933,21.4752194,1
2427,11:29.9,34,-73.218124,-93.218124,29.95098324,8.867436,0.567302,8.684361,-0.070604,8.246764,0.654326,5.520269,0.11658,-3.816015,-3.188769,-5.507294,-4.515519,-6.554897,-3.221614,-2.305356,-2.939165,-3.766758,-4.141136,5.338021,-2.963745,771.982178,760.927429,802.240112,819.401123,789.923523,93.701561,213.49707,215.84343,20.991167,93.065781,95.316093,91.915649,93.544121,28.047253,42.820663,31.766441,22.560234,23.824217,23.705988,24.247377,24.572775,21.434137,23.622391,2293.690674,20.603371,20.995796,20.847406,21.130047,83.917336,63.384792,21.042555,30.30641,91.122528,75.493263,64.208969,48.10157,87.41526,71.733192,49.629799,22.672342,67.872375,20.433857,23.898794,21.644222,92.99752,76.684738,60.949921,51.007809,90.549706,72.406319,46.961422,39.391476,68.680634,89.739006,30.919245,25.409363,93.07634,66.112549,39.744637,30.655663,796.17926,802.605652,868.525879,834.998047,825.5772095,788.894873,214.67025,93.460411,29.8037616,24.17538,21.6059554,1
2499,12:29.6,35,-73.801476,-93.801476,30.13841424,8.855122,0.554988,8.679435,-0.07553,8.246764,0.654326,5.513701,0.110012,-3.819299,-3.192053,-5.576259,-4.584484,-6.571317,-3.238034,-2.305356,-2.939165,-3.822586,-4.196964,5.392206,-3.01793,776.072632,768.407776,807.458557,825.407349,794.273682,95.025513,221.018188,228.426361,20.98723,93.963692,95.839821,94.192154,95.020569,28.566233,43.642517,32.407291,22.686441,24.074486,23.997841,24.629076,24.935444,21.574585,23.903875,2293.713623,20.609623,21.125187,20.891857,21.271688,84.677032,64.578293,21.138611,30.790329,92.027428,76.780281,64.338287,48.628708,88.224937,72.620468,50.028419,22.76156,68.487648,20.426908,24.069637,21.763824,93.763779,77.710892,61.358688,51.580124,91.349846,73.638588,47.480633,40.089497,69.745079,90.765762,31.321489,25.665491,93.821953,67.136993,40.149769,31.108461,798.182373,803.712036,870.991333,838.775452,827.9152985,794.3239992,224.7222745,94.754059,30.2753936,24.520787,21.7534384,1
2571,13:29.6,36,-72.145882,-92.145882,29.60647189,8.81243,0.512296,8.626891,-0.128074,8.181906,0.589468,5.469368,0.065679,-3.812731,-3.185485,-5.576259,-4.584484,-6.594306,-3.261023,-2.311924,-2.945733,-3.839006,-4.213384,5.415194,-3.040918,784.080566,772.477295,810.125793,829.274475,799.0271,97.006142,228.4319,236.409958,21.014776,96.331505,96.310593,96.453148,96.506439,29.000166,44.274807,32.903755,22.817028,24.272997,24.332314,24.952053,25.33235,21.729126,24.198214,2293.713135,20.601517,21.245768,20.918941,21.354998,84.779617,65.522491,21.232576,31.198126,93.251266,78.308136,64.221519,48.981983,89.262642,73.406326,50.060917,22.797152,69.360512,20.415792,24.264458,21.86861,94.341324,78.394516,61.499565,51.990627,92.126648,74.638763,47.967323,40.642971,70.820328,91.410889,31.740541,25.909115,94.641037,67.974258,40.882561,31.514072,808.227478,810.408875,876.081726,841.101746,833.9549563,798.9970458,232.420929,96.40042125,30.6537506,24.872239,21.8894094,1
2644,14:30.1,37,-72.819954,-92.819954,29.82305122,8.807504,0.50737,8.617039,-0.137926,8.181906,0.589468,5.456233,0.052544,-3.812731,-3.185485,-5.576259,-4.584484,-6.594306,-3.261023,-2.311924,-2.945733,-3.839006,-4.213384,5.41191,-3.037634,787.811096,778.154297,817.238892,835.532104,806.067688,100.569321,237.157898,243.146133,21.042786,101.508934,96.219315,99.29509,97.983582,29.468607,44.836548,33.368183,22.946905,24.495935,24.701523,25.326586,25.733028,21.851725,24.532394,2293.701904,20.597582,21.373974,20.968018,21.454962,85.158401,66.488174,21.328617,31.646797,94.341324,80.135178,64.018471,49.213009,90.758354,74.273376,50.089806,22.823036,69.960411,20.408382,24.466627,21.9757,93.917648,79.037437,61.410282,52.18536,92.707199,75.687256,48.331387,41.166183,71.779961,91.955154,32.150265,26.153835,95.259232,68.72496,41.623974,31.953672,809.352417,813.569275,879.579651,846.83313,837.3336183,804.9608154,240.1520155,98.75173025,31.0232356,25.25371233,22.0362146,1
2716,15:30.2,38,-73.347244,-93.347244,29.9924695,8.800936,0.500802,8.615397,-0.139568,8.180264,0.587826,5.448022,0.044333,-3.812731,-3.185485,-5.576259,-4.584484,-6.614009,-3.280726,-2.305356,-2.939165,-3.839006,-4.213384,5.425045,-3.050769,792.802917,783.93866,821.437683,841.627319,810.268372,103.20359,244.010483,248.685669,21.06871,105.798233,96.893684,102.741684,99.227325,29.889313,45.252651,33.784367,23.07515,24.703369,25.003258,25.712975,26.080793,22.030281,24.820335,2293.707764,20.60638,21.516048,21.010611,21.572271,85.760811,67.372581,21.410536,32.054951,95.179901,81.993057,64.049622,49.487122,91.945724,75.155403,50.311405,22.87619,70.358147,20.409307,24.632536,22.093185,94.156883,79.636086,61.283985,52.410488,93.020874,76.621185,48.58511,41.511986,72.539459,92.404106,32.439129,26.406561,95.687637,69.526382,41.547878,32.398357,812.766113,816.141296,882.623901,851.823914,840.838806,810.0149902,246.348076,101.1652315,31.34097,25.59900867,22.1899092,1
2788,16:30.2,39,-73.763069,-93.763069,30.12607407,8.791905,0.491771,8.610472,-0.144493,8.17698,0.584542,5.441455,0.037766,-3.816015,-3.188769,-5.576259,-4.584484,-6.620577,-3.287294,-2.298788,-2.932597,-3.839006,-4.213384,5.444749,-3.070473,797.550171,787.671326,822.2146,844.788879,814.77655,106.520706,250.704193,256.047882,21.068247,110.830482,97.530693,105.563339,100.637352,30.289196,45.657982,34.212967,23.218857,24.905226,25.346645,26.072727,26.462305,22.16395,25.129189,2293.718018,20.588781,21.685865,21.047184,21.706455,86.082321,68.170395,21.516048,32.418972,96.040573,83.927856,64.738518,49.892773,93.212646,76.132515,50.608547,22.8993,71.175949,20.418571,24.828178,22.194242,94.522179,80.300354,61.303726,52.642349,93.557144,77.458267,48.668015,41.774792,73.371422,92.916458,32.790882,26.647484,96.065979,70.32592,41.812492,32.797977,818.412964,819.713379,886.602234,855.317261,845.0114595,813.4003052,253.3760375,103.6404665,31.6568456,25.960559,22.3465286,1
2860,17:30.0,40,-74.150871,-94.150871,30.25067485,8.782874,0.48274,8.612113,-0.142852,8.183548,0.59111,5.444738,0.041049,-3.809447,-3.182201,-5.592679,-4.600904,-6.676405,-3.343122,-2.249528,-2.883337,-3.839006,-4.213384,5.457885,-3.083609,802.60907,791.49176,826.91333,848.416016,820.697693,109.021034,258.452942,262.911316,21.09255,113.036308,98.22728,108.206894,102.135811,30.603809,45.994827,34.73259,23.368092,25.054001,25.692461,26.410017,26.842991,22.315866,25.460777,2293.714111,20.59897,21.815872,21.108522,21.807081,86.676346,68.839813,21.608131,32.702267,96.859276,85.593681,65.684685,50.475891,94.439499,77.052811,50.816986,22.953836,71.89566,20.446363,25.029091,22.313093,94.915848,80.926842,61.353302,52.910892,93.882378,78.14254,48.650848,41.99939,74.108696,93.318642,32.785156,26.865326,96.357811,71.111267,42.010971,33.13176,822.890442,824.803711,891.275513,858.628357,849.3995058,818.0255738,260.682129,105.4015733,31.9506638,26.31515633,22.5016236,1
2932,18:30.0,41,-70.228745,-90.228745,28.99049577,8.708985,0.408851,8.516879,-0.238086,8.081745,0.489307,5.370029,-0.03366,-3.816015,-3.188769,-5.592679,-4.600904,-6.679689,-3.346406,-2.269232,-2.903041,-3.839006,-4.213384,5.454601,-3.080325,806.92511,798.677063,833.374634,854.604004,826.326233,114.05687,266.0065,270.897308,21.101347,116.803963,98.890778,111.258377,103.53791,30.947916,46.380463,35.379425,23.520538,25.207136,25.997606,26.784733,27.153564,22.489033,25.753773,2293.713135,20.607538,21.990271,21.143703,21.932219,87.06472,69.54541,21.717096,33.033329,97.534294,87.383209,66.221184,50.487621,95.624695,78.194458,51.082458,23.086008,72.400276,20.405371,25.231581,22.428694,95.155853,81.710541,61.634155,53.339302,94.324921,78.902046,48.651299,42.181717,74.749069,93.754349,32.92482,27.06724,96.593918,71.13723,42.253685,33.463604,824.35675,827.891113,894.601074,865.652039,853.125244,823.9814088,268.451904,107.622757,32.2870956,26.645301,22.6617998,1
3004,19:29.8,42,-70.806801,-90.806801,29.17622516,8.694207,0.394073,8.508669,-0.246296,8.081745,0.489307,5.36264,-0.041049,-3.816015,-3.188769,-5.61895,-4.627175,-6.679689,-3.346406,-2.269232,-2.903041,-3.839006,-4.213384,5.441465,-3.067189,811.253479,802.018921,833.394104,857.696533,830.041626,117.206726,275.029968,278.112701,21.127964,119.861633,99.786629,113.81546,105.296638,31.271046,47.086266,35.963551,23.700447,25.354256,26.329851,27.106604,27.521116,22.703085,26.104065,2293.703613,20.597813,22.13805,21.202721,22.037914,87.229904,70.193642,21.84178,33.391064,98.336876,88.968201,66.823013,51.108845,96.910553,79.297256,51.122375,23.077229,73.059273,20.41394,25.487522,22.535961,95.546249,82.509102,62.576767,54.213802,95.100342,79.577454,48.710258,42.450275,75.431732,94.126328,33.183487,27.282234,96.810478,72.510818,43.016026,33.734955,831.960876,832.79718,897.413086,869.431702,857.900711,826.8809326,276.5713345,109.69009,32.6751132,26.985857,22.837167,1
3076,20:29.9,43,-71.378235,-91.378235,29.35982691,8.689281,0.389147,8.498816,-0.256149,8.065326,0.472888,5.354431,-0.049258,-3.819299,-3.192053,-5.625518,-4.633743,-6.679689,-3.346406,-2.305356,-2.939165,-3.839006,-4.213384,5.451317,-3.077041,816.762817,808.344727,840.869324,864.340332,835.84668,118.924782,282.629639,286.922363,21.144859,121.912849,100.574501,116.058678,106.934929,31.646109,47.82312,36.615585,23.854233,25.558529,26.613859,27.517204,27.839315,22.857471,26.377537,2293.684814,20.610548,22.307081,21.248545,22.15863,87.79026,70.888359,21.953959,33.744564,99.230026,90.737488,67.503136,51.808044,98.040962,80.477173,50.221142,23.120667,73.557587,20.433163,25.745014,22.670956,96.079468,83.568878,63.819435,55.052769,95.547379,80.379585,48.801064,42.703796,76.031601,94.561951,33.419212,27.492813,97.041451,73.754715,43.379211,34.028648,833.217346,837.761902,903.077637,875.952148,862.5022583,833.232776,284.776001,111.3702393,33.0995152,27.32345933,22.9898528,1
3148,21:29.9,44,-71.87529,-91.87529,29.51953068,8.674504,0.37437,8.495533,-0.259432,8.065326,0.472888,5.341295,-0.062394,-3.819299,-3.192053,-5.622234,-4.630459,-6.705962,-3.372679,-2.305356,-2.939165,-3.839006,-4.213384,5.48744,-3.113164,821.595703,812.812866,847.054626,868.16864,840.374756,119.183075,291.471527,294.932495,21.170782,124.29496,101.744247,117.428154,108.809494,32.00523,48.566811,37.149338,24.033394,25.771751,26.95443,27.889692,28.20203,23.015766,26.686863,2293.699219,20.6168,22.463371,21.315195,22.26685,88.610786,71.516563,22.054335,34.101601,100.267471,92.198929,68.393616,52.410263,99.245789,81.522049,49.86343,23.166643,74.17202,20.440342,26.003599,22.802698,96.999168,84.561455,64.840919,55.904392,96.186714,81.113525,48.896381,42.923454,76.737762,95.056076,33.706131,27.710482,97.295395,74.526665,43.612354,34.290024,839.248962,843.675171,908.391479,880.0625,867.844528,838.0013182,293.202011,113.0692138,33.5053048,27.68205067,23.149609,1
3220,22:30.0,45,-72.304138,-92.304138,29.65731954,8.664652,0.364518,8.483218,-0.271747,8.048906,0.456468,5.333085,-0.070604,-3.816015,-3.188769,-5.664927,-4.673152,-6.709246,-3.375963,-2.305356,-2.939165,-3.935884,-4.310262,5.500576,-3.1263,826.620911,818.004272,851.788269,874.933899,845.18103,119.218803,299.829529,303.666138,21.169857,123.58931,103.472939,118.254776,110.495079,32.434319,49.197201,37.644993,24.19729,25.966267,27.251852,28.321835,28.540024,23.223248,26.988964,2293.707275,20.629072,22.664022,21.373743,22.384073,89.104095,72.181427,22.170424,34.458523,101.299118,93.802643,69.229782,52.922157,100.260712,82.652618,49.661629,23.186281,74.589989,20.447289,26.238852,22.945288,98.015984,85.631317,65.418541,56.78463,96.824196,81.935295,49.006599,43.133774,77.367416,95.941658,33.97559,27.877501,97.644974,75.366844,44.36977,34.570763,843.382019,848.996338,910.581482,885.530273,872.122528,843.3056762,301.7478335,113.953026,33.888014,28.03790367,23.32681,1
3292,23:30.0,46,-72.695244,-92.695244,29.7829819,8.661368,0.361234,8.479114,-0.275851,8.046443,0.454005,5.329801,-0.073888,-3.809447,-3.182201,-5.664927,-4.673152,-6.709246,-3.375963,-2.269232,-2.903041,-3.937526,-4.311904,5.464452,-3.090176,818.076599,810.170898,837.608337,856.53125,839.927734,119.225174,309.339935,312.195862,21.170782,123.383514,106.425125,118.608063,112.004784,32.831635,49.555977,38.048145,24.356316,26.120424,27.557705,28.710819,28.880438,23.487511,27.232517,2293.70874,20.600128,22.848227,21.406601,22.513538,89.444298,72.810448,22.272167,34.869026,102.541885,95.132034,70.489532,53.261826,101.245483,83.601128,50.638329,23.17473,74.682846,20.405834,26.480732,23.061054,99.454498,86.535843,65.745399,57.098858,96.993546,82.708366,49.121098,43.284626,78.068703,96.799454,34.314487,28.043114,98.128723,76.205009,44.86668,34.805954,841.631714,843.990112,901.338928,857.191956,861.0381775,832.4629636,310.7678985,115.1053715,34.1824994,28.38298733,23.4976788,1
3364,24:30.1,47,-73.03537,-93.03537,29.89226438,8.649875,0.349741,8.477471,-0.277494,8.04398,0.451542,5.324875,-0.078814,-3.822583,-3.195337,-5.664927,-4.673152,-6.735518,-3.402235,-2.252812,-2.886621,-3.937526,-4.311904,5.533415,-3.159139,833.3703,825.943542,859.210754,879.845032,847.815552,120.035362,320.118134,322.279083,21.186983,123.143066,112.471046,118.886101,113.299843,33.223083,49.957325,38.38282,24.531471,26.265806,27.881182,29.114826,29.234528,23.631166,27.575882,2293.709961,20.59156,23.026627,21.459358,22.604847,89.830742,73.433403,22.420139,35.244423,104.133156,96.460571,71.96257,53.596924,102.128372,84.496948,51.845463,23.186281,75.184486,20.407223,26.760555,23.213776,101.091354,87.532928,66.009056,57.61729,97.387848,83.47953,49.307396,43.496243,78.732414,97.868385,34.91153,28.195822,98.89843,77.006493,45.112003,35.042233,850.31311,856.815674,914.603638,883.897888,876.4075775,849.237036,321.1986085,116.950014,34.472101,28.743512,23.659576,1
3435,25:29.6,48,-73.322304,-93.322304,29.98445628,8.641665,0.341531,8.475829,-0.279136,8.047264,0.454826,5.316665,-0.087024,-3.816015,-3.188769,-5.661643,-4.669868,-6.738801,-3.405518,-2.239676,-2.873485,-3.937526,-4.311904,5.539983,-3.165707,838.646118,830.102478,862.743286,886.08197,858.086548,122.077209,328.644623,330.59964,21.21545,124.057808,115.449059,119.056999,114.307396,33.575951,50.467766,38.682781,24.689064,26.384678,28.194902,29.485144,29.609856,23.753096,27.840466,2293.702393,20.587624,23.188824,21.54682,22.726198,90.457947,74.014496,22.550987,35.549126,105.729111,97.387398,73.222618,53.923405,102.98864,85.19133,52.104675,23.204071,75.457237,20.441963,27.226072,23.340603,103.005104,88.427162,66.366333,57.96217,98.039391,84.165924,49.454834,43.657257,79.463539,99.099678,35.261784,28.350576,99.98481,77.615349,45.149376,35.216324,856.90271,859.39624,924.120789,894.42865,883.7120973,855.13208,329.6221315,118.2178155,34.760048,29.096634,23.8110808,1
3507,26:29.7,49,-73.611443,-93.611443,30.07735664,8.630171,0.330037,8.464335,-0.29063,8.047264,0.454826,5.311739,-0.09195,-3.822583,-3.195337,-5.661643,-4.669868,-6.735518,-3.402235,-2.229824,-2.863633,-3.937526,-4.311904,5.530131,-3.155855,842.313904,833.981323,864.500244,889.765198,860.132751,121.655975,337.284302,339.730499,21.2379,123.626045,116.747147,118.900436,115.002205,33.956375,50.731495,38.950558,24.822182,26.475204,28.50807,29.853954,29.925819,23.927887,28.099232,2293.697998,20.617495,23.409901,21.628723,22.832743,91.407295,74.595131,22.636515,35.858074,107.268097,97.921707,74.23288,54.276154,103.690201,85.821976,52.11459,23.217239,75.705376,20.466047,27.804808,23.483814,105.056839,89.246719,66.555374,58.353039,98.701027,84.868767,49.562977,43.807137,80.223137,100.583961,35.497738,28.468527,101.335175,78.554062,45.341202,35.404778,860.412048,863.100098,926.736938,898.725891,887.2437438,858.138684,338.5074005,118.5689583,34.9871628,29.429281,23.9796972,1
3579,27:29.8,50,-73.898369,-93.898369,30.16954596,8.621961,0.321827,8.457767,-0.297198,8.004573,0.412135,5.30353,-0.100159,-3.816015,-3.188769,-5.655075,-4.6633,-6.735518,-3.402235,-2.233108,-2.866917,-3.937526,-4.311904,5.546551,-3.172275,845.250854,835.594421,868.470459,890.401306,862.91394,122.141953,345.778656,348.563904,21.252016,123.723938,117.409286,118.097153,115.506058,34.343754,50.95097,39.16478,24.945593,26.591518,28.805975,30.228374,30.248802,24.137274,28.367363,2293.710937,20.627453,23.611074,21.677999,22.94598,92.586411,75.177101,22.757399,36.203686,108.802025,98.183403,74.844841,54.419754,104.32341,86.329247,51.988823,23.294632,75.978348,20.443584,28.20962,23.623083,107.144226,90.012199,66.687286,58.610207,99.301392,85.547302,49.616707,43.918686,81.077042,102.274239,35.508701,28.58876,102.891205,80.048561,45.613605,35.564655,861.25592,862.100891,925.302612,898.367187,886.7566525,860.526196,347.17128,118.6841088,35.199323,29.76105033,24.147938,1
3651,28:29.8,51,-74.144691,-94.144691,30.24868922,8.617035,0.316901,8.456125,-0.29884,8.012782,0.420344,5.308455,-0.095234,-3.816015,-3.188769,-5.641939,-4.650164,-6.732234,-3.398951,-2.236392,-2.870201,-3.937526,-4.311904,5.546551,-3.172275,850.292419,840.928284,872.908264,896.526855,868.127808,122.621689,354.684387,357.430725,21.276779,123.381462,117.769676,117.599815,115.836746,34.691223,51.306393,39.24308,25.053539,26.69907,29.099661,30.581783,30.547365,24.406397,28.697948,2293.696533,20.623053,23.805052,21.74902,23.073994,94.056244,75.697098,22.936275,36.474575,110.235359,98.457504,74.862961,54.425606,104.95343,86.857643,51.925484,23.474575,75.882584,20.473921,28.552668,23.789812,109.503044,90.771149,66.899605,58.857018,101.521561,86.262024,49.659374,43.968563,82.006042,104.259987,35.503448,28.725531,104.645729,80.911842,45.968796,35.729301,866.348816,867.765259,930.844788,900.469971,891.3572085,865.756726,356.057556,118.6469248,35.398661,30.07626967,24.3464822,1
3723,29:29.9,52,-71.598068,-91.598068,29.43045925,8.507023,0.206889,8.331335,-0.42363,7.91919,0.326752,5.205012,-0.198677,-3.809447,-3.182201,-5.595963,-4.604188,-6.725666,-3.392383,-2.30043,-2.934239,-3.937526,-4.311904,5.526847,-3.152571,853.351685,844.494934,877.556641,897.789368,872.092773,122.34874,364.822662,365.856415,21.323063,125.314461,118.061905,117.753983,116.11911,35.002247,51.540215,39.259014,25.146254,26.829866,29.377645,30.906401,30.82818,24.490627,28.907557,2293.70459,20.632084,24.029238,21.835533,23.171957,96.027313,76.26162,23.038179,36.758171,111.477913,98.53492,74.271812,54.134567,105.61528,87.432968,51.810749,23.633705,76.099625,20.456553,28.828039,23.951666,111.853615,91.556313,67.15155,59.151402,104.238548,87.012054,49.669758,43.995541,83.065048,106.44207,35.575386,28.814939,106.653351,79.727623,46.318008,35.894604,868.684082,869.648132,933.381165,904.116943,893.9575805,869.0570802,365.3395385,119.3123648,35.5555192,30.370742,24.4869824,1
3795,30:30.0,53,-71.688782,-91.688782,29.45960566,8.505381,0.205247,8.328052,-0.426913,7.917548,0.32511,5.208296,-0.195393,-3.816015,-3.188769,-5.589395,-4.59762,-6.725666,-3.392383,-2.298788,-2.932597,-3.937526,-4.311904,5.533415,-3.159139,855.741089,847.181641,877.816284,901.227417,873.61554,121.986252,374.535706,374.758484,21.326534,125.375214,118.429024,118.163116,116.359932,35.297192,51.689014,39.221458,25.23527,26.95466,29.637875,31.215784,31.080711,24.729439,29.126085,2293.715332,20.659407,24.23653,21.890354,23.306875,98.107346,76.806007,23.140537,37.021626,112.551079,98.644531,73.674385,53.78854,106.163948,87.79026,51.701641,23.657494,76.492752,20.485733,29.039919,24.09226,114.171013,92.274353,67.295326,59.014431,106.74984,87.797882,49.675625,43.955639,84.224823,108.629417,35.479465,28.894688,108.591408,80.265434,46.716446,36.039341,869.518066,872.173889,935.52301,905.801147,895.754028,871.1163942,374.647095,119.5818215,35.6795188,30.64479,24.6578566,1
3867,31:30.2,54,-71.772209,-91.772209,29.48641075,8.505381,0.205247,8.326409,-0.428556,7.914264,0.321826,5.201728,-0.201961,-3.809447,-3.182201,-5.586111,-4.594336,-6.72895,-3.395667,-2.295504,-2.929313,-3.934242,-4.30862,5.523563,-3.149287,858.54126,849.807983,881.552734,903.580688,877.480713,121.064636,383.420624,383.425934,21.336254,125.247993,118.912727,118.647423,116.6492,35.527199,51.799477,39.140648,25.330275,27.064707,29.893677,31.46891,31.325846,24.91007,29.427032,2293.700195,20.661259,24.423704,21.948872,23.40736,100.426048,77.346611,23.269913,37.194031,113.369476,98.716782,73.166008,53.494465,106.722725,88.183014,51.548782,23.520077,76.335907,20.445667,29.200296,24.223835,116.485359,93.028282,67.368996,59.051483,109.288506,88.617287,49.606548,43.873344,85.469116,110.729012,35.321865,28.924334,110.383667,80.786049,47.093731,36.22263,871.888245,874.446838,938.040833,909.412842,898.4471895,874.1926756,383.423279,119.8643358,35.7724612,30.89614433,24.8234076,1
3938,32:29.5,55,-71.854538,-91.854538,29.51286306,8.506202,0.206068,8.328052,-0.426913,7.920832,0.328394,5.205012,-0.198677,-3.809447,-3.182201,-5.586111,-4.594336,-6.725666,-3.392383,-2.272516,-2.906325,-3.934242,-4.30862,5.520279,-3.146003,862.837158,855.449402,886.403015,908.294495,881.376221,120.520882,390.853241,391.777161,21.339031,123.824799,119.463478,119.416588,116.954651,35.743229,51.83329,39.108326,25.393684,27.181187,30.095472,31.723124,31.519804,25.081217,29.612612,2293.705566,20.631157,24.639458,22.046934,23.499521,103.013901,77.961739,23.363703,37.387161,113.946823,98.867142,72.785606,53.194035,107.301331,88.57177,51.442589,23.436695,76.85434,20.458868,29.311718,24.356316,118.696335,93.765579,67.437973,59.159039,112.397148,89.557777,49.56591,43.847042,86.612259,112.865555,35.136593,28.979485,111.664169,81.410347,47.384541,36.385353,876.027588,880.008057,941.337708,913.983765,902.8392795,878.8720582,391.315201,119.914879,35.8519432,31.1128,24.9759484,1
4010,33:29.7,56,-71.919647,-91.919647,29.53378258,8.507843,0.207709,8.328052,-0.426913,7.920011,0.327573,5.206654,-0.197035,-3.809447,-3.182201,-5.586111,-4.594336,-6.725666,-3.392383,-2.233108,-2.866917,-3.934242,-4.30862,5.539983,-3.165707,865.545227,857.176086,888.838379,912.212585,884.156311,120.603561,398.728943,399.312408,21.370272,121.789764,120.179497,120.384689,117.437248,35.920174,51.855606,39.076454,25.463083,27.302027,30.317196,31.927778,31.732061,25.334425,29.88587,2293.710937,20.617958,24.835331,22.111917,23.591211,106.274879,78.600838,23.507605,37.551987,114.440163,99.089996,72.543716,52.979374,108.023933,88.983231,51.33255,23.370171,77.004036,20.411392,29.424736,24.460398,121.642067,94.503532,67.509178,59.219887,115.588501,90.604897,49.485767,43.931156,87.85527,114.937729,35.01413,29.013494,112.692551,81.993507,47.692917,36.550331,879.548157,883.35968,944.490479,917.788025,906.2965853,881.5857176,399.0206755,119.9477995,35.9234688,31.32567833,25.1517508,1
4082,34:29.8,57,-72.001976,-92.001976,29.56023489,8.503738,0.203604,8.329694,-0.425271,7.915906,0.323468,5.208296,-0.195393,-3.809447,-3.182201,-5.586111,-4.594336,-6.72895,-3.395667,-2.229824,-2.863633,-3.937526,-4.311904,5.549835,-3.175559,868.461731,859.862183,891.02124,914.729797,886.306946,120.578964,407.038635,406.427063,21.358932,122.127815,121.108383,121.758537,118.046211,36.080429,51.835995,39.068943,25.524639,27.412268,30.51157,32.098484,31.923882,25.647511,30.135643,2293.6875,20.603601,25.0254,22.157244,23.675507,109.614853,79.307106,23.639711,37.683056,114.900269,99.395279,72.442345,52.807491,108.878723,89.372757,51.213261,23.481968,77.728348,20.403519,29.523272,24.56493,125.002953,95.348907,67.642189,59.316208,118.989182,91.739227,49.448288,43.992596,89.151184,117.082161,35.26247,29.030039,113.445236,82.675232,48.065865,36.726463,882.717041,885.576904,947.589478,919.219604,908.7757568,884.0763794,406.732849,120.7602365,35.9844548,31.511312,25.328261,1
4154,35:30.0,58,-72.097549,-92.097549,29.59094249,8.503738,0.203604,8.331335,-0.42363,7.920832,0.328394,5.201728,-0.201961,-3.802879,-3.175633,-5.586111,-4.594336,-6.72895,-3.395667,-2.229824,-2.863633,-3.94081,-4.315188,5.546551,-3.172275,871.544556,863.350098,893.536804,917.522034,889.850159,121.197701,415.285004,413.419006,21.369345,122.992065,122.260963,123.454239,118.834679,36.251617,51.826077,39.072811,25.584808,27.530552,30.714394,32.262291,32.106045,25.645897,30.419781,2293.699707,20.620274,25.224432,22.249506,23.773186,112.771004,80.181732,23.75148,37.849892,115.331657,99.667732,72.470985,52.676369,109.838715,89.82222,51.161392,23.415215,78.169395,20.409077,29.619272,24.670607,128.89418,96.270576,67.749222,59.370541,121.925613,92.930382,49.461384,43.997807,90.45929,119.328964,35.624256,29.084267,114.034637,83.268372,48.472599,36.902336,886.284912,888.915222,950.250732,922.117065,911.8919828,887.1607302,414.352005,121.8854865,36.053173,31.69424333,25.4625604,1
4226,36:30.2,59,-72.249176,-92.249176,29.63966025,8.503738,0.203604,8.329694,-0.425271,7.915906,0.323468,5.206654,-0.197035,-3.812731,-3.185485,-5.589395,-4.59762,-6.72895,-3.395667,-2.219972,-2.853781,-3.937526,-4.311904,5.56297,-3.188694,875.81012,867.837585,898.973938,917.85376,890.566589,122.224251,423.211456,419.99469,21.370272,124.46183,123.776878,125.5961,119.801308,36.408401,51.757095,39.09148,25.625843,27.642609,30.885067,32.416908,32.261833,25.838362,30.612528,2293.709473,20.600592,25.395529,22.314711,23.857004,116.588524,81.122925,23.850538,37.975231,115.841064,100.008461,72.65023,52.62207,110.858116,90.355865,51.135685,23.445934,78.481117,20.402822,29.714806,24.761507,134.9543,97.227013,67.440659,59.320023,125.327477,94.143623,49.511051,43.971058,91.774467,121.713638,36.008297,29.156183,114.607666,83.858208,48.92326,37.089359,888.055664,891.752991,954.631348,924.696777,914.784195,890.2083984,421.603073,123.409029,36.1050856,31.85460267,25.6036268,1
4297,37:29.6,60,-72.459518,-92.459518,29.70724313,8.507023,0.206889,8.329694,-0.425271,7.915906,0.323468,5.205012,-0.198677,-3.832435,-3.205189,-5.592679,-4.600904,-6.72895,-3.395667,-2.229824,-2.863633,-3.937526,-4.311904,5.569538,-3.195262,867.640381,857.848572,887.780273,898.515381,870.536377,123.728729,433.790741,428.829895,21.400122,125.987679,125.649551,128.560059,121.02887,36.592541,51.699612,39.143154,25.695457,27.749594,31.055025,32.552956,32.404541,26.005672,30.808222,2293.704102,20.589939,25.574203,22.367659,23.938507,119.88372,82.180214,23.967827,38.094856,116.448318,100.401726,73.014748,52.635365,111.931351,90.926186,51.13636,23.501137,79.541191,20.347008,29.819284,24.852171,141.398819,98.374008,67.512764,59.295551,128.118484,95.413864,49.536789,43.984886,93.127083,124.307968,36.361164,29.257042,115.187698,84.368835,49.444675,37.260616,888.559448,889.647766,942.94751,870.128418,897.8207855,876.4641968,431.310318,125.3065398,36.1760716,32.004174,25.7388526,1
4369,38:29.8,61,-72.727913,-92.727913,29.79347845,8.507023,0.206889,8.328052,-0.426913,7.91919,0.326752,5.201728,-0.201961,-3.855423,-3.228177,-5.589395,-4.59762,-6.72895,-3.395667,-2.256096,-2.889905,-3.937526,-4.311904,5.589242,-3.214966,878.673035,871.907898,902.679138,923.308899,890.439819,125.867958,443.37027,437.790344,21.435757,128.31044,128.318436,132.610519,122.561256,36.76342,51.624313,39.187313,25.753313,27.849895,31.201107,32.684635,32.552269,26.158213,30.999063,2293.70874,20.593412,25.712746,22.420834,24.022774,124.89357,83.317406,24.055786,38.234745,117.210823,101.0028,73.027725,52.580612,113.240646,91.800507,51.294441,23.722153,79.985893,20.438488,29.9249,24.940519,151.023407,99.870407,67.953209,59.39748,133.177765,96.781242,49.653278,44.00597,94.651375,127.409225,36.733307,29.411413,115.911705,85.265709,49.982376,37.457836,892.164307,898.403687,952.874878,919.993042,915.8589785,893.4017578,440.580307,127.9501628,36.2356508,32.14600367,25.862726,1
4441,39:30.0,62,-73.084587,-93.084587,29.9080778,8.508664,0.20853,8.331335,-0.42363,7.91919,0.326752,5.20337,-0.200319,-3.886621,-3.259375,-5.664927,-4.673152,-6.72895,-3.395667,-2.288936,-2.922745,-4.042614,-4.416992,5.608945,-3.234669,886.079895,878.14386,909.397888,930.789917,902.458374,128.175903,450.725494,444.008301,21.458433,131.017517,132.232819,137.56131,124.599037,36.915112,51.510906,39.251732,25.829603,27.961,31.363449,32.797291,32.670437,26.317642,31.150658,2293.699707,20.5515,25.86187,22.465683,24.095724,128.188263,84.52652,24.185287,38.330429,118.131729,101.592331,73.17205,52.531494,114.820816,92.580124,51.439655,23.735085,81.308273,20.430847,30.020864,25.035088,158.155716,101.358391,68.220772,59.503448,136.034119,98.151894,49.762085,44.001209,96.219315,130.712097,37.033257,29.506964,116.897827,87.303642,50.551697,37.656162,899.387146,903.334045,964.736938,934.293518,925.4379118,901.3739868,447.3668975,131.3526708,36.2936706,32.277059,25.9783154,1
4513,40:30.2,63,-73.546104,-93.546104,30.05636322,8.51359,0.213456,8.328052,-0.426913,7.920832,0.328394,5.20337,-0.200319,-3.944091,-3.316845,-5.753595,-4.76182,-6.758505,-3.425222,-2.325059,-2.958868,-4.095158,-4.469536,5.677908,-3.303632,889.634949,881.827271,912.820007,935.379089,906.126038,131.417862,458.072174,450.58551,21.467457,134.743042,137.52681,143.485657,127.411743,37.065868,51.325336,39.281776,25.894365,28.041273,31.51453,32.921841,32.807365,26.473362,31.193312,2293.696533,20.570721,26.025028,22.553068,24.149279,132.062698,85.732132,24.239992,38.448193,119.237694,102.30378,73.584442,52.52631,116.823509,93.484825,51.587563,23.685436,83.414368,20.442888,30.080322,25.113735,165.064255,103.051788,68.322647,59.50547,139.770554,99.620216,50.058887,44.002117,97.968513,134.503799,37.274982,29.614449,118.081917,88.104324,51.169735,37.852173,902.860352,905.65155,967.050293,936.476746,928.0097353,905.1574708,454.328842,135.791813,36.3217236,32.41457867,26.0788098,1
4584,41:29.6,64,-74.051765,-94.051765,30.21883209,8.515232,0.215098,8.331335,-0.42363,7.915906,0.323468,5.207475,-0.196214,-4.059031,-3.431785,-5.871819,-4.880044,-6.834038,-3.500755,-2.418653,-3.052462,-4.210098,-4.584476,5.746871,-3.372595,891.496582,883.4823,913.424744,936.470154,908.003662,136.156357,465.900604,457.423035,21.509569,141.161057,146.28894,151.439957,131.523071,37.213871,51.091255,39.30431,25.954052,28.12752,31.652756,33.034702,32.919323,26.619846,31.483124,2293.706299,20.60615,26.161438,22.592596,24.256149,136.25264,86.945946,24.347546,38.56572,120.750481,103.22863,74.51503,52.549744,119.211296,94.54982,51.831036,23.825371,85.281609,20.404213,30.158138,25.190994,170.600113,105.027039,68.435486,59.456974,143.477585,101.308357,50.546959,44.020023,100.067917,139.131592,37.515285,29.728125,119.591179,88.215523,51.781445,38.03516,903.678345,907.005981,967.474792,938.357849,929.1292418,906.5754884,461.6618195,142.6032563,36.3382016,32.53559367,26.2226306,1
4656,42:29.8,65,-72.19091,-92.19091,29.62093938,8.505381,0.205247,8.331335,-0.42363,7.902771,0.310333,5.205012,-0.198677,-4.150983,-3.523737,-5.993327,-5.001552,-6.86031,-3.527027,-2.502394,-3.136203,-4.361162,-4.73554,5.85524,-3.480964,894.689392,886.803345,917.210266,939.362793,913.10437,142.856598,474.199158,464.416351,21.55168,148.709885,157.810074,162.480911,137.175034,37.3484,50.856686,39.354836,26.018806,28.196281,31.812965,33.137024,33.015934,26.881674,31.669489,2293.692139,20.623747,26.300364,22.633049,24.306232,140.604095,88.264618,24.456244,38.674126,122.716553,104.470116,76.078812,52.769192,122.413269,95.826561,52.254322,23.829296,87.523071,20.416025,30.242146,25.266401,177.713638,107.345634,68.518547,59.379295,146.914139,103.316376,51.065319,44.195248,102.492279,144.643494,37.737534,29.862221,121.397079,88.669983,52.378265,38.243404,906.074768,908.914124,970.344299,941.5578,931.7227478,910.2340332,469.3077545,151.543976,36.3550018,32.65530767,26.3581616,1
4728,43:30.0,66,-73.040009,-93.040009,29.89375489,8.510306,0.210172,8.331335,-0.42363,7.901128,0.30869,5.206654,-0.197035,-4.257713,-3.630467,-6.118119,-5.126344,-6.985102,-3.651819,-2.628827,-3.262636,-4.51551,-4.889888,6.026005,-3.651729,896.516846,888.397461,917.991882,941.164124,914.108948,152.453827,483.880402,472.259705,21.571577,158.480301,164.900833,172.743011,144.199112,37.506622,50.616444,39.501396,26.096691,28.274696,31.956192,33.245514,33.11528,26.994951,31.830383,2293.703369,20.645977,26.454473,22.71048,24.397396,145.28302,89.858101,24.577852,38.812576,125.441681,106.181122,77.727226,53.231197,126.689049,97.808311,52.901432,23.988144,89.740349,20.48527,30.35667,25.353102,184.570328,110.177849,68.737053,59.346291,152.422333,105.66407,51.687664,44.486027,105.526749,151.614914,37.967709,29.999056,123.755424,89.404602,53.048977,38.463909,907.873352,911.154785,970.689331,942.757446,933.1187285,911.6358522,478.0700535,160.0808143,36.3991698,32.77232867,26.4775366,1
4800,44:30.5,67,-73.925079,-93.925079,30.17812788,8.520158,0.220024,8.329694,-0.425271,7.899487,0.307049,5.205012,-0.198677,-4.453111,-3.825865,-6.33158,-5.339805,-7.132882,-3.799599,-2.794668,-3.428477,-4.738822,-5.1132,6.167214,-3.792938,899.158875,892.023315,922.440063,944.526001,917.033325,163.11026,494.255707,481.074829,21.603043,166.307831,173.278275,190.534409,157.616608,37.666645,50.405045,39.743954,26.181713,28.346209,32.102608,33.361774,33.211182,27.140444,31.898216,2293.716309,20.652227,26.565723,22.747692,24.475166,150.345062,91.710953,24.680065,38.99609,129.068817,108.510658,79.546791,53.808804,132.255524,100.510979,53.719868,24.070099,92.717972,20.52487,30.499407,25.427345,189.669876,113.493553,69.595779,59.518265,159.322647,108.46315,52.340183,44.80891,109.165855,159.449829,38.137009,30.144365,126.756256,91.471481,53.825691,38.701225,909.812683,912.401917,975.103149,945.440735,935.689621,915.0363158,487.665268,171.9342808,36.4687132,32.89185467,26.5654482,1
4871,45:29.7,68,-74.929779,-94.929779,30.50093799,8.525084,0.22495,8.326409,-0.428556,7.899487,0.307049,5.200086,-0.203603,-4.572977,-3.945731,-6.548324,-5.556549,-7.32007,-3.986787,-2.942447,-3.576256,-4.971986,-5.346364,6.351114,-3.976838,888.574768,880.494873,904.29657,922.052734,892.522034,171.175674,507.213898,493.229401,21.63867,172.922745,190.661636,215.690079,167.443863,37.820263,50.245739,39.994648,26.289305,28.420244,32.270996,33.459942,33.299755,27.383961,32.019436,2293.697021,20.639956,26.667749,22.750929,24.517857,155.553879,93.872719,24.763584,39.132683,134.080734,111.421043,81.537941,54.358761,139.796341,103.884705,53.70298,23.985836,94.798325,20.491985,30.687782,25.505735,195.513992,117.185593,70.621361,59.770142,166.483627,111.79628,53.036362,45.14983,113.489014,168.469437,38.221306,30.260967,130.679794,94.225624,54.721775,38.978561,906.7146,908.152222,962.558655,898.50354,918.9822543,897.5881958,500.2216495,186.6795808,36.5540398,33.010231,26.6679864,1
4943,46:29.9,69,-71.591667,-91.591667,29.42840261,8.492245,0.192111,8.303422,-0.451543,7.848585,0.256147,5.196802,-0.206887,-4.89645,-4.269204,-6.870156,-5.878381,-7.490838,-4.157555,-3.228153,-3.861962,-5.27083,-5.645208,6.554718,-4.180442,894.251099,888.461731,917.177734,934.14447,899.509583,177.933548,520.872437,505.509064,21.679388,178.372223,205.634186,242.648376,174.667023,37.967484,50.096573,40.162731,26.41186,28.502552,32.435463,33.584644,33.419441,27.365089,32.180275,2293.697998,20.597349,26.780128,22.817951,24.57716,163.704865,96.394463,24.873394,39.307724,141.188934,114.924332,83.25695,54.911018,148.101288,108.137009,53.866669,24.001997,99.906891,20.535059,30.956404,25.588036,205.483246,121.425568,71.525291,59.872948,178.799973,115.890358,53.845055,45.457146,118.603737,178.221268,38.26664,30.409683,135.516983,96.155685,55.623035,39.260834,907.826721,911.889526,962.214844,927.40448,927.3338928,906.7089234,513.1907505,200.330452,36.62824,33.146516,26.7441206,1
5015,47:30.2,70,-73.307289,-93.307289,29.97963196,8.439701,0.139567,8.300138,-0.454827,7.83545,0.243012,5.200086,-0.203603,-5.155886,-4.52864,-7.106604,-6.114829,-7.684594,-4.351311,-3.454747,-4.088556,-5.56639,-5.940768,6.824001,-4.449725,906.458435,900.5354,929.765808,951.4021,923.463623,184.650269,530.267944,514.540649,21.68841,188.697174,220.04039,275.14328,190.939865,38.078678,49.935658,40.219364,26.576317,28.602093,32.615246,33.705902,33.52264,27.52664,32.287033,2293.706787,20.626295,26.856806,22.893291,24.674528,168.776047,99.171494,24.938904,39.446552,148.153519,118.977577,85.713089,55.055695,159.340057,114.325554,54.268501,24.082335,105.831436,20.579519,31.346024,25.693382,212.266556,125.956833,72.20179,59.696735,183.553772,120.804924,54.674969,45.802418,124.226707,189.814117,38.427921,30.5453,143.121063,97.505043,56.558929,39.599018,917.190857,920.751343,981.90509,953.000366,943.211914,922.3250732,522.4042965,218.7051773,36.682422,33.28126267,26.8476596,1
5086,48:29.7,71,-68.735603,-88.735603,28.51074924,8.406862,0.106728,8.239385,-0.51558,7.804252,0.211814,5.154111,-0.249578,-5.533545,-4.906299,-7.540092,-6.548317,-8.012995,-4.679712,-3.852108,-4.485917,-5.934197,-6.308575,7.112987,-4.738711,908.73291,902.534973,928.755615,952.25293,925.235168,202.614777,541.609131,523.385071,21.714088,203.81517,236.26001,326.358643,215.495667,38.154095,49.678562,40.086994,26.755489,28.717945,32.781494,33.838352,33.629719,27.712553,32.423782,2293.720703,20.602907,26.983438,22.928881,24.719288,175.015427,102.122284,25.015484,39.571484,155.771072,123.868156,89.159935,55.552635,176.645798,124.699951,54.938694,24.120422,116.115471,20.59156,31.950235,25.826607,220.21553,130.455063,72.629639,59.075062,190.729691,125.863159,55.794193,46.333397,130.710022,201.19931,38.643837,30.670805,153.29184,98.929039,57.717278,39.933914,920.506226,920.987427,982.100464,954.510742,944.5262148,923.5023192,532.497101,245.4823725,36.678617,33.41652167,26.9535884,1
5158,49:30.1,72,-71.905304,-91.905304,29.52917418,8.418356,0.118222,8.236101,-0.518864,7.805894,0.213456,5.154111,-0.249578,-6.013008,-5.385762,-8.177188,-7.185413,-8.492458,-5.159175,-4.282309,-4.916118,-6.541736,-6.916114,7.543183,-5.168907,910.530579,903.921265,931.568359,952.67627,927.462585,221.36351,552.749512,533.919067,21.736528,220.201859,253.893875,452.979889,236.996033,38.147717,49.3372,39.861572,27.081512,28.845966,32.958702,33.940365,33.758518,27.714394,32.542419,2293.69751,20.619116,27.095785,22.989424,24.764277,182.643753,106.356895,25.097591,39.705048,166.845001,131.383942,93.201866,56.377499,196.56424,136.501297,56.394363,24.122501,133.668549,20.613096,32.92207,25.98332,228.598465,136.655518,74.168213,58.550018,205.549057,133.486359,57.211903,47.09486,138.013672,215.806305,39.041397,30.827721,164.326508,102.480553,59.08202,40.316238,921.114929,922.328613,981.901978,955.203613,945.1372833,925.2318116,543.3342895,291.017914,36.6547934,33.55252833,27.0212598,1
5229,50:29.6,73,-70.909653,-90.909653,29.20927151,8.411788,0.111654,8.219681,-0.535284,7.807536,0.215098,5.150827,-0.252862,-6.834006,-6.20676,-9.162386,-8.170611,-9.175529,-5.842246,-4.971943,-5.605752,-7.395574,-7.769952,8.127724,-5.753448,914.052917,906.335144,934.032227,955.835022,931.303528,238.646683,563.865112,545.059753,21.758736,236.772446,276.013641,541.55542,258.30896,38.118553,48.921227,39.901157,27.844606,29.055775,33.108871,34.045116,33.846813,27.94973,32.679367,2293.717529,20.635324,27.202595,23.013685,24.852863,192.179947,112.318939,25.17831,39.851562,181.554794,140.238403,98.513092,57.358204,224.264389,149.483978,60.02356,24.18067,160.939484,20.718912,35.251961,26.251984,237.630783,144.982498,76.756111,58.646816,224.264145,143.084625,59.288815,48.187897,146.824982,232.850937,39.729164,31.075666,176.823074,107.627098,60.86264,40.758453,923.029846,924.679687,984.521912,958.349609,947.6452635,928.3117676,554.4624325,328.1626168,36.7682636,33.66693333,27.139648,1
5301,51:29.9,74,-75.194191,-95.194191,30.58589357,8.452837,0.152703,8.282076,-0.472889,7.805894,0.213456,5.165605,-0.238084,-8.058933,-7.431687,-10.77811,-9.786335,-10.338064,-7.004781,-5.973554,-6.607363,-8.699317,-9.073695,9.119473,-6.745197,915.696655,907.267578,930.908081,950.827759,910.81665,257.080994,574.622131,556.197021,21.805464,254.413696,309.165222,578.363586,284.16095,38.07526,48.564098,40.37991,30.807993,29.37351,33.267487,34.105488,33.94334,27.989292,32.774395,2293.699219,20.665657,27.279932,23.07099,24.894615,206.986847,120.50927,25.241035,40.1036,197.827896,151.985962,105.178085,58.720928,255.238022,167.996277,67.637489,24.305309,199.109283,20.844398,41.336826,26.747889,250.177109,156.583908,80.354294,60.032761,253.367981,156.338364,62.209896,49.673595,158.328568,257.405396,40.706623,31.446672,195.932098,116.090027,63.418869,41.239807,929.702759,928.162354,985.982239,955.518494,949.8414615,923.1033446,565.409576,356.5258635,37.4401542,33.772105,27.2018448,1
5373,52:30.3,75,-72.265732,-92.265732,29.64497969,8.462689,0.162555,8.262372,-0.492593,7.809178,0.21674,5.188592,-0.215097,-9.608974,-8.981728,-12.797761,-11.805986,-11.740328,-8.407045,-7.379091,-8.0129,-10.538348,-10.912726,10.350951,-7.976675,911.154602,907.391602,933.428101,948.459229,913.588196,276.606567,591.991943,569.461548,21.841316,274.05545,351.380432,595.558716,341.502441,38.115818,48.262691,41.203224,38.559116,29.927197,33.447586,34.194443,34.05838,28.142239,32.820415,2293.70459,20.634167,27.35128,23.093172,24.895077,228.917007,133.323685,25.271244,40.691391,216.069138,166.778961,114.562271,60.473991,293.138916,190.243362,78.971642,24.654686,237.003632,20.99811,50.813831,27.97434,265.047211,171.135651,87.907051,61.68552,296.721405,175.699203,66.686844,51.747852,178.861252,298.717133,42.831783,32.086113,221.126572,127.602921,67.23822,41.871086,926.733398,928.525452,980.898071,934.909058,942.7664948,922.804346,580.7267455,390.6242598,39.2136092,33.90013633,27.2604366,1
5444,53:29.8,76,-73.424049,-93.424049,30.01714694,8.51359,0.213456,8.28536,-0.469605,7.815746,0.223308,5.200086,-0.203603,-11.461137,-10.833891,-15.11625,-14.124475,-13.444716,-10.111433,-8.942257,-9.576066,-12.607253,-12.981631,11.907541,-9.533265,921.770996,915.857666,944.16333,964.792297,938.038269,297.065582,604.687195,582.000671,21.870461,294.597748,390.916656,605.957642,464.930298,38.182804,48.049591,42.827698,49.308975,31.207069,33.702698,34.309685,34.271275,28.173056,32.924133,2293.710937,20.611938,27.447248,23.144234,24.998646,252.967758,151.556137,25.369244,41.644417,236.66951,184.813171,126.722656,62.680134,335.137146,217.027954,95.115623,25.160091,266.675751,21.088848,60.49374,30.113377,282.069489,189.802704,97.386948,62.762424,353.607452,203.007111,73.126175,54.707375,214.610916,350.875153,48.839691,33.100628,255.625046,146.88089,74.31321,42.782085,930.077942,933.558105,993.844788,963.262939,955.1859435,936.9245116,593.343933,439.100586,41.9152274,34.09455267,27.3374634,1
5516,54:30.2,77,-77.043793,-97.043793,31.18017069,8.549714,0.24958,8.295212,-0.459753,7.81903,0.226592,5.196802,-0.206887,-13.401965,-12.774719,-17.684315,-16.69254,-15.181942,-11.848659,-10.715593,-11.349402,-15.20159,-15.575968,13.74327,-11.368994,914.583557,906.577515,932.462708,949.154358,915.226196,321.858826,623.469299,600.350159,21.892204,317.79837,423.118958,592.948425,523.558716,38.201485,47.858154,46.936993,56.585461,35.140476,34.042141,34.533733,34.579449,28.363913,33.064461,2293.717529,20.602674,27.544819,23.176348,25.060228,283.465179,177.164322,25.436569,43.120388,260.75296,205.796509,141.264725,65.689842,380.592621,254.565018,115.652542,25.851267,293.485291,21.20249,69.041069,32.910854,303.268372,212.987045,109.122406,64.188354,399.099762,237.673828,82.535301,58.928654,252.178101,392.486053,59.59235,35.473755,295.010101,176.629501,85.882912,44.227661,931.470581,931.736084,983.913025,950.799744,949.4798585,923.6008668,611.909729,464.3561173,44.9445138,34.38510767,27.4419538,1
5587,55:29.7,78,-73.712082,-93.712082,30.10969195,8.51359,0.213456,8.173706,-0.581259,7.758277,0.165839,5.101568,-0.302121,-15.323085,-14.695839,-20.262226,-19.270451,-16.810793,-13.47751,-12.577594,-13.211403,-17.763081,-18.137459,15.454209,-13.079933,918.403564,914.214783,934.636719,952.114014,917.844849,355.955444,642.819153,619.57196,21.933605,346.343445,457.246704,577.13678,541.942566,38.172321,47.658329,56.176937,59.727489,46.620975,34.546303,34.923641,35.051373,28.476803,33.192871,2293.701904,20.60638,27.631796,23.205458,25.132185,328.539581,210.334793,25.533861,45.019814,294.921021,232.127548,159.897095,69.538918,408.971588,292.687592,139.911682,27.203976,313.662079,21.278862,75.829781,36.084766,326.144897,238.005753,123.208763,65.852699,449.91272,281.726227,96.917976,65.250053,281.585419,416.667908,72.076027,38.933937,328.810547,211.069092,101.126732,46.574371,937.254944,938.814209,987.707336,959.051697,955.7070465,927.4427858,631.1955565,480.6673738,49.6712102,34.840439,27.5278226,1
5659,56:30.2,79,-72.288689,-92.288689,29.65235578,8.472541,0.172407,8.024286,-0.730679,7.617067,0.024629,4.957075,-0.446614,-17.451092,-16.823846,-23.184948,-22.193173,-18.551296,-15.218013,-14.689172,-15.322981,-20.800739,-21.175117,17.408165,-15.033889,906.519958,901.849243,924.831177,937.483521,908.895264,404.595764,664.8479,639.493286,21.958586,381.884125,491.680023,563.34668,571.623962,38.133362,47.5107,83.940628,61.451336,63.531399,35.288742,35.831593,35.843693,28.521173,33.304333,2293.706787,20.602444,27.698059,23.275227,25.259945,389.466797,249.99437,25.561295,47.649288,347.056915,262.848907,185.297684,74.792931,430.627045,328.542236,166.555023,27.981472,331.636627,21.342733,81.072113,39.223278,352.608765,267.098633,138.040131,68.476906,497.419403,330.633087,119.359001,75.305763,305.22699,440.516327,82.535744,43.155777,364.832642,252.740173,121.830338,50.419033,921.143921,925.074768,971.900024,949.869141,941.9969635,915.9158326,652.170593,502.1336975,58.913485,35.654676,27.6117474,1
5730,57:29.8,80,-72.24057,-92.24057,29.63689514,8.40522,0.105086,7.924125,-0.83084,7.470932,-0.121506,4.958717,-0.444972,-19.024107,-18.396861,-25.326082,-24.334307,-19.769648,-16.436365,-15.891095,-16.524904,-22.675875,-23.050253,18.242292,-15.868016,913.490845,907.341492,928.975037,945.741577,915.339966,460.887726,682.122498,655.663696,21.982176,418.292175,518.092773,558.960571,573.818665,38.115135,47.551849,103.287277,62.73978,76.469933,36.203915,37.70266,36.94978,28.575888,33.372757,2293.696533,20.613558,27.767998,23.406668,25.455475,420.811493,285.24408,25.647972,51.158463,392.966339,305.087952,216.720901,82.000443,445.704376,361.20929,192.511047,30.599449,346.996674,21.689335,85.032738,41.994392,378.958527,297.642578,159.464676,73.026154,493.427429,375.941071,151.968826,92.664093,320.838806,458.847473,90.003456,48.230831,403.490448,309.711517,146.694946,56.312523,931.069702,932.312073,984.408203,957.438416,951.3070985,922.1777834,668.893097,517.291046,65.6327948,36.95211833,27.7157572,1
5802,58:30.2,81,-71.076294,-91.076294,29.26281326,8.694207,0.394073,8.544792,-0.210173,7.912622,0.320184,5.609756,0.206067,-14.321476,-13.69423,-19.79262,-18.800845,-15.618711,-12.285428,-11.766459,-12.400268,-17.359154,-17.733532,14.652925,-12.278649,911.843323,906.473328,922.476074,942.715332,915.3974,576.866394,715.484314,672.271851,22.050171,523.531128,539.35498,545.845825,581.237793,38.033791,48.545574,104.689301,60.968769,79.971573,37.575695,40.870968,38.826466,28.706682,33.506165,2293.694336,20.608696,27.899584,23.555876,25.765528,445.361176,320.747894,25.716663,56.939053,446.414398,364.911133,256.05838,99.356781,454.244904,398.138367,227.842499,31.071997,347.513794,21.735371,90.082634,44.908363,433.510345,358.366791,216.711395,86.305046,488.887329,422.025757,200.250519,113.737869,335.054291,470.660858,94.76754,51.430412,453.714386,334.683594,160.153595,63.816971,928.316101,931.171753,976.960449,953.860229,947.577133,919.7810914,693.8780825,547.4924315,66.4418016,39.091043,27.886767,1
5873,59:29.8,82,-70.990219,-90.990219,29.23515736,8.91259,0.612456,9.503707,0.748742,9.462646,1.870208,7.308372,1.904683,-10.045743,-9.418497,-15.516894,-14.525119,-13.398741,-10.065458,-8.564601,-9.19841,-14.410153,-14.784531,13.782677,-11.408401,915.936401,910.965088,894.425842,989.016052,917.88855,661.611877,756.244934,689.332947,22.146606,616.432312,550.731873,540.201843,574.550903,38.440224,51.157558,95.518158,58.731258,77.258446,39.37896,44.404446,41.400669,28.705763,33.603863,2293.700684,20.593412,28.092793,23.832991,26.271336,470.218109,365.607178,25.792727,62.766014,490.921448,429.335236,288.068665,119.414543,455.890747,415.264771,251.859131,34.39085,346.866394,21.791584,92.557671,47.151402,490.405975,426.785034,257.384399,111.046799,523.875549,453.922241,223.442917,126.942337,323.568268,475.308533,97.561058,53.989815,485.875977,359.710632,186.401871,73.172272,932.774292,932.2276,959.100159,947.472656,942.8936768,925.6463866,722.7889405,570.4792328,64.2211288,41.728025,28.1013492,1
5945,00:30.3,83,-71.797371,-91.797371,29.4944953,8.556282,0.256148,10.067727,1.312762,9.979869,2.387431,7.736926,2.333237,-4.853758,-4.226512,-10.367611,-9.375836,-10.255964,-6.922681,-4.285593,-4.919402,-11.053932,-11.42831,12.029048,-9.654772,931.029602,923.287781,879.080505,977.59552,924.374329,581.586975,779.515747,706.154541,22.188231,620.094666,537.914124,539.582642,546.294556,40.195709,55.824329,89.364456,57.903534,72.582428,41.517212,47.143486,43.959042,28.734495,33.65168,2293.70459,20.637409,28.43243,24.098032,26.953049,484.921143,405.675964,25.829142,68.203308,520.807434,462.317322,327.311035,139.909836,450.140564,419.697266,254.671295,30.111311,316.841797,21.916952,92.72583,49.142551,512.497742,457.525299,291.586823,135.350693,541.088074,467.234863,235.004868,138.273376,308.403992,473.613251,96.871201,55.117565,501.607574,372.671753,201.80423,83.305313,944.090393,946.220947,1004.205322,971.656372,966.5432585,927.0735474,742.835144,560.971497,63.1740912,44.20658,28.3739372,1
6016,01:29.9,84,-72.525734,-92.525734,29.72851833,8.543967,0.243833,10.231925,1.47696,10.134215,2.541777,7.835444,2.431755,-1.569757,-0.942511,-7.668168,-6.676393,-8.860266,-5.526983,-2.397307,-3.031116,-9.520313,-9.894691,11.14895,-8.774674,930.007324,923.371399,877.284912,974.640503,936.777161,546.916504,800.960449,742.823425,22.247194,582.843201,527.624878,536.714294,535.24469,43.376263,65.359169,85.680153,57.336628,68.627129,43.841373,48.86702,46.008183,28.647379,33.752113,2293.702881,20.609623,28.914221,24.435474,27.784103,496.724121,423.538361,25.917181,74.201103,543.543335,471.333496,350.771179,158.49678,445.952881,418.800079,255.90535,30.161352,307.862885,21.920654,92.7164,50.778191,532.829407,471.058716,292.465637,153.136902,562.066772,476.719513,239.196793,146.698181,295.051697,468.680939,93.839928,55.491001,514.189819,383.37793,212.930847,93.209946,948.633118,947.860413,999.806763,952.016357,962.0791628,928.4162598,771.891937,545.6067658,64.0758684,46.23885867,28.706658,1
6087,02:29.5,85,-73.944496,-93.944496,30.18436656,8.720479,0.420345,10.373957,1.618992,10.281993,2.689555,7.891272,2.487583,1.247926,1.875172,-5.10993,-4.118155,-7.56637,-4.233087,-0.893244,-1.527053,-8.04252,-8.416898,10.303334,-7.929058,933.041138,927.587708,952.201965,993.204102,941.627686,519.899963,815.65802,774.499023,22.364189,561.706299,521.269836,532.877686,526.620728,47.269218,78.219742,84.077911,56.446522,65.673935,45.916508,49.88781,47.281429,28.843668,33.828514,2293.699219,20.593412,29.584135,24.809032,28.730587,504.674591,430.703857,25.911188,82.222305,547.776794,470.864716,357.1763,171.296249,445.372803,415.446014,253.79808,29.751316,297.045135,21.880638,93.008072,52.045174,531.563904,476.712067,288.301788,164.415756,557.417786,479.32251,239.076477,152.170685,284.495789,462.32959,90.776978,55.442863,522.91687,391.055359,220.327423,101.770393,951.387512,951.149353,992.850525,967.799927,965.7968293,949.5325198,795.0785215,535.6186373,66.3374656,47.695249,29.1591872,1
6159,03:29.9,86,-75.815506,-95.815506,30.78552208,8.91259,0.612456,10.503674,1.748709,10.373123,2.780685,7.943815,2.540126,3.395675,4.022921,-3.116535,-2.12476,-6.443241,-3.109958,0.213459,-0.42035,-6.696084,-7.070462,9.467571,-7.093295,934.833191,927.929382,968.109192,988.179993,933.846802,499.8302,803.001709,793.736633,22.516775,549.159424,516.935669,527.810486,518.914062,52.913597,92.388618,83.432953,55.702431,63.386139,47.433376,50.56591,48.084396,28.909624,34.040539,2293.712646,20.65107,30.332804,25.192377,29.70516,508.61792,433.369049,26.12388,90.917435,537.10437,464.904694,355.449402,179.506165,441.198792,409.670715,249.808182,30.12669,289.970123,21.88781,92.796112,53.040192,534.989685,477.017883,281.722382,170.60965,548.651062,475.775269,237.003632,155.256744,273.817413,457.133698,87.759773,55.054794,526.631226,396.019806,225.541458,109.418404,956.012085,956.697205,1012.617493,980.895935,976.5556795,950.579712,798.369171,528.2049103,69.5647476,48.69456067,29.6361008,1
6230,04:29.6,87,-75.049843,-95.049843,30.53951456,9.025887,0.725753,10.541439,1.786474,10.388721,2.796283,7.938889,2.5352,5.320116,5.947362,-1.458106,-0.466331,-5.582831,-2.249548,1.333299,0.69949,-5.526982,-5.90136,8.748388,-6.374112,923.367187,912.911316,953.55188,975.805298,950.869751,485.93808,792.067139,814.30188,22.643219,544.708435,514.020874,524.326233,512.93811,57.626057,94.231018,83.180367,55.105415,61.649181,48.383129,51.002846,48.6199,29.142628,34.474979,2293.702393,20.605686,31.095848,25.55484,30.58637,520.014343,435.40976,26.416235,95.790817,530.467773,456.898468,351.005585,184.235901,437.523224,404.223969,245.553085,30.631113,282.385376,21.841547,92.499519,53.777283,535.34198,474.44635,276.257568,173.909515,544.58197,471.098572,234.264587,156.831085,267.650085,453.531677,84.592369,54.504154,527.968079,398.299438,229.25975,115.447701,951.347168,952.176025,1004.32251,938.393066,961.5596923,943.3010864,803.1845095,523.998413,70.3584076,49.33529167,30.170933,1
6302,05:30.1,88,-74.041176,-94.041176,30.21542985,9.149035,0.848901,10.585773,1.830808,10.454401,2.861963,7.98158,2.577891,7.402194,8.02944,0.170769,1.162544,-4.696148,-1.362865,2.607488,1.973679,-4.101726,-4.476104,7.963527,-5.589251,933.219238,906.599426,978.441528,996.770874,961.641235,479.087433,783.897888,822.920654,22.595139,543.059875,512.260437,522.105713,509.036621,63.41909,94.042992,83.130661,54.629509,60.050495,48.948105,51.361641,49.007053,29.105406,34.852116,2293.706055,20.663111,31.875528,25.975254,31.443233,528.99115,438.229828,26.781509,101.710213,523.999084,448.978729,346.290741,187.562469,435.07016,399.792145,243.18634,36.06879,278.047516,21.922735,92.199821,54.439789,535.940491,470.795959,272.720154,176.174118,543.276123,468.538635,231.638657,157.479767,264.082947,450.233459,81.980072,53.975182,529.403442,400.434174,231.844467,120.930901,953.557739,956.878296,1013.685669,979.558289,975.9199983,955.3344602,803.409271,521.6156615,71.0545494,49.77226633,30.6503074,1
6373,06:29.8,89,-75.254669,-95.254669,30.60532515,9.341968,1.041834,10.79102,2.036055,10.751599,3.159161,8.305048,2.901359,10.666536,11.293782,2.975332,3.967107,-3.247898,0.085385,5.609064,4.975255,-1.142837,-1.517215,6.298571,-3.924295,944.337463,879.889282,969.544373,986.857056,928.446655,473.307373,779.646912,825.733704,22.582193,543.700195,512.150574,519.670288,504.705475,65.999207,93.855202,83.204102,54.282455,58.637608,49.268784,51.658131,49.372875,29.531311,35.581554,2293.714355,20.696684,32.625095,26.265806,32.208683,535.036438,441.187408,27.328495,106.649506,517.264709,442.090576,342.05246,189.964188,434.269653,395.992004,241.861664,37.166668,279.13205,21.906082,91.744614,54.996296,538.718262,466.712585,274.488129,178.175369,545.596069,466.268066,229.359985,157.704987,259.866516,444.658356,79.898834,53.446274,531.090942,401.644348,232.201614,125.369507,956.565002,958.730652,1009.622009,980.127747,976.2613525,941.8149658,802.690308,520.056633,71.1957148,50.09993,31.2424898,1
6445,07:30.3,90,-73.102028,-93.102028,29.9136816,9.383838,1.083704,10.84028,2.085315,10.815637,3.223199,8.400283,2.996594,13.469481,14.096727,5.014721,6.006496,-2.17074,1.162543,7.740385,7.106576,0.656803,0.282425,5.265775,-2.891499,948.565491,862.779541,974.337585,989.158691,945.452515,468.98291,776.871521,822.318054,22.541048,546.620239,513.829163,517.957825,500.036102,66.728951,94.005699,83.450195,53.99612,57.436855,49.429771,51.906326,49.704296,29.757286,36.356369,2293.697998,20.646208,33.329506,26.600962,32.811718,542.696289,445.461548,28.012753,111.109314,512.138306,437.289215,339.078308,192.20372,434.318146,394.574493,242.912552,31.011679,282.185181,21.898449,91.657761,55.472782,543.087585,463.792664,274.582855,179.92276,551.265564,467.086609,228.070099,157.964096,257.837708,439.931152,78.60128,53.11475,532.96228,403.406891,232.056732,129.145035,960.172913,961.173889,1009.12146,972.694763,975.7907563,944.0587646,799.5947875,519.6108323,71.123564,50.34679767,31.7711682,1
6516,08:30.0,91,-72.223358,-92.223358,29.63136493,9.574307,1.274173,11.017614,2.262649,11.015958,3.42352,8.59732,3.193631,18.295427,18.922673,8.485964,9.477739,-0.380947,2.952336,11.507154,10.873345,3.392394,3.018016,3.694414,-1.320138,954.003174,856.396362,973.011292,988.27832,938.408142,465.082062,775.331482,804.344543,22.513075,549.114441,513.371277,516.009644,495.54715,67.023232,94.737656,83.911064,53.750263,56.380421,49.511505,52.135777,50.015327,30.166172,37.064957,2293.69873,20.638567,33.967812,26.92634,33.317833,549.021362,449.743347,28.708521,115.286247,507.541779,433.870605,336.944702,194.592926,433.485992,392.172028,241.460861,32.367435,279.412323,21.856121,91.484726,55.880554,544.207092,461.912842,277.685364,181.727707,545.723267,467.368652,227.107132,158.317429,253.104523,432.115234,77.532776,52.817402,534.510864,404.067261,231.996735,132.443787,967.06665,966.258179,1013.170837,985.598389,983.0235138,942.019458,789.8380125,518.510628,71.1605272,50.554203,32.2886228,1
6588,09:30.5,92,-69.755974,-89.755974,28.83859445,10.234383,1.934249,11.65963,2.904665,11.653048,4.06061,9.061998,3.658309,20.466209,21.093455,16.837368,17.829143,5.024578,8.357861,13.677896,13.044087,11.24454,10.870162,-0.640364,3.01464,949.73999,856.22644,966.869873,983.494934,956.315674,450.594727,773.713257,788.30304,22.507526,551.828979,512.416931,514.122192,482.094635,67.233513,95.642227,84.436256,53.515858,55.441513,49.550335,52.357983,50.674194,30.614594,38.032196,2293.699219,20.641346,34.546303,27.190624,33.738384,554.005676,454.483429,29.453217,119.440491,506.135132,432.234161,336.047913,199.133957,429.143616,388.225037,239.974945,34.013554,276.187836,21.889891,91.092682,56.188404,547.736816,460.984528,287.845428,185.391373,550.238159,467.880402,226.350769,158.450363,247.789108,423.562744,76.659225,52.497917,535.741638,405.314392,232.041962,135.793564,964.460632,963.559509,1014.470093,934.858582,969.337204,942.5293822,781.0081485,515.1156843,71.2538734,50.86083733,32.8244202,1
6659,10:30.0,93,-60.704628,-80.704628,25.93039698,14.557734,6.2576,14.743287,5.988322,13.866445,6.274007,10.400208,4.996519,20.466209,21.093455,16.840652,17.832427,16.052486,19.385769,18.633516,17.999707,14.955534,14.581156,-12.784254,15.15853,899.195679,869.876587,888.267273,925.042419,892.923645,437.935303,771.856018,781.803772,22.511688,549.375061,512.416077,503.480469,417.252258,67.555534,97.07856,85.30043,53.142906,54.625008,49.496151,52.540054,51.568398,31.281134,39.013393,2293.700928,20.669594,35.055943,27.458525,34.058838,567.507507,455.705444,30.355753,123.380089,503.458984,433.059448,335.85437,198.936279,405.790771,387.253082,235.657867,27.522728,273.438568,23.806898,90.547455,56.44315,549.057434,465.157623,298.944733,192.635696,546.476074,469.393921,224.827469,157.927444,241.878204,413.910126,74.925163,52.23494,535.765015,409.755493,230.342468,138.967056,905.122559,929.483765,946.348145,886.353577,916.8270115,895.0611206,776.829895,495.6309663,71.5404876,51.20153433,33.3735666,1
,,,,,,,,,,,,,,,,,,,,,,,,,,,,,,,,,,,,,,,,,,,,,,,,,,,,,,,,,,,,,,,,,,,,,,,,,,,,,,,,,,,,,,,,,,,,,,,,,1
,,,,,,,,,,,,,,,,,,,,,,,,,,,,,,,,,,,,,,,,,,,,,,,,,,,,,,,,,,,,,,,,,,,,,,,,,,,,,,,,,,,,,,,,,,,,,,,,,1
,,,,,,,,,,,,,,,,,,,,,,,,,,,,,,,,,,,,,,,,,,,,,,,,,,,,,,,,,,,,,,,,,,,,,,,,,,,,,,,,,,,,,,,,,,,,,,,,,1
,,,,,,,,,,,,,,,,,,,,,,,,,,,,,,,,,,,,,,,,,,,,,,,,,,,,,,,,,,,,,,,,,,,,,,,,,,,,,,,,,,,,,,,,,,,,,,,,,1
,,,,,,,,,,,,,,,,,,,,,,,,,,,,,,,,,,,,,,,,,,,,,,,,,,,,,,,,,,,,,,,,,,,,,,,,,,,,,,,,,,,,,,,,,,,,,,,,,1
,,,,,,,,,,,,,,,,,,,,,,,,,,,,,,,,,,,,,,,,,,,,,,,,,,,,,,,,,,,,,,,,,,,,,,,,,,,,,,,,,,,,,,,,,,,,,,,,,1
,,,,,,,,,,,,,,,,,,,,,,,,,,,,,,,,,,,,,,,,,,,,,,,,,,,,,,,,,,,,,,,,,,,,,,,,,,,,,,,,,,,,,,,,,,,,,,,,,1
,,,,,,,,,,,,,,,,,,,,,,,,,,,,,,,,,,,,,,,,,,,,,,,,,,,,,,,,,,,,,,,,,,,,,,,,,,,,,,,,,,,,,,,,,,,,,,,,,1
,,,,,,,,,,,,,,,,,,,,,,,,,,,,,,,,,,,,,,,,,,,,,,,,,,,,,,,,,,,,,,,,,,,,,,,,,,,,,,,,,,,,,,,,,,,,,,,,,1
,,,,,,,,,,,,,,,,,,,,,,,,,,,,,,,,,,,,,,,,,,,,,,,,,,,,,,,,,,,,,,,,,,,,,,,,,,,,,,,,,,,,,,,,,,,,,,,,,1
,,,,,,,,,,,,,,,,,,,,,,,,,,,,,,,,,,,,,,,,,,,,,,,,,,,,,,,,,,,,,,,,,,,,,,,,,,,,,,,,,,,,,,,,,,,,,,,,,1
,,,,,,,,,,,,,,,,,,,,,,,,,,,,,,,,,,,,,,,,,,,,,,,,,,,,,,,,,,,,,,,,,,,,,,,,,,,,,,,,,,,,,,,,,,,,,,,,,1
,,,,,,,,,,,,,,,,,,,,,,,,,,,,,,,,,,,,,,,,,,,,,,,,,,,,,,,,,,,,,,,,,,,,,,,,,,,,,,,,,,,,,,,,,,,,,,,,,1
,,,,,,,,,,,,,,,,,,,,,,,,,,,,,,,,,,,,,,,,,,,,,,,,,,,,,,,,,,,,,,,,,,,,,,,,,,,,,,,,,,,,,,,,,,,,,,,,,1
,,,,,,,,,,,,,,,,,,,,,,,,,,,,,,,,,,,,,,,,,,,,,,,,,,,,,,,,,,,,,,,,,,,,,,,,,,,,,,,,,,,,,,,,,,,,,,,,,1
,,,,,,,,,,,,,,,,,,,,,,,,,,,,,,,,,,,,,,,,,,,,,,,,,,,,,,,,,,,,,,,,,,,,,,,,,,,,,,,,,,,,,,,,,,,,,,,,,1
,,,,,,,,,,,,,,,,,,,,,,,,,,,,,,,,,,,,,,,,,,,,,,,,,,,,,,,,,,,,,,,,,,,,,,,,,,,,,,,,,,,,,,,,,,,,,,,,,1
