TimeStamp,Time in Minutes,Load-in-bar-(bar),Load in kN,Stud2-Axial,Stud3-Axial,Stud4-Axial,Stud5-Axial,Stud3-Top,Stud3-Mid,Stud3-Bottom,Stud4-Top,Stud4-Mid,Stud4-Bottom,Pb1-Top-Left,Pb1-Top-Right,Pb1-Mid-Mid,Pb1-Bottom-Left,Pb1-Bottom-Right,Pb1-Pb2-Mid-Left,Pb1-Pb2-Mid-Mid,Pb1-Pb2-Mid-Right,Pb2-Mid-Left,Pb2-Mid-Mid,Pb2-Mid-Right,Pb3-Mid-Left,Pb3-Mid-Mid,Pb3-Mid-Right,Pb3-Pb4-Mid-Left,Pb3-Pb4-Mid-Mid,Pb3-Pb4-Mid-Right,Pb4-Top-Left,Pb4-Top-Right,Pb4-Mid-Mid,Pb4-Bottom-Left,Pb4-Bottom-Right,Stud2-Mid-Fire-HF,Stud2-Mid-Fire-CF,Stud2-Mid-Amb-HF,Stud2-Mid-Amb-CF,Stud3-Top-Fire-HF,Stud3-Top-Fire-HF-Extra,Stud3-Top-Fire-CF,Stud3-Top-Fire-CF-Extra,Stud3-Top-Amb-HF,Stud3-Top-Amb-CF,Stud3-Mid-Fire-HF,Stud3-Mid-Fire-HF-Extra,Stud3-Mid-Fire-CF,Stud3-Mid-Amb-HF,Stud3-Mid-Amb-CF,Stud3-Bottom-Fire-HF,Stud3-Bottom-Fire-CF,Stud3-Bottom-Amb-HF,Stud3-Bottom-Amb-CF,Stud4-Top-Fire-HF,Stud4-Top-Fire-HF-Extra,Stud4-Top-Fire-CF,Stud4-Top-Fire-CF-Extra,Stud4-Top-Amb-HF,Stud4-Top-Amb-CF,Stud4-Mid-Fire-HF,Stud4-Mid-Fire-HF-Extra,Stud4-Mid-Fire-CF,Stud4-Mid-Amb-HF,Stud4-Mid-Amb-CF,Stud4-Bottom-Fire-HF,Stud4-Bottom-Fire-CF,Stud4-Bottom-Amb-HF,Stud4-Bottom-Amb-CF,Stud5-Mid-Fire-HF,Stud5-Mid-Fire-CF,Stud5-Mid-Amb-HF,Stud5-Mid-Amb-CF,Furnace-Top-Left,Furnace-Top-Right,Furnace-Bottom-Left,Furnace-Bottom-Right,Average-Pb1,Average-Pb1-Pb2,Average-Pb2,Average-Pb3,Average-Pb3-Pb4,Average-Pb4,Average-Furnace
43082.46117,1,-84.862,30.2661606,8.572673,8.822235,8.52342,8.477453,0.256149,-0.022988,1.47451,-0.952334,0.820992,-2.357859,85.770668,46.864388,41.162548,39.308178,38.713295,21.696739,20.810366,21.828363,21.055979,20.693211,20.864307,20.967787,20.968945,21.01524,20.952509,21.015472,21.35708,21.758505,22.025194,21.847794,21.308252,21.457277,20.495691,20.888847,21.110373,20.772163,20.793001,20.706177,20.84486,20.920563,20.89394,21.367956,21.349445,20.962694,21.210127,21.263588,21.313807,21.567875,20.754105,21.295755,21.400585,20.76985,21.115465,20.913385,20.952971,21.171476,21.054127,20.972647,20.984222,20.672836,20.988621,20.99811,20.610085,20.721458,20.625599,21.0245,20.867317,20.557289,20.995564,20.960379,59.481445,66.64093,32.630363,44.926487,50.3638154,20.810366,20.87116567,20.98399067,21.10835367,21.6794044,50.91980625
43082.46187,2,-84.638191,30.19425077,8.52834,8.823877,8.548871,8.510293,0.216742,-0.052544,1.464658,-0.937557,0.755312,-2.236354,138.225983,115.090973,118.052803,106.782158,103.20359,21.674297,21.001352,21.805695,21.017092,20.691591,20.844398,20.939775,20.936768,20.982138,20.910376,21.002277,21.32584,21.752489,22.00808,21.823275,21.278631,21.438534,20.466047,20.883986,21.079126,20.735582,20.780731,21.244379,20.810366,20.914543,20.876347,21.35708,21.333477,20.931906,21.182123,21.219847,21.28488,21.520443,20.712893,21.253868,21.358007,20.740908,21.407526,20.882828,20.92033,21.140463,21.022879,20.961073,20.971952,20.618652,20.958759,20.968018,20.605453,20.677235,20.606611,20.991629,20.843472,20.532974,20.969639,20.931211,229.103165,270.62561,188.866364,160.445648,116.2711014,21.001352,20.851027,20.95289367,21.07949767,21.6602018,212.2601968
43082.46256,3,-84.197418,30.0526304,8.559537,8.832088,8.54805,8.505366,0.213458,-0.04926,1.471226,-1.034432,0.853831,-2.274119,225.837463,204.922699,223.886765,196.907761,202.032074,21.708075,23.018307,21.760124,21.016628,20.665195,20.845324,20.923109,20.901812,20.964777,20.871716,20.979361,21.303625,21.766602,22.014786,21.808239,21.280251,21.422337,20.463964,20.850416,21.04973,20.732342,20.825413,22.355635,20.795317,20.90922,20.856205,21.329311,21.31612,20.922646,21.153423,21.189991,21.25271,21.514196,20.681866,21.224939,21.317278,20.770311,22.317255,20.872179,20.88792,21.123566,21.000425,20.940702,20.954823,20.603601,20.916395,20.952045,20.653618,20.67214,20.593182,20.976814,20.826571,20.529037,20.945332,20.925425,398.948883,473.730835,358.750549,330.219971,210.7173524,23.018307,20.84238233,20.92989933,21.05156733,21.658443,390.4125595
43082.46326,4,-84.146652,30.03631929,8.546402,8.830445,8.525884,8.507009,0.220026,-0.04926,1.47451,-1.004877,0.79472,-2.31681,219.799881,197.88797,208.697281,180.647659,175.893463,21.913715,30.64419,21.782562,21.124029,20.728405,20.945795,20.900654,20.892551,20.942322,20.853889,20.947878,21.271456,21.766369,22.015711,21.795517,21.252016,21.39642,20.507963,20.84185,21.02774,20.694832,20.973804,23.521694,20.781193,20.903894,20.826109,21.304087,21.432518,20.973343,21.12426,21.155275,21.222393,21.487587,20.661259,21.201101,21.305939,20.915932,23.321198,20.852268,20.888615,21.096949,20.980288,20.981907,20.962461,20.573961,20.89695,20.921951,20.825182,20.654312,20.562384,20.942785,20.878199,20.488512,20.911997,20.89996,397.239288,438.792511,349.577393,331.181915,196.5852508,30.64419,20.932743,20.91184233,21.02440767,21.6452066,379.1977768
43082.46396,5,-84.105385,30.0230602,8.566105,8.832088,8.513569,8.508651,0.009852,-0.111655,1.45809,-0.824262,0.824276,-2.239638,269.427002,256.404388,288.481476,230.235352,246.259903,23.169186,40.286221,21.770533,21.631037,21.186983,21.529236,20.917784,20.895329,20.960842,20.812449,20.93862,21.244379,21.764519,22.001373,21.756653,21.216608,21.367264,20.827034,20.846712,21.020102,20.673761,21.505636,24.929909,20.816616,20.952971,20.833517,21.303625,21.851494,21.338106,21.14023,21.130972,21.217302,21.4545,20.692053,21.178188,21.272614,21.400585,24.675451,20.88468,20.937229,21.103197,20.965008,21.167774,21.129353,20.57373,20.881903,20.900885,21.226328,20.668436,20.5383,20.919405,21.079126,20.500786,20.890467,20.882364,448.231567,522.770813,406.107178,398.423645,258.1616242,40.286221,21.44908533,20.92465167,20.99848267,21.6212834,443.8833008
43082.46466,6,-83.858841,29.94384561,8.539834,8.828803,8.566112,8.511114,-0.126433,-0.177335,1.369422,-0.758583,0.752028,-2.131268,435.879608,433.711761,475.430695,382.662689,408.075867,24.079332,53.546936,21.800142,22.973942,22.443027,22.823961,21.017555,20.985611,21.056211,20.804577,20.895329,21.21221,21.751102,22.004148,21.70738,21.183048,21.318897,21.565792,20.950657,21.086533,20.67214,22.592365,27.665617,20.951351,21.136065,20.908756,21.354998,22.748154,22.252512,21.260347,21.176105,21.26729,21.445244,20.755957,21.190224,21.305244,22.491575,26.830788,21.03723,21.103197,21.187908,20.999037,21.782562,21.58569,20.668667,20.934683,20.917322,21.996284,20.770311,20.548952,20.952971,21.656021,20.568405,20.902969,20.869633,601.117249,681.249573,566.349426,610.454529,427.152124,53.546936,22.74697667,21.01979233,20.97070533,21.592915,614.7926943
43082.46536,7,-83.812271,29.92888267,8.549685,8.830445,8.540662,8.507009,-0.062395,-0.183903,1.372706,-0.701115,0.763522,-2.15754,385.203918,340.187897,370.172272,370.703613,322.044189,24.939365,64.696388,21.81888,25.803097,25.414896,25.845966,21.380453,21.314964,21.398039,20.790686,20.890236,21.209663,21.754341,21.99374,21.710388,21.160366,21.323063,23.140074,21.28974,21.313576,20.767302,24.799112,31.402884,21.358702,21.603968,21.119169,21.515354,24.566084,24.049553,21.588234,21.378139,21.43298,21.422567,20.970797,21.285805,21.370272,24.470781,30.304804,21.43784,21.537102,21.408684,21.115234,23.103107,22.713255,20.955517,21.183512,21.02635,23.514303,21.050886,20.620043,20.974731,22.917557,20.850416,21.037693,20.965471,532.663696,537.756836,512.984985,502.084717,357.6623778,64.696388,25.68798633,21.36448533,20.96352833,21.5883796,521.3725585
43082.46605,8,-85.308281,30.40955069,8.598945,8.850149,8.551334,8.515219,-0.20689,-0.266002,1.32673,-0.646931,0.712621,-2.154256,393.268188,375.463959,400.382782,338.696533,329.766266,25.175543,67.24382,21.80685,30.668051,29.806196,31.228167,22.046009,21.947714,22.205341,20.793695,20.905746,21.221004,21.774466,22.036064,21.703678,21.157589,21.301773,25.877079,21.990501,21.856813,21.003202,28.339771,35.225235,22.397482,22.678352,21.711544,21.81032,27.531012,27.11351,22.271704,21.846869,21.844555,21.422106,21.416782,21.535252,21.493141,27.817921,34.123096,22.411818,22.493195,22.007616,21.394569,25.573975,24.94075,21.627335,21.748558,21.296682,26.033556,21.600729,20.864538,21.111761,25.1933,21.535021,21.413311,21.209663,518.408508,574.370789,497.21579,486.114166,367.5155456,67.24382,30.56747133,22.06635467,20.97348167,21.594714,519.0273133
43082.46675,9,-85.09993,30.34260751,8.569389,8.850149,8.575964,8.538206,-0.426916,-0.354669,1.234779,-0.531994,0.663361,-1.980208,511.024475,481.439423,549.554382,482.114136,522.553406,25.35218,71.704094,21.798986,36.536411,34.897362,37.429111,22.988499,22.996586,23.315655,20.838379,20.973804,21.272383,21.806156,22.053177,21.70229,21.143471,21.285574,29.807114,23.075611,22.859089,21.442005,32.769127,39.694355,24.251993,24.338083,22.982491,22.44141,31.402884,30.693747,23.53301,22.848459,22.697767,21.413774,22.268467,21.956272,21.793898,31.721977,39.039574,23.926962,24.201445,23.053198,21.945169,28.732656,28.373341,22.67165,22.851925,21.816103,29.38316,22.487185,21.447096,21.417015,28.716106,22.642294,22.284191,21.676611,595.064941,655.118896,613.149353,624.551697,509.3371644,71.704094,36.287628,23.10024667,21.02818867,21.5981336,621.9712218
43082.46745,10,-85.224632,30.38267426,8.571852,8.85179,8.578426,8.540669,-0.495879,-0.453188,1.172383,-0.328391,0.507373,-1.980208,556.035156,515.348816,566.590454,526.734192,532.504395,25.672176,76.536163,21.804075,42.18058,40.579315,43.372181,24.360931,24.385395,24.807417,20.959684,21.125187,21.376518,21.830444,22.050402,21.709461,21.140694,21.271456,34.495098,24.929447,24.558701,22.368582,37.568172,45.147339,27.233667,27.121567,25.415586,23.703217,35.73592,35.230488,25.383539,24.670837,24.066175,21.378834,23.521925,22.6698,22.226383,36.611477,44.524776,26.317871,26.575857,25.017097,22.919405,32.951603,32.536469,24.352854,24.698984,22.860014,33.141373,23.809439,22.333208,21.976625,32.739819,24.409164,24.123425,22.612013,617.778564,663.691589,660.460388,650.621399,539.4426026,76.536163,42.04402533,24.51791433,21.15379633,21.6004914,648.137985
43082.46815,11,-85.529442,30.48060971,8.573494,8.853433,8.554618,8.526712,-0.717547,-0.653511,1.064011,-0.141208,0.318545,-1.866912,588.124451,542.566956,589.515808,553.348328,560.008972,25.836517,79.372673,21.782099,48.127106,46.818016,49.640411,26.059362,26.102222,27.008074,21.168236,21.360552,21.601654,21.801762,22.025656,21.686329,21.119631,21.248314,39.95052,27.345528,27.242645,23.948204,42.567394,50.630882,30.874516,30.703382,28.80069,25.771751,40.520203,40.174786,27.642149,27.221008,26.120424,21.386238,25.216822,23.784962,22.932346,42.131313,50.504993,29.612152,29.878063,28.164316,24.583851,38.050652,37.56179,26.633204,27.308012,24.529856,37.750523,25.638521,23.763025,22.949909,37.387615,26.876377,26.984129,24.223143,631.822266,676.221436,673.270386,661.284058,566.712903,79.372673,48.19517767,26.389886,21.376814,21.5763384,660.6495365
43082.46885,12,-85.979042,30.62506619,8.556253,8.855075,8.554618,8.521787,-0.962202,-0.935932,0.935936,0.121505,0.072247,-1.786456,606.830994,569.098999,598.789001,581.595703,584.471741,25.952671,81.236641,21.778168,53.376686,52.341759,55.107441,28.044724,28.070023,29.848215,21.470234,21.715014,21.936613,21.788809,22.009699,21.677074,21.103893,21.216375,45.61768,30.248343,29.966915,25.981937,47.159767,55.90844,34.441833,34.575562,32.355522,28.462778,45.277565,45.306553,30.387194,30.363556,28.700247,21.3668,27.186481,25.273088,23.826756,47.845272,56.24754,33.299068,33.262909,31.94313,26.843451,43.673355,42.863777,29.422209,30.09203,26.618235,42.663624,27.887852,25.610397,24.333929,42.071598,29.882885,30.045658,26.363483,645.28302,686.672607,689.366699,677.385376,588.1572876,81.236641,53.60862867,28.65432067,21.707287,21.55917,674.6769255
43082.46955,13,-85.282463,30.40125536,8.431464,8.764767,8.43968,8.406848,-1.270895,-1.270897,0.699489,0.400637,-0.262717,-1.51389,616.847778,599.365295,611.020508,613.561768,619.227234,26.059134,82.696053,21.745087,58.012043,57.200668,59.728386,30.346344,30.420698,32.562805,21.894979,22.225458,22.424763,21.837616,22.051327,21.721029,21.125881,21.213831,51.588238,33.641155,33.019596,28.442547,51.761604,60.9571,37.966797,38.251377,36.118549,31.528973,50.149155,50.402336,33.694462,33.89645,31.689659,21.35708,29.657394,27.216404,25.109585,53.421501,61.98069,36.967342,36.873825,35.915154,29.714346,49.424129,48.477119,32.624866,32.931458,28.95076,47.912403,30.563885,27.893143,26.195538,46.808743,33.50296,33.35651,28.869177,661.210327,703.944763,710.584595,702.965332,612.0045166,82.696053,58.313699,31.109949,22.18173333,21.5899368,694.6762543
43082.47025,14,-85.527679,30.48004326,8.434748,8.764767,8.441322,8.405207,-1.418673,-1.398972,0.656797,0.564833,-0.433483,-1.395669,626.815308,613.032898,626.118225,638.114624,640.363281,26.137245,84.150696,21.727507,61.661072,60.603924,63.503826,32.653034,32.556164,33.665409,22.446264,22.897913,23.107727,21.91811,22.080698,21.79089,21.115696,21.226559,57.129421,37.067692,35.901684,30.85433,55.840973,64.839127,40.93779,41.282524,39.200745,34.343983,54.758682,54.875916,36.977608,36.603947,34.146881,21.365181,32.362625,29.274042,26.647713,58.167271,67.058838,40.02058,40.234371,39.133137,32.714401,54.358986,53.625072,35.876568,35.596855,31.178406,52.954144,33.289913,30.307327,28.054844,51.321728,36.61969,36.158493,31.258205,674.432373,713.440674,726.186279,717.596863,628.8888672,84.150696,61.92294067,32.95820233,22.81730133,21.6263906,707.9140473
43082.47095,15,-85.9179,30.60542127,8.43639,8.758199,8.444606,8.419984,-1.484352,-1.494207,0.614105,0.650215,-0.502447,-1.45478,637.523987,613.031128,638.501343,660.928833,659.269897,26.197842,85.504738,21.729126,63.898556,62.962421,65.977028,34.16243,34.292995,35.049316,23.128754,23.612228,23.867855,22.022419,22.161175,21.890121,21.137917,21.233734,61.50248,40.20731,38.052246,32.937408,59.354374,68.291969,43.236538,43.649544,41.488361,36.732395,58.56776,58.521942,40.131802,38.502174,35.97337,21.369345,34.974598,31.178406,28.189152,61.866978,71.107239,42.728531,43.162811,41.49472,35.375313,58.33709,57.8759,38.912079,37.789497,32.982281,57.169876,35.736149,32.167217,29.591713,54.608356,38.539986,37.688526,33.140686,682.442261,721.556213,737.569153,726.895142,641.8510376,85.504738,64.279335,34.50158033,23.536279,21.6890732,717.1156923
43082.47165,16,-86.414291,30.7649117,8.424896,8.764767,8.405199,8.396996,-1.517192,-1.550035,0.577981,0.666634,-0.505731,-1.428508,653.06488,620.119446,649.245728,679.422791,681.327087,26.248297,86.611137,21.733521,66.058563,65.145874,67.694366,35.615353,35.817894,36.202545,23.933197,24.422089,24.667837,22.1584,22.283958,22.002298,21.173328,21.260347,65.085823,43.302773,39.659088,34.714077,62.357906,71.334846,45.526661,46.08989,43.102921,38.927105,61.848362,61.709743,43.079098,40.013073,37.252636,21.361015,37.493855,32.892536,29.561398,64.963707,74.343185,46.080158,46.179058,43.273964,37.655933,61.600731,61.378204,41.946705,39.632465,34.573734,61.315617,38.035614,33.479164,30.77037,58.495888,40.79937,38.85994,34.714535,694.653687,731.394958,749.015991,739.316467,656.6359864,86.611137,66.299601,35.87859733,24.341041,21.7756662,728.5952758
43082.47235,17,-86.923706,30.92858674,8.398624,8.756557,8.387137,8.398639,-1.513908,-1.599294,0.577981,0.710967,-0.574694,-1.328349,662.035583,631.633057,664.499756,680.955811,683.164246,26.295525,87.369087,21.715014,67.160507,66.512146,68.658249,36.986729,36.991062,37.227554,24.749512,25.26963,25.443024,22.390547,22.446033,22.198174,21.246,21.300848,67.577477,45.974228,40.701393,36.072899,64.707146,73.959007,48.669823,49.083385,44.007782,40.635696,64.347244,64.339851,45.592094,40.999382,38.148399,21.345047,39.576035,34.150539,30.523731,67.370567,76.755669,49.156326,49.194492,44.490334,39.391251,64.274414,64.021378,44.763371,40.920971,35.904881,63.798813,40.080399,34.343067,31.687366,61.145786,43.516426,40.019669,35.951225,699.697693,738.835083,758.834656,750.079224,664.4576906,87.369087,67.443634,37.06844833,25.15405533,21.9163204,736.861664
43082.47305,18,-78.397667,28.18917041,8.226217,8.580866,8.242644,8.231978,-1.622279,-1.730653,0.397362,0.81441,-0.72904,-1.226547,674.746826,644.827881,676.863831,691.318909,689.267944,26.333998,87.905029,21.713394,67.925888,67.498657,69.366554,37.94743,37.938541,38.225407,25.525331,26.109365,26.153605,22.682512,22.598837,22.434242,21.319592,21.370502,69.09211,48.173885,41.442696,37.04694,66.528496,76.411758,51.044117,51.647308,45.058094,41.943298,66.299805,66.568138,47.739258,41.905148,38.891815,21.351295,41.340008,35.065994,31.255911,69.169785,78.638657,51.705471,51.686985,45.839996,40.789593,66.520432,65.900192,47.216076,41.961239,36.934269,65.44632,41.814079,34.839088,32.225407,63.271137,45.912663,40.993927,36.947044,711.51001,748.45874,767.327393,760.135681,675.4050782,87.905029,68.26369967,38.037126,25.92943367,22.081137,746.857956
43082.47374,19,-84.368034,30.10744932,8.245921,8.564446,8.229508,8.237725,-1.661686,-1.763493,0.38751,0.804559,-0.765164,-1.218337,688.553345,658.005615,690.005066,701.190186,701.326721,26.343903,88.379631,21.696276,68.402794,68.142853,69.840881,38.652035,38.869045,39.061886,26.325935,26.921967,26.911606,23.003519,22.816565,22.685287,21.439922,21.444782,70.436264,50.021648,42.284561,37.905499,68.106361,78.507294,53.11137,53.749813,45.576244,43.168255,67.959251,68.253685,49.680592,42.507248,39.569206,21.333477,42.856289,35.76355,31.845966,70.40448,80.31826,53.864868,53.956722,46.93066,41.89175,68.056877,67.24852,49.254333,42.805008,37.762833,66.732307,43.221111,35.32209,32.510357,65.071259,47.96936,41.762299,37.783798,721.840942,757.133179,778.910583,769.037903,687.8161866,88.379631,68.79550933,38.86098867,26.719836,22.278015,756.7306518
43082.47445,20,-84.621414,30.18886032,8.243459,8.571014,8.228687,8.231978,-1.630489,-1.793048,0.38751,0.832472,-0.779942,-1.313571,697.451172,670.300781,701.636047,711.691833,707.250305,26.355652,88.874245,21.695581,68.750038,68.635635,70.251389,39.509361,39.620178,39.768299,27.093943,27.686094,27.649742,23.363703,23.178658,22.986189,21.568569,21.548672,71.271286,51.508202,42.922092,38.594646,69.387375,80.373093,54.831139,55.481777,46.825932,43.952465,69.386482,69.662033,51.376972,43.10791,40.083355,21.31126,44.080776,36.350666,32.358273,71.220711,81.71994,55.58997,55.82523,47.723209,42.867863,69.099495,68.077927,50.950066,43.543415,38.461861,67.701309,44.221317,35.639328,32.822708,66.566124,49.629799,42.360157,38.463455,729.229858,764.868225,786.585999,775.651245,697.6660276,88.874245,69.212354,39.63261267,27.476593,22.5291582,764.0838318
43082.47514,21,-84.863983,30.26679774,8.258236,8.569372,8.219656,8.213917,-1.630489,-1.83574,0.390794,0.752016,-0.807855,-1.203559,707.890747,679.890503,712.078552,721.654297,719.914124,26.34828,89.452148,21.681007,69.232689,68.928017,70.47789,40.022625,40.268711,40.460403,27.826893,28.334942,28.355175,23.72123,23.511763,23.259748,21.710388,21.640289,71.678589,52.654064,43.486263,39.179348,70.45842,81.883133,56.296108,56.831608,47.584633,44.742752,70.499382,70.71312,52.795547,43.60918,40.604778,21.296913,45.100452,36.853523,32.811489,71.917366,82.999443,56.917027,57.345619,48.384029,43.632538,69.834839,68.879433,52.274605,44.081459,39.01749,68.328018,45.053337,35.749622,33.104519,68.013664,50.931572,42.885788,39.026142,736.741089,771.157593,795.070923,782.342346,708.2856446,89.452148,69.54619867,40.25057967,28.17233667,22.7686836,771.3279878
43082.47585,22,-85.120453,30.34920155,8.213082,8.571014,8.219656,8.219664,-1.632131,-1.839024,0.38751,0.791423,-0.781584,-1.274164,717.119385,692.092285,724.269958,732.69928,726.511719,26.343443,90.383911,21.667589,69.234711,69.158592,70.556007,40.626827,40.864376,41.044151,28.494505,29.025444,29.000626,24.162436,23.841534,23.627008,21.85774,21.765907,72.153679,53.664028,44.030678,39.680019,71.336411,83.059227,57.440224,58.135372,48.565907,45.433594,71.403999,71.675003,53.968655,44.141983,41.070515,21.298071,45.992111,37.387161,33.200424,72.581085,84.276787,58.105045,58.585503,48.967075,44.335548,70.455063,69.457886,53.419025,44.50597,39.59515,68.732796,45.779102,35.772228,33.379852,69.205826,52.113014,43.441357,39.544403,744.628174,777.060242,801.845703,788.949829,718.5385254,90.383911,69.64977,40.845118,28.84019167,23.050925,778.120987
43082.47655,23,-85.375603,30.43118124,8.216366,8.511904,8.20652,8.218021,-1.625563,-1.858728,0.394078,0.791423,-0.804571,-1.290583,727.421631,702.868591,731.930237,743.729065,737.577454,26.463226,92.354271,21.673372,69.187248,69.175385,70.654709,41.023243,41.343868,41.4795,29.103567,29.661068,29.589876,24.648918,24.242069,23.989529,22.019411,21.916952,72.536331,54.456444,44.50869,40.180019,72.017174,84.561234,58.34877,59.171162,49.021053,46.039642,72.090569,72.381706,54.83429,44.588905,41.411346,21.278399,46.596088,37.838268,33.493351,73.12014,85.407509,59.038685,59.48167,49.364521,44.827488,70.868446,69.876694,54.319145,44.808002,39.994648,68.999878,46.322536,35.795975,33.549866,69.737244,53.072403,43.809631,39.986916,752.139465,784.529053,807.750854,799.306091,728.7053956,92.354271,69.67244733,41.28220367,29.45150367,23.3633758,785.9313658
43082.47725,24,-85.600731,30.50351487,8.214724,8.495484,8.208162,8.204885,-1.661686,-1.86858,0.390794,0.794707,-0.817707,-1.336558,737.724854,713.588928,742.42218,754.93219,747.011047,26.758251,98.715431,21.659954,69.180756,69.215904,70.410522,41.46973,41.747307,41.919682,29.671633,30.276344,30.165712,25.098515,24.583158,24.388857,22.211353,22.069597,72.768829,55.104965,44.784214,40.535664,72.667458,86.101814,59.099983,59.984505,49.352554,46.535454,72.635239,72.943367,55.650475,44.912441,41.77161,21.275854,47.074734,38.211052,33.912918,73.511269,86.461227,59.771038,60.228252,49.764114,45.298855,71.184456,70.117088,54.996071,45.094337,40.323288,68.968315,46.766891,35.832504,33.719627,70.568535,53.930607,44.010731,40.317375,761.237549,790.971619,816.695312,805.406799,739.1358398,98.715431,69.602394,41.71223967,30.03789633,23.670296,793.5778198
43082.47795,25,-85.78746,30.5635109,8.201588,8.465929,8.198311,8.213096,-1.64855,-1.891567,0.390794,0.817694,-0.853831,-1.234757,745.156921,722.571045,752.516846,763.565796,755.024353,27.331257,105.641029,21.674297,68.917046,69.273437,70.382545,41.786602,42.154697,42.212368,30.252705,30.830015,30.722424,25.58919,25.042238,24.779041,22.411354,22.214128,73.012062,55.600994,45.070553,40.770954,73.378136,87.450447,59.810547,60.675282,49.942654,46.849007,73.153481,73.38015,56.260357,45.148468,42.033451,21.25271,47.641602,38.619015,34.252525,73.830574,87.510292,60.309719,60.873634,50.120949,45.785667,71.368858,70.065834,55.495949,45.462128,40.657066,69.262688,47.042843,36.981026,33.892105,71.391243,54.520584,44.12294,40.573856,766.523926,796.448303,823.177185,809.233582,747.7669922,105.641029,69.52434267,42.05122233,30.60171467,24.0071902,798.845749
43082.47865,26,-85.965576,30.62073957,8.204872,8.444583,8.209805,8.236904,-1.676464,-1.934259,0.390794,0.781571,-0.827559,-1.264312,753.883301,731.16156,760.194214,770.629395,763.788208,27.785944,118.194046,21.692112,68.866226,69.386253,70.440964,42.035267,42.429619,42.448685,30.758442,31.299019,31.223579,25.998529,25.507349,25.097591,22.608315,22.362572,73.254845,55.94532,45.221172,40.907108,74.405838,88.726486,60.360214,61.208382,50.321106,47.169266,73.854736,73.912018,56.815651,45.346863,42.256638,21.239519,47.944046,38.889313,34.54882,74.208267,88.629173,60.779171,61.462101,50.294479,46.120895,71.723564,70.347183,55.868408,45.800381,40.859604,69.860802,47.283012,37.487244,34.036194,72.529167,55.008446,44.307446,40.764362,772.615295,800.16803,827.200989,814.632935,755.9313356,118.194046,69.564481,42.30452367,31.09368,24.3148712,803.6543123
43082.47935,27,-86.209465,30.6991011,8.192557,8.436374,8.186817,8.221306,-1.691242,-1.970383,0.38751,0.824262,-0.845621,-1.36283,760.24176,740.60907,769.44873,778.171692,769.911072,29.043137,135.219772,21.755266,69.256645,68.773766,70.784966,42.375591,42.771423,42.7864,31.242382,31.779276,31.699286,26.431438,25.965115,25.492825,22.790218,22.557922,73.824303,56.367382,45.431103,41.075058,75.716789,89.884796,60.798916,61.737782,50.771198,47.538284,74.883766,74.823807,57.311012,45.700092,42.529263,21.244379,48.322121,39.168423,34.854172,75.093201,89.990219,61.20277,61.974857,50.489201,46.492016,72.183441,70.921486,56.324215,46.369148,41.087559,71.204369,47.552979,37.932617,34.342152,73.952072,55.490551,44.442062,40.906879,777.645447,803.307312,832.846619,818.411377,763.6764648,135.219772,69.60512567,42.64447133,31.573648,24.6475036,808.0526888
43082.48005,28,-86.433495,30.77108194,8.198304,8.419953,8.208162,8.214738,-1.773341,-2.013074,0.38751,0.791423,-0.811139,-1.375965,767.19928,748.875854,776.285522,784.198547,776.991516,30.523043,155.706863,21.791121,69.627113,70.246239,71.410263,42.798653,43.160542,43.134453,31.701349,32.231136,32.145683,26.92519,26.468063,25.854725,22.983185,22.713255,74.935005,56.735851,45.729523,41.321602,77.031555,90.399391,61.332664,62.259232,51.325336,47.97501,75.994011,76.036079,57.771652,46.176117,42.943649,21.248777,48.644295,39.43153,35.1535,76.292946,91.355682,61.422844,62.439083,50.828716,46.923424,73.307648,71.920273,56.818573,46.997608,41.437473,72.746674,47.903362,38.36824,34.684135,75.626839,56.010761,45.164326,41.217766,783.120361,807.797485,835.132751,821.796448,770.7101438,155.706863,70.42787167,43.031216,32.026056,24.9888836,811.9617613
43082.48075,29,-86.759491,30.87582446,8.175317,8.388757,8.190922,8.212275,-1.774983,-2.045914,0.389152,0.806201,-0.812781,-1.366114,772.3703,756.293274,784.535889,791.889099,783.579407,31.514761,168.838409,21.796442,70.760567,71.559975,72.546173,43.331806,43.657707,43.717121,32.092068,32.654636,32.516312,27.369692,26.780588,26.165585,23.15024,22.867178,76.262962,57.251682,46.38974,41.77956,78.340355,90.392433,61.997734,62.928566,51.900238,48.610409,77.277245,77.609306,58.309685,46.870945,43.499191,21.236279,49.071644,39.809475,35.472843,77.462296,92.535667,61.788921,62.968025,51.507977,47.476562,74.800308,73.233582,57.414608,47.676414,42.051842,73.212997,48.313084,38.826466,35.093414,76.77446,56.569046,45.835697,41.691662,788.233704,813.476074,842.541565,828.211975,777.7335938,168.838409,71.62223833,43.568878,32.42100533,25.2666566,818.1158295
43082.48145,30,-87.089241,30.98177313,8.168749,8.375621,8.181891,8.198318,-1.812749,-2.075469,0.394078,0.840682,-0.843979,-1.423582,779.099182,762.426636,788.316162,797.170715,789.471558,32.095047,176.676086,21.813559,72.155464,73.204941,74.165977,43.861778,44.281151,44.424389,32.514023,33.087124,32.92001,27.804808,27.19615,26.519888,23.309185,23.035637,77.620049,57.934761,47.211327,42.310215,79.670326,90.087128,62.855026,63.743225,52.832047,49.3372,79.022888,79.558876,58.981647,47.665565,44.16193,21.23003,49.605419,40.203217,35.861271,78.641113,93.70269,62.530796,63.651546,52.391335,48.278961,76.079712,74.615494,58.085728,48.323929,42.727398,73.458466,48.878086,39.2556,35.469418,78.811188,57.268761,46.625729,42.297276,793.341675,816.91333,846.022034,833.73761,783.2968506,176.676086,73.17546067,44.189106,32.84038567,25.5731336,822.5036623
43082.48216,31,-87.435326,31.09297024,8.167107,8.362485,8.193385,8.203244,-1.819317,-2.091889,0.38751,0.843966,-0.811139,-1.42194,785.147217,769.717041,795.719788,805.33783,797.912354,32.735012,187.569687,21.844786,73.142288,64.608543,75.115349,44.473564,44.91584,44.990139,32.951603,33.484886,33.345524,28.191223,27.607405,26.837004,23.5016,23.201069,78.929794,58.561245,48.141346,43.010582,81.194557,89.845543,63.694363,64.484619,53.650066,50.058208,81.08532,81.270889,59.749714,48.523659,44.812759,21.239519,50.248447,40.651154,36.297035,79.474953,94.851807,63.159267,64.236092,53.259575,49.214588,77.122627,75.939415,58.795486,48.513039,43.342014,75.498856,49.361588,39.817894,35.852825,80.260063,58.040348,47.401497,42.884201,800.520508,821.251404,853.434692,839.553955,790.766846,187.569687,70.95539333,44.793181,33.260671,25.8676602,828.6901398
43082.48286,32,-87.83107,31.22012279,8.147403,8.362485,8.190101,8.211453,-1.829168,-2.095173,0.38751,0.840682,-0.830843,-1.448212,789.643127,775.34552,802.971252,809.872742,801.918457,33.509827,202.447937,21.860285,73.695648,73.919174,75.684792,45.150734,45.54002,45.607944,33.388092,33.910404,33.780708,28.603472,28.022873,27.153334,23.682896,23.333441,80.129578,59.214272,48.949459,43.663605,82.542908,89.934143,64.601601,65.354912,54.442715,50.913754,83.112518,82.85144,60.515732,49.470638,45.482052,21.22818,50.84586,41.114601,36.758629,80.388092,95.941429,63.756001,64.810219,54.107105,49.981701,78.272331,77.074966,59.544533,49.267429,43.997581,76.338142,49.889164,40.29327,36.269192,82.109024,58.810757,48.14835,43.574936,803.598572,824.586853,857.069641,841.710876,795.9502196,202.447937,74.43320467,45.43289933,33.693068,26.1592032,831.7414855
43082.48356,33,-83.798363,29.92441403,8.030824,8.259041,8.071879,8.070244,-1.973663,-2.121445,0.262719,1.037716,-0.90309,-1.290583,797.7323,783.288574,810.759155,819.674072,809.92511,34.236061,218.143692,21.887115,74.21431,75.477379,76.20031,45.779102,46.167744,46.242199,33.855278,34.370045,34.204277,29.022455,28.246183,27.486599,23.828604,23.431614,81.006081,59.974403,49.736576,44.3428,83.44236,90.423843,65.343033,66.186691,55.252102,51.592072,84.794182,84.232887,61.323692,50.281391,46.106865,21.228411,51.675037,41.609211,37.226868,81.351028,97.046852,64.46714,65.69342,54.746979,50.733749,79.265701,78.13382,60.277176,50.174881,44.624706,77.351753,50.62524,40.822327,36.730568,83.398468,59.570347,48.802872,44.257809,811.321594,830.7771,864.737854,850.674988,804.2758422,218.143692,75.297333,46.063015,34.1432,26.403091,839.377884
43082.48426,34,-84.155045,30.03901596,8.024256,8.262325,8.066953,8.076812,-1.950675,-2.124729,0.262719,0.98189,-0.847263,-1.339842,800.637756,788.009583,814.170105,823.993225,815.322144,34.803894,227.038254,21.910707,74.820671,75.965599,76.942276,46.376163,46.68568,46.825027,34.29734,34.849144,34.60482,29.449543,28.535196,27.764778,23.957207,23.569733,81.376099,60.702431,50.335323,44.931469,83.819916,90.689926,66.174149,66.955376,56.053486,52.27235,85.711075,84.993088,62.039001,51.094185,46.69812,21.204342,52.345364,42.127224,37.667786,82.161858,98.012161,65.426155,66.520653,55.565678,51.38802,79.939789,79.009018,60.978642,50.842701,45.157528,77.92347,51.344501,41.255939,37.159824,84.145767,60.17012,49.459801,44.829071,814.625854,833.4328,866.984985,853.253418,808.4265626,227.038254,75.90951533,46.62895667,34.583768,26.6552914,842.0742643
43082.48496,35,-84.698448,30.21361134,7.989774,8.244264,8.030829,8.063676,-1.990083,-2.151001,0.259435,1.047568,-0.88667,-1.408805,806.559448,793.949036,820.027649,831.102539,820.451843,35.304047,235.024918,21.929905,75.34201,75.184486,77.671288,46.853756,47.163837,47.289116,34.760471,35.334885,35.031494,29.834667,29.014874,28.096241,24.132196,23.743399,82.260139,61.465916,50.979614,45.477978,84.429985,91.062614,66.935219,67.710709,56.772942,52.784512,86.741333,85.483009,62.809509,51.758675,47.137379,21.219847,53.021496,42.631172,38.152046,82.886597,99.050148,66.360283,67.401917,56.31522,52.031425,80.448517,79.642578,61.372822,51.427029,45.624699,77.993736,51.984993,41.696888,37.518478,84.531441,60.975498,50.171272,45.348221,818.840393,837.629639,872.161865,857.370667,814.418103,235.024918,76.065928,47.10223633,35.04228333,26.9642754,846.500641
43082.48567,36,-85.266571,30.39614926,7.98649,8.231128,8.037397,8.062035,-2.049194,-2.164137,0.262719,1.037716,-0.893238,-1.369398,810.830017,798.397949,823.234497,834.424011,823.547913,35.893463,243.325287,21.973156,75.73983,76.992844,79.148659,47.282108,47.656746,47.723434,35.235287,35.782501,35.475128,30.167549,29.386145,28.392654,24.293308,23.913572,82.933395,62.192177,51.63987,45.901569,84.808067,91.549133,67.679359,68.484962,57.434383,53.242008,87.204796,86.037956,63.584076,52.419727,47.580788,21.219847,53.615616,43.118347,38.621517,83.512001,100.025574,67.260162,68.298691,57.07391,52.510761,80.941841,80.069824,62.200027,52.071995,46.095547,78.669762,52.431896,42.18671,38.016472,85.321037,61.603199,50.874283,45.777744,822.40509,840.439209,874.325378,860.855774,818.0868774,243.325287,77.29377767,47.554096,35.49763867,27.2306456,849.5063628
43082.48637,37,-85.807983,30.57010494,7.970071,8.20814,8.027546,8.062035,-2.075465,-2.223248,0.243015,1.070556,-0.896522,-1.392385,812.407898,801.147217,824.573608,836.299866,825.693237,36.441944,251.616333,21.9683,76.708008,78.521614,81.42691,47.762089,48.219307,48.178181,35.666962,36.175156,35.908989,30.466364,29.836735,28.550829,24.399242,24.003382,83.478638,62.8909,52.2719,46.337471,85.560524,92.681152,68.497055,69.215904,58.113132,53.563824,87.930367,86.237152,64.370781,53.00618,48.140442,21.205498,54.275253,43.549992,39.058697,83.932114,101.255623,68.13636,69.26918,57.767384,52.958199,81.469444,80.570503,62.967129,52.714218,46.546768,80.517685,53.101009,42.719681,38.403095,85.738853,62.411724,51.456116,46.094189,825.389038,843.110046,876.38385,862.062134,820.0243652,251.616333,78.88551067,48.05319233,35.91703567,27.4513104,851.736267
43082.48707,38,-86.392883,30.75803331,7.983206,8.183511,8.007842,8.032479,-2.200256,-2.288927,0.226595,1.188776,-0.909658,-1.323423,820.837402,807.053955,831.500793,843.52478,832.052002,37.145233,259.19873,21.979864,78.796646,80.579903,83.893593,48.33997,48.888927,48.822975,36.092983,36.620148,36.318714,30.853642,30.092258,28.93881,24.604387,24.176285,83.964813,63.755329,53.136822,46.758976,86.196373,93.975822,69.443787,70.118431,59.015781,54.267601,88.354294,86.755905,65.207489,53.762199,48.663948,21.20249,54.953094,44.08894,39.516644,84.344421,102.336693,69.148521,70.249146,58.441536,53.495815,82.035591,81.071442,63.834229,53.485909,47.10368,81.409004,53.827042,43.066395,38.928246,85.980598,63.187065,52.051708,46.639301,831.286072,847.760193,882.689453,868.527283,826.9937864,259.19873,81.09004733,48.68395733,36.34394833,27.7330764,857.5657503
43082.48777,39,-86.971382,30.94390504,7.942157,8.14082,7.990602,8.034942,-2.302059,-2.400582,0.197039,1.215048,-0.962202,-1.343126,824.934937,811.12384,835.332275,847.985413,836.494019,37.965885,266.218475,22.014786,81.525856,83.065948,86.003456,48.950588,49.609032,49.663887,36.505836,37.06929,36.758629,31.23344,30.581553,29.222582,24.760815,24.336468,84.260437,64.765404,54.351559,47.272385,86.574837,94.789566,70.475876,71.200119,59.882374,54.917545,88.744644,87.152351,66.112328,54.685097,49.265171,21.199944,55.678814,44.583015,40.005341,84.705032,103.429848,70.18737,71.235924,59.291733,54.085266,82.505745,81.477051,64.549385,54.413227,47.75124,81.954773,54.676544,43.625507,39.440636,86.674782,64.08638,52.270096,47.240273,835.14447,851.880737,886.51178,870.477966,831.1740968,266.218475,83.53175333,49.40783567,36.77791833,28.0269716,861.0037383
43082.48847,40,-84.59449,30.18020964,7.807516,7.935574,7.853497,7.85843,-2.446553,-2.61404,0.009852,1.448206,-1.238054,-1.096832,829.34082,815.978027,839.438354,853.149902,839.536255,38.872463,274.12207,22.010855,83.692719,85.325294,87.940453,49.756893,50.298992,50.245064,36.855576,37.532154,37.145233,31.580093,30.878187,29.499384,24.878468,24.489935,84.801125,65.767128,55.449387,47.83691,87.060013,98.370628,71.559303,72.380806,60.706245,55.695007,88.91349,87.549965,66.997696,55.728069,49.780594,21.177958,56.205944,45.108154,40.461769,85.288559,104.28775,71.228989,72.13868,60.23431,54.650215,83.003029,81.874405,65.367683,55.293045,48.480053,82.48291,55.387077,44.276619,40.052879,86.797363,64.977829,53.18998,47.924381,839.259033,855.227539,890.565002,874.419983,835.4886716,274.12207,85.652822,50.10031633,37.17765433,28.2652134,864.8678893
43082.48918,41,-84.930641,30.28821495,7.789454,7.929006,7.846108,7.86664,-2.536862,-2.705991,-0.013136,1.487613,-1.298808,-1.128029,833.850098,820.88562,843.759827,857.713135,844.537231,39.664322,284.090942,22.054335,85.696289,87.3451,89.823112,50.351116,51.070507,50.905407,37.272243,38.006676,37.584129,31.917925,31.238026,29.861301,25.08629,24.629768,85.210602,66.804199,56.598049,48.357143,87.3321,100.629921,72.726761,73.525589,61.76627,56.308475,89.029648,87.739822,67.998886,56.816998,50.486492,21.178188,56.972767,45.801514,40.973019,85.727875,105.472099,72.281227,73.206062,61.119091,55.280449,83.475052,82.349472,66.401497,56.304878,49.185459,82.94593,55.942623,44.929882,40.529522,87.091614,65.910721,53.90044,48.610863,842.754028,859.279175,895.307007,879.839478,840.1491822,284.090942,87.62150033,50.77567667,37.621016,28.546662,869.294922
43082.48988,42,-85.289299,30.40345177,7.797664,7.92408,7.843645,7.856788,-2.67643,-2.82093,-0.039408,1.589414,-1.359561,-1.090264,838.347595,824.722839,847.455078,861.597595,848.728577,40.314419,294.367157,22.078386,87.522171,88.852501,91.596939,51.083138,51.778061,51.386219,37.673714,38.439083,37.99551,32.198147,31.475559,30.073895,25.219589,24.734053,85.615631,67.727951,57.742668,48.880344,87.661591,102.752052,73.955872,74.550606,62.756145,56.805309,89.034805,88.0355,69.008606,57.89814,51.201534,21.182354,57.703796,46.485905,41.478363,86.083443,106.707809,73.291763,74.253242,62.018143,55.759335,83.939056,82.870697,67.422966,56.873867,49.752602,83.328827,56.669312,45.626057,40.965519,87.287727,66.806885,55.123417,49.249588,848.301575,862.47467,898.610291,882.598145,844.1703368,294.367157,89.32387033,51.415806,38.03610233,28.7402486,872.9961703
43082.49059,43,-85.758987,30.55436252,7.809158,7.910945,7.853497,7.84201,-2.903023,-3.004832,-0.111655,1.763462,-1.438376,-0.991746,842.676941,830.154419,853.803589,867.887451,853.014587,41.078014,303.45816,22.112612,89.186615,90.833748,93.161446,51.83577,52.372856,52.182205,38.070248,38.9394,38.365051,32.655552,31.806089,30.416109,25.398756,24.888618,85.954613,68.703026,58.693527,49.450771,87.832848,105.244019,74.956711,75.705154,63.589458,57.479774,89.028526,88.29892,69.870651,59.09639,51.772877,21.168699,58.587975,47.393131,42.039581,86.44957,107.859314,73.904854,75.221855,63.089317,56.313644,84.336365,83.330391,68.488991,58.174236,50.388119,83.659576,57.573025,46.453777,41.379993,87.281898,67.814384,55.894722,49.898418,851.122009,867.333984,901.457886,886.444946,849.5073974,303.45816,91.060603,52.130277,38.458233,29.0330248,876.5897063
43082.49129,44,-86.269722,30.71846168,7.804232,7.905198,7.848571,7.848578,-3.100061,-3.178882,-0.236447,1.894818,-1.597648,-0.957265,847.791443,834.109314,855.669006,872.565918,858.034241,41.760254,313.685791,22.125793,90.851242,92.318352,94.59565,52.496117,53.061592,52.658344,38.492836,39.353924,38.767265,32.946796,32.144535,30.674017,25.564753,25.038317,86.317818,69.563095,59.799545,49.891647,87.966682,107.668022,76.137886,76.695473,64.654709,57.966888,89.039062,88.467743,70.885674,60.098076,52.579937,21.173328,59.516693,48.164394,42.758488,86.757919,109.221291,74.734306,76.100296,63.863144,57.01907,84.727875,83.766617,69.361412,58.876331,50.936985,83.694511,58.536541,47.340221,41.948978,87.552658,68.672798,57.171898,50.455582,856.191223,869.171631,905.249084,890.964783,853.6339844,313.685791,92.58841467,52.73868433,38.87134167,29.2736836,880.3941803
43082.492,45,-86.767441,30.87837879,7.779603,7.899451,7.840361,7.845294,-3.237987,-3.326661,-0.256151,2.003187,-1.704377,-0.906364,852.085022,838.87085,861.190918,877.757507,863.022583,42.475925,322.707825,22.182217,92.40007,93.89473,95.866798,53.127136,53.666279,53.388847,38.874512,39.831318,39.142242,33.20752,32.515167,30.904106,25.715971,25.210135,86.631081,70.578606,60.761444,50.203541,88.070694,110.800583,77.034691,77.78093,65.499863,58.678707,89.107681,88.568184,71.68351,61.281963,53.152817,21.168005,60.131294,48.940876,43.415276,87.045448,110.545578,75.873413,76.915428,64.885513,57.614147,85.100609,84.13726,70.332413,60.23027,51.484528,83.340469,59.395462,48.164848,42.697441,87.632233,69.540489,57.688969,51.048405,860.26825,874.536316,911.334045,894.895569,858.585376,322.707825,94.053866,53.39408733,39.28269067,29.5105798,885.258545
43082.4927,46,-84.351036,30.10198787,7.670412,7.823921,7.73938,7.729535,-3.487568,-3.490859,-0.456474,2.262617,-1.993366,-0.717538,856.462646,843.859253,867.338623,882.536072,868.375366,43.125153,332.716217,22.215054,93.687187,94.820793,97.062592,53.804077,54.329948,53.920925,39.290653,40.248016,39.538033,33.499302,32.901924,31.196522,25.824303,25.357252,86.922188,71.378036,61.780174,50.553051,88.174042,113.753975,77.982773,78.724365,66.462196,59.163528,89.222496,88.635452,72.570122,62.178276,53.888958,21.156664,60.921875,49.663662,44.115005,87.662491,112.021553,76.813393,77.850975,65.831421,58.298454,85.449402,84.537941,71.187141,61.332664,51.904297,83.537079,60.214111,49.126518,43.413006,87.772774,70.323013,58.674213,51.551716,864.773621,877.678589,914.855652,900.032654,863.714392,332.716217,95.19019067,54.01831667,39.692234,29.7558606,889.335129
43082.4934,47,-84.628258,30.1910593,7.662202,7.822278,7.732812,7.722147,-3.561457,-3.595946,-0.463042,2.303666,-2.042625,-0.715896,859.147644,847.319519,869.490601,884.257874,871.832275,43.833893,342.338806,22.224533,94.600822,96.466644,97.842506,54.477825,54.941845,54.523285,39.682522,40.698212,39.901611,33.822109,33.208664,31.487709,26.047842,25.511728,87.200768,72.170456,62.603226,51.144253,88.283897,116.638969,78.777176,79.572304,67.239113,59.547676,89.230347,88.683434,73.2799,63.098961,54.725376,21.153654,61.579872,50.410007,44.666397,89.535355,113.427315,77.739311,78.635521,66.744179,58.846237,85.787025,84.821953,72.034851,62.171993,52.358437,83.8759,60.965626,49.92144,44.117729,87.836662,71.126488,59.728386,52.084843,867.066711,879.873779,916.949402,900.854736,866.4095826,342.338806,96.303324,54.64765167,40.094115,30.0156104,891.186157
43082.49411,48,-85.041656,30.32388407,7.664665,7.810785,7.751695,7.71722,-3.628778,-3.618933,-0.464684,2.375912,-2.068897,-0.676489,862.277527,850.492676,871.515686,887.429199,874.154541,44.488522,353.226746,22.236326,95.56131,97.633278,98.878616,54.950619,55.400574,55.062443,40.100643,41.116646,40.281673,34.163803,33.382141,31.824654,26.207979,25.680244,87.479813,72.786507,63.46841,51.575615,88.322014,119.163727,79.579468,80.335937,68.007843,59.994606,90.586044,88.688812,73.951172,63.770798,55.579174,21.166384,62.383022,51.191837,45.298626,90.603767,114.902313,78.59166,79.428848,67.571205,59.39344,85.999199,85.08448,72.71669,62.877449,52.793747,84.260887,61.627647,50.558239,44.737995,88.093788,71.72155,60.090893,52.511211,870.324097,881.774902,920.84613,903.365967,869.1739258,353.226746,97.35773467,55.13787867,40.499654,30.2517642,894.077774
43082.49481,49,-85.478676,30.4642986,7.630183,7.802575,7.723782,7.713936,-3.681322,-3.678045,-0.472894,2.423529,-2.078748,-0.699477,864.365234,852.843872,875.746948,890.461426,876.424377,45.178818,363.264648,22.277254,96.308121,98.187904,99.452248,55.456135,55.892246,55.624386,40.45813,41.542427,40.651382,34.489613,33.561306,32.049683,26.365328,25.827068,87.763588,73.403419,64.133446,51.91782,88.535225,121.739616,80.247978,81.033836,68.801079,60.01503,91.306534,88.696884,74.521294,64.422325,56.253162,21.150415,62.979908,52.005505,45.860596,91.756065,116.196808,79.36216,80.135178,68.241592,59.711327,85.924141,85.019966,73.307648,63.191101,53.30732,84.614319,62.483932,51.284744,45.34528,88.381645,72.337395,60.496208,52.910442,873.371094,886.080627,922.346863,906.645142,871.9683714,363.264648,97.98275767,55.657589,40.88397967,30.4585996,897.1109315
43082.49552,50,-85.83712,30.57946666,7.61869,7.797649,7.731991,7.713936,-3.77984,-3.69118,-0.479462,2.430096,-2.0886,-0.745452,868.539978,856.842346,880.184326,893.858826,880.126404,45.752613,373.85672,22.296907,96.894814,98.927689,100.141342,56.027176,56.440228,56.133991,40.83551,41.913551,41.027336,34.726875,34.121269,32.34911,26.532557,26.006594,88.290176,73.86145,64.692581,52.180851,90.626656,123.967888,80.760757,81.660614,69.424309,60.756958,92.746262,88.891068,75.091187,65.029808,56.925117,21.15435,63.643253,52.677269,46.472782,92.795433,117.598221,80.016335,80.843803,68.62265,59.896294,86.026535,85.085152,73.741737,63.965126,53.75927,84.954781,63.006588,52.062077,45.866936,88.628944,72.878922,60.811707,53.233898,876.108093,889.044983,925.000488,909.330505,875.910376,373.85672,98.654615,56.200465,41.258799,30.747281,899.8710173
43082.49622,51,-86.181213,30.69002374,7.612122,7.789439,7.728707,7.715579,-3.77984,-3.7076,-0.479462,2.485923,-2.0886,-0.7356,870.749695,858.506226,879.835754,896.203613,883.610657,46.347652,381.894073,22.308699,97.41394,99.796089,100.710121,56.56163,56.925793,56.638737,41.190723,42.359703,41.377495,35.002705,34.463551,32.655094,26.716801,26.078718,88.74913,74.363998,65.27179,52.929363,93.392075,126.392609,81.28051,82.241112,69.951904,60.712753,94.080956,90.155991,75.586563,65.569534,57.349213,21.149952,64.156082,53.362949,46.976574,94.043884,118.804871,80.612808,81.399155,68.921745,60.160473,86.181137,85.16983,74.330208,64.65493,54.253422,85.23143,63.5518,52.721878,46.458527,88.867294,73.337631,61.157005,53.580261,878.273254,891.061157,927.462097,912.445312,877.781189,381.894073,99.30671667,56.70872,41.64264033,30.9833738,902.310455
43082.49693,52,-86.558861,30.81136204,7.61869,7.784513,7.718856,7.702443,-3.783124,-3.750292,-0.492597,2.4498,-2.150995,-0.722464,875.617859,863.429871,887.438477,900.330811,885.581787,46.900803,390.943817,22.340145,98.20343,100.62001,101.26667,57.000187,57.43708,57.216175,41.583996,42.734886,41.7757,35.345161,34.636593,32.913601,26.919893,26.293222,89.242683,74.799637,65.755257,53.961899,96.16423,128.618408,81.666435,82.727173,70.507881,61.161266,96.242241,92.62188,76.15332,65.954178,57.696159,21.143703,64.789154,53.92408,47.536476,94.936745,120.184509,81.093376,81.967087,69.266273,60.381084,86.362854,85.332909,74.779053,65.209282,54.642788,85.559624,64.115517,53.305744,46.961197,89.639641,73.777092,61.626305,54.162704,881.638916,894.932983,931.609924,915.389954,882.479761,390.943817,100.0300367,57.217814,42.03152733,31.221694,905.8929443
43082.49763,53,-86.936287,30.93262901,7.60227,7.779588,7.694226,7.694233,-3.848803,-3.779848,-0.486029,2.492491,-2.147712,-0.814414,877.879944,865.965698,888.656677,902.714111,888.333435,47.484703,399.755768,22.368351,98.752571,101.14521,102.074265,57.636616,57.908249,57.629875,41.988487,43.121975,42.15992,35.709663,34.885021,33.156708,27.118805,26.486031,91.008987,75.159653,66.022949,55.05727,99.091125,130.9561,82.119545,83.189995,70.87471,61.313595,98.413162,95.302162,76.69413,66.36364,58.028893,21.145554,65.263054,54.465221,48.023148,95.714386,121.574837,81.527199,82.469925,69.762764,60.644764,86.61248,85.478752,75.196571,65.725456,55.048046,86.033257,64.506363,53.850456,47.477013,93.358612,74.181641,60.460976,54.584274,883.9646,897.667725,934.185547,917.367798,884.709973,399.755768,100.6573487,57.72491333,42.42346067,31.4712456,908.2964175
43082.49834,55,-85.323517,30.41444601,7.496363,7.699131,7.595708,7.576832,-3.940754,-3.967033,-0.584549,2.669822,-2.325045,-0.597675,882.131287,870.209045,893.087463,906.965698,891.733948,48.026089,408.651367,22.424995,99.35791,101.134842,102.889175,58.256676,58.341133,58.075619,42.404648,43.492615,42.507473,35.872231,35.216324,33.444382,27.245176,26.671894,92.141907,75.583878,66.369019,55.707378,102.182251,133.551071,82.700981,83.754974,71.349388,61.645817,101.106674,98.389084,77.254417,66.70118,58.425587,21.168005,65.644585,55.011372,48.544895,96.494072,122.930481,82.01992,82.996979,70.325249,60.800713,87.044556,85.707268,75.629974,66.163399,55.732571,86.715118,64.981636,54.307667,47.948112,95.43499,74.626457,61.519306,54.958496,887.850525,900.172791,937.072205,921.884705,888.8254882,408.651367,101.127309,58.224476,42.80157867,31.6900014,911.7450565
43082.49904,56,-85.533638,30.48195789,7.515246,7.700773,7.603918,7.573548,-3.934186,-3.973601,-0.582907,2.622205,-2.331613,-0.630514,885.129578,872.916626,895.519897,910.338562,894.749817,48.629387,417.955963,22.438635,100.24337,101.17157,103.685242,58.775051,58.787628,58.571804,42.830421,43.890121,42.871494,36.080658,35.652348,33.673416,27.46773,26.877989,93.463493,76.085747,66.793449,56.233376,104.848228,136.050201,83.247993,84.491577,71.77951,62.061878,104.10878,102.249893,77.869095,67.136322,58.720028,21.172865,66.09037,55.5812,48.980629,97.155258,124.358871,82.568436,83.540443,70.85009,61.003544,87.478241,86.031013,76.086868,66.658623,56.385818,87.292206,65.33094,54.82214,48.478249,98.094963,75.325897,62.702557,55.517544,890.566833,903.177063,940.778259,924.062439,891.730896,417.955963,101.7000607,58.71149433,43.19734533,31.9504282,914.6461485
43082.49975,57,-85.766708,30.55684328,7.532486,7.700773,7.607202,7.5834,-3.917766,-4.006441,-0.577981,2.722365,-2.390725,-0.586181,889.080688,877.493652,900.355225,915.304871,898.899231,49.206913,427.202057,22.451813,101.183289,102.181801,104.849358,59.265465,59.311939,59.084717,43.273285,44.255993,43.246742,36.308216,35.855106,33.916805,27.600964,27.048361,95.279236,76.596352,67.177528,56.702354,107.919685,139.351379,83.959213,85.178566,72.262878,62.582371,107.317604,106.195129,78.643799,67.593376,59.182163,21.171476,66.60733,56.072151,49.442867,97.778839,125.969856,83.099083,84.129417,71.330818,61.168221,88.162163,86.521507,76.51133,67.1847,56.943546,88.140862,65.863007,55.402824,48.920776,101.826294,76.027802,64.204712,56.10498,894.042175,907.962158,943.594788,927.524475,896.2267334,427.202057,102.7381493,59.220707,43.59200667,32.1458904,918.280899
43082.50045,58,-86.063797,30.65229798,7.518529,7.701594,7.59735,7.544814,-3.986729,-4.042564,-0.577981,2.615638,-2.398935,-0.673205,891.684021,880.916199,902.526184,918.201111,901.311707,49.76321,436.623138,22.467072,102.273338,103.042542,106.391685,59.80381,59.914024,59.594143,43.684238,44.606125,43.621655,36.585922,36.043907,34.078274,27.856108,27.155405,97.022781,77.194008,67.609947,57.172573,112.24617,143.338287,84.754982,85.959541,72.845581,63.271137,110.375061,110.283585,79.464432,68.091354,59.619961,21.181429,66.878555,56.570171,49.860046,98.445122,127.625336,83.705254,84.704803,71.811066,61.402206,89.551727,87.517021,77.029991,67.775871,57.520897,89.21196,66.07357,55.906418,49.391617,105.846794,76.821671,65.35379,56.700783,897.727539,909.892944,945.954224,929.974243,898.9278444,436.623138,103.9025217,59.770659,43.97067267,32.3439232,920.8872375
43082.50116,59,-86.356903,30.74647293,7.515246,7.690922,7.576005,7.574369,-3.999865,-4.068836,-0.581265,2.673106,-2.45312,-0.679773,894.953186,884.625793,906.168701,921.151428,905.075928,50.276653,445.951141,22.479324,103.91539,104.540314,108.131805,60.32655,60.446613,60.111095,44.096191,44.937134,43.993954,36.812008,36.231762,34.291393,28.013212,27.348289,98.412491,77.802414,68.060463,57.635269,118.348953,147.724609,85.59771,86.88633,73.353745,63.792538,114.007637,114.104073,80.346909,68.541832,60.063736,21.180735,67.314133,57.011875,50.308697,99.301392,129.592361,84.374664,85.394295,72.397812,61.587498,92.028328,89.238869,77.561867,68.354881,58.047985,90.09565,66.411125,56.438652,49.821674,108.65136,77.75386,65.654892,57.246063,899.998718,913.021301,949.690918,933.912781,902.3950072,445.951141,105.5291697,60.29475267,44.34242633,32.5393328,924.1559295
43082.50186,60,-84.052628,30.00610938,7.328062,7.347751,7.421659,7.369944,-4.160779,-4.213331,-0.798008,2.884919,-2.540145,-0.507367,898.123169,887.411377,909.065979,924.427979,906.930237,50.814732,455.68045,22.515156,106.06794,106.257027,110.503906,60.911331,61.063675,60.668999,44.524551,45.289341,44.374077,37.099167,36.493286,34.492584,28.240204,27.448399,99.827843,78.43412,68.625565,58.129532,128.190781,152.570969,86.545258,87.852127,74.01181,64.293236,118.301407,118.015053,81.372292,69.067932,60.523136,21.194159,68.015007,57.521568,50.796009,100.404427,131.998734,85.072159,86.230431,72.989235,62.108528,95.161247,91.831474,78.141869,68.963837,58.614025,90.673325,66.997025,56.948269,50.304184,112.264534,78.796867,66.504082,57.748508,903.710022,914.942078,952.885254,935.153931,905.1917482,455.68045,107.6096243,60.881335,44.729323,32.754728,926.6728213
43082.50257,61,-84.265625,30.07454531,7.337914,7.347751,7.429869,7.383901,-4.141076,-4.22975,-0.801292,2.873425,-2.564775,-0.486021,900.95575,889.752197,910.225403,926.895325,910.948303,51.308876,464.414581,22.548214,108.303238,108.38195,112.933586,61.515717,61.696285,61.197838,44.902473,45.621304,44.713978,37.334492,36.557175,34.663567,28.37219,27.682873,101.166618,79.198563,69.217468,58.62952,137.140091,157.807526,87.677505,89.014618,74.640327,64.981415,122.232002,121.650505,82.44619,69.657333,61.009827,21.199713,68.603394,58.004181,51.260616,101.435013,134.566483,85.844826,87.009369,73.693184,62.524967,96.950813,93.736603,78.838264,69.582123,59.13636,91.078773,67.115051,57.169651,50.607418,115.69706,79.812218,67.309204,58.27689,905.1745,917.191284,954.756409,936.821777,907.7553956,464.414581,109.8729247,61.46994667,45.07925167,32.9220594,928.4859925
43082.50328,62,-84.572418,30.1731179,7.324778,7.346109,7.424943,7.387185,-4.298705,-4.26259,-0.827564,2.952239,-2.574626,-0.502441,904.25116,894.095154,916.19812,931.328186,914.858704,51.791588,472.964722,22.568556,111.083038,111.084854,116.028694,62.182312,62.465321,61.808884,45.285492,45.941406,45.085503,37.430252,36.898232,34.891193,28.58876,27.854498,102.56646,79.943367,69.892365,59.13052,146.109283,163.588669,89.043999,90.376953,75.467087,65.656013,126.765625,125.948608,83.66114,70.400452,61.602749,21.217997,69.234032,58.587299,51.75687,102.808434,137.454391,86.712654,87.987976,74.503174,63.046497,98.305595,95.080116,79.607887,70.246689,59.696735,91.995552,67.346153,57.682678,50.911274,119.385864,80.945869,68.107704,58.873413,909.234192,920.221558,958.654358,941.982361,912.1462648,472.964722,112.7321953,62.15217233,45.437467,33.132587,932.5231173
43082.50398,63,-84.940575,30.29140675,7.33463,7.344467,7.418375,7.357629,-4.338113,-4.315134,-0.883391,2.975227,-2.59433,-0.47617,907.588867,896.780518,916.347656,933.723328,917.371277,52.27145,481.172424,22.596064,114.196198,114.571808,120.055168,62.979908,63.231457,62.586407,45.635792,46.306015,45.404381,37.697189,37.104637,35.037891,28.794024,27.991592,104.163391,80.854996,70.681114,59.734447,154.37825,169.722794,90.579094,91.96817,76.239021,66.338783,132.011108,129.747604,85.026237,71.175049,62.263046,21.203184,69.99913,59.108742,52.263561,104.659729,140.774994,87.727722,89.023369,75.26638,63.725967,99.592751,96.163551,80.497536,71.02108,60.320267,93.276871,67.975151,58.302723,51.487682,123.032669,82.140366,68.902718,59.49559,911.660767,923.045776,960.922119,944.064697,914.3623292,481.172424,116.2743913,62.93259067,45.78206267,33.3250666,934.9233398
43082.50469,64,-85.410034,30.44224392,7.311642,7.339541,7.421659,7.372407,-4.420212,-4.397233,-0.919515,3.067176,-2.669861,-0.466318,911.1651,900.597534,918.965881,938.104065,920.397644,52.497242,489.418732,22.625883,118.323929,119.243614,125.705063,64.013313,64.217262,63.47715,46.005013,46.70536,45.781364,37.83075,37.285015,35.244423,28.980175,28.250551,106.213882,82.159393,71.662476,60.47242,165.163742,176.853348,92.612679,94.206528,77.36451,67.153564,138.930008,135.157761,86.678818,72.202461,62.98103,21.236511,70.937599,59.824463,52.875523,107.610596,144.82373,89.189537,90.430122,76.431221,64.866013,101.094055,97.307762,81.738075,72.093925,61.111687,94.704849,68.30294,59.026108,52.167557,127.015038,83.614113,69.737022,60.207603,915.941284,925.860291,964.198486,947.446533,917.8460448,489.418732,121.0908687,63.902575,46.16391233,33.5181828,938.3616485
43082.5054,65,-85.908188,30.6023008,7.347765,7.326406,7.409345,7.388826,-4.476039,-4.528591,-1.018034,3.142706,-2.725688,-0.515577,912.723572,902.458862,922.773804,939.854553,923.048096,52.682903,497.814148,22.654545,123.838036,124.702232,133.309921,65.355354,65.413383,64.601151,46.396755,47.059807,46.174305,37.996422,37.42136,35.463478,29.096214,28.363913,108.989357,83.862244,73.032425,61.347919,174.408768,184.089081,95.101692,96.861076,78.689224,68.239799,145.933334,140.120056,88.778282,73.47435,63.90797,21.246695,72.082291,60.667652,53.563599,111.62542,149.338287,91.211166,92.330025,77.70575,65.838585,102.688683,98.703728,83.152824,73.360229,62.034294,96.423248,69.191948,59.845116,52.909767,130.607162,85.271751,70.700142,60.972359,917.207458,928.253052,965.771057,948.98822,920.1717774,497.814148,127.2833963,65.123296,46.54362233,33.6682774,940.0549468
43082.5061,66,-86.555328,30.81022689,7.337914,7.300134,7.431511,7.370765,-4.679644,-4.686221,-1.060726,3.195249,-2.794652,-0.456466,914.776733,905.704895,924.207642,942.161804,925.078003,52.725933,506.23349,22.685749,131.165543,132.168854,142.829163,67.053688,66.94059,65.900642,46.804443,47.440159,46.594055,37.987534,37.651375,35.667873,29.341351,28.545082,113.161491,86.165222,74.930534,62.439529,182.999374,191.443878,98.127823,100.095619,80.369514,69.632484,153.14061,146.498169,91.360168,75.167709,65.149681,21.279093,73.568108,61.695389,54.420204,117.706459,154.497803,93.738174,94.929558,79.57029,67.133186,104.532867,100.600861,84.931709,75.074402,63.154335,98.550903,70.19297,60.864437,53.766926,135.029617,87.107529,71.972412,61.895462,919.089844,930.095764,967.513184,951.416016,922.3858154,506.23349,135.3878533,66.63164,46.946219,33.838643,942.028702
43082.50681,67,-87.481232,31.10771984,7.308358,7.231172,7.410166,7.342851,-4.886533,-4.902962,-1.257765,3.389,-2.994973,-0.361232,917.637756,908.016052,925.545288,944.300781,926.315674,53.104164,515.847046,22.703085,139.384537,141.297897,151.678329,69.423195,69.031441,67.757736,47.254971,47.897484,47.003944,38.159565,37.822086,35.769943,29.481699,28.719324,118.292313,89.115082,77.437683,63.945175,192.003342,198.809845,102.142799,104.296547,82.891518,71.593323,160.929047,155.323257,94.626656,77.503242,66.752464,21.281408,75.523689,63.072281,55.491901,125.521858,160.545944,97.293594,98.376709,82.087082,68.69429,107.114845,103.385635,87.416824,77.517784,64.701317,101.440201,71.523949,62.174015,54.807735,140.276627,89.422989,73.631424,63.001881,920.590637,931.395508,969.06488,952.584717,924.3631102,515.847046,144.1202543,68.73745733,47.38546633,33.9905234,943.4089355
43082.50751,68,-83.012619,29.67195448,7.21805,7.047272,7.277166,7.198358,-5.260904,-5.379137,-1.687966,3.81591,-3.484282,0.052543,919.508911,910.044373,928.019165,946.417847,928.68927,53.531174,526.080688,22.720881,148.430878,150.358017,158.515335,72.346344,72.272499,70.027557,47.850697,48.370701,47.598194,38.325642,37.885216,36.014233,29.734554,28.860445,124.85247,92.606613,80.987503,65.772057,199.873154,205.942322,107.52491,109.366127,86.926895,74.056335,171.049759,164.298615,99.119492,80.449417,68.959129,21.312649,78.278374,64.71566,56.958832,131.784607,167.975815,101.384758,102.922325,85.153473,70.803543,110.990166,107.882149,90.44471,80.815147,66.56321,105.54911,73.458687,63.870316,56.057533,146.361221,92.194885,76.031601,64.450333,923.270691,933.970276,971.776306,954.277405,926.5359132,526.080688,152.4347433,71.5488,47.939864,34.164018,945.8236695
43082.50822,69,-85.182472,30.36912825,7.167149,7.017717,7.237759,7.185222,-5.622139,-5.750224,-1.930981,4.083549,-3.776555,0.249579,923.444885,913.533569,931.318359,950.558777,931.899841,53.987114,535.879333,22.766876,156.122055,157.885925,165.167923,75.653687,75.812103,72.918526,48.509426,48.932522,48.052303,38.368698,38.033562,35.993687,29.887936,29.118502,133.915939,96.738739,84.78141,68.004929,207.193542,213.695084,113.198006,115.052605,90.979591,76.703529,181.933701,176.224899,104.122093,84.114639,71.587502,21.353842,81.602188,66.840034,58.710373,138.572205,176.137558,106.554596,108.233582,89.038841,73.202484,115.929649,113.4627,94.033775,84.454399,68.83242,110.150681,75.674721,65.830971,57.552128,153.243896,95.550072,78.848785,66.20752,926.593323,936.831177,975.763489,958.21759,930.1510862,535.879333,159.725301,74.794772,48.49808367,34.280477,949.3513948
43082.50893,70,-86.776047,30.8811439,7.144161,6.988162,7.220518,7.175371,-5.883213,-6.114743,-2.098464,4.413583,-4.177197,0.446614,924.929565,915.488037,931.803223,951.412231,932.861572,54.595978,546.086792,22.813099,167.77182,169.407959,182.061401,80.203888,79.898163,76.403481,49.256363,49.634766,48.577427,38.606258,38.196472,36.323051,30.157221,29.302069,141.975113,102.197357,89.484215,70.86039,210.902786,220.465958,119.672676,121.812325,96.059685,80.21978,191.892197,189.949036,109.789597,88.55204,74.603188,21.384619,85.313194,69.3144,60.80722,151.145813,184.963257,112.891182,114.585648,93.77816,76.140343,121.857002,119.60598,98.400787,88.777832,71.489708,117.499321,78.412193,68.206665,59.411625,161.832626,99.621346,82.074547,68.441078,928.040283,937.74408,975.675232,959.159668,931.2989256,546.086792,173.0803933,78.83517733,49.15618533,34.5170142,950.1548158
43082.50963,71,-83.957504,29.97554604,6.976681,6.901137,7.078488,7.014458,-6.361028,-6.705855,-2.469553,4.840493,-4.797864,0.932636,927.490234,917.816589,935.787903,954.190552,934.651245,55.23748,558.848511,22.829969,184.232407,190.670502,199.285294,86.044678,85.630867,80.931541,50.166759,50.41452,49.289104,38.769768,38.472111,36.447193,30.370899,29.500992,150.721222,108.679863,95.42308,74.45417,216.111359,227.831177,127.425232,129.713028,103.055847,84.566612,205.352768,209.261551,116.897148,94.268982,78.517586,21.399197,90.103722,72.362679,63.387932,163.684647,194.591522,120.262161,122.117561,99.870178,79.839973,129.111847,126.643333,104.156174,94.449387,75.015114,123.717552,81.89254,71.105675,61.671165,172.539536,104.368996,86.118622,71.121117,929.680725,939.696777,978.295959,961.177429,933.9873046,558.848511,191.3960677,84.202362,49.95679433,34.7121926,952.2127225
43082.51034,72,-86.483818,30.78725072,6.927422,6.87815,7.040723,6.961093,-6.727188,-7.134411,-2.666591,5.250983,-5.285531,1.077129,929.305115,920.367737,936.999146,956.383423,935.585266,55.987598,571.642273,22.858858,199.8862,211.456284,214.376068,93.60746,93.011887,87.047913,51.307972,51.446423,50.023903,38.905251,38.606487,36.712772,30.572605,29.69207,164.35672,116.185898,101.994011,78.9562,223.319794,237.510605,136.038254,139.193268,110.969101,92.432396,221.999619,233.112686,124.742645,101.653862,83.295013,21.433907,95.039894,76.105667,66.341248,177.325302,205.002014,129.179596,130.557449,107.295906,84.126732,139.984436,135.575104,111.263359,100.73378,79.413857,131.068375,85.99382,74.324173,64.450562,184.873291,110.391594,90.885353,74.47789,931.524292,941.279602,978.121643,961.021179,935.7281374,571.642273,208.5728507,91.22242,50.92609933,34.897837,952.986679
43082.51105,73,-83.415642,29.80144577,6.534992,6.403623,6.643367,6.454546,-7.388904,-8.150794,-3.369362,5.950459,-6.416852,1.967075,930.846191,921.687927,938.614685,958.145325,937.896851,56.766422,584.272766,22.890982,212.621597,227.581146,228.265335,100.777939,100.385956,93.777031,52.718048,52.740353,50.980064,39.019314,38.74062,36.879982,30.858688,29.870716,174.946487,123.764557,108.620369,83.546486,232.885529,246.857803,144.821884,148.353668,119.252487,96.750656,236.60939,259.172028,132.879547,108.824196,87.973183,21.462366,100.188187,79.926811,69.474678,189.586212,215.057846,138.22345,139.571671,115.179527,88.05545,151.851929,146.833527,118.575531,107.379997,84.009827,139.715073,90.111351,77.851868,67.261955,196.990219,117.090347,96.483505,78.562347,933.232849,942.911072,981.713013,963.893555,937.4381958,584.272766,222.8226927,98.313642,52.146155,35.073864,955.4376223
43082.51176,74,-84.656731,30.20020767,6.487375,6.397056,6.618738,6.452904,-7.651619,-8.275584,-3.39235,6.246012,-6.630309,1.970359,933.595886,924.56189,941.616821,960.957825,940.538452,57.533928,597.405579,22.951296,224.330551,238.555557,241.544525,107.609467,107.868355,100.69796,54.446316,54.315319,52.133297,39.328888,38.850147,37.181034,31.100204,30.053692,186.990097,131.026443,115.295784,88.308113,241.882355,256.178741,153.627914,157.189392,127.674278,107.866997,248.992004,271.353943,140.980453,115.831978,93.239143,21.765213,105.645325,83.821487,72.832596,200.749619,225.566437,147.100555,148.859924,123.156754,93.399261,165.804214,160.503922,125.971458,114.26133,88.718414,149.348007,94.566895,81.551376,70.211319,208.334702,124.410011,102.930222,83.044449,936.325989,945.318542,984.699097,965.725403,940.2541748,597.405579,234.810211,105.3919273,53.631644,35.302793,958.0172578
43082.51246,75,-86.891037,30.91809019,6.446326,6.370784,6.574404,6.462756,-7.85194,-8.505461,-3.398918,6.531713,-6.860185,2.07216,935.097595,926.280579,941.483032,962.55957,941.823547,58.261841,609.91925,22.982721,234.977676,246.988052,253.900726,114.23024,115.092789,108.175682,56.393688,56.18121,53.531624,39.600155,39.122894,37.5798,31.497797,30.295624,196.758713,138.490311,121.847198,93.288101,250.93129,265.624359,162.448166,166.198547,136.075714,114.538666,260.887421,276.88327,149.122559,123.081932,99.802391,21.596563,111.34787,88.233452,76.375732,212.386383,235.825348,156.190216,157.98822,131.597336,99.474762,177.566635,172.066254,133.73349,120.99971,93.769173,157.87294,99.386726,85.650581,73.395584,216.915955,132.304367,109.648804,87.92543,938.116028,946.549683,985.361877,967.247742,941.4488646,609.91925,245.288818,112.4995703,55.36884067,35.619254,959.3188325
43082.51317,76,-83.506355,29.83059186,6.16555,6.168823,6.278851,6.16556,-8.282137,-9.050596,-3.796278,6.998031,-7.63848,2.679688,937.80072,928.805298,944.887756,965.167114,946.242187,75.510712,622.761536,23.031015,245.559052,253.708679,266.813995,120.664833,122.410301,115.045113,58.863529,58.356407,55.336464,39.881821,39.549866,38.041538,31.931902,30.576275,207.359299,145.770111,128.96376,98.343849,261.348969,274.568146,172.120728,174.948578,145.097214,120.78511,272.343384,285.04184,158.152237,130.259674,105.518623,21.58569,117.539337,92.696648,80.485451,223.478561,246.927063,165.069824,168.069092,139.705414,106.223366,189.296783,184.686859,141.558487,128.779297,98.948174,167.573181,104.287521,90.480598,76.735527,226.784912,139.966705,117.249237,92.907028,939.576904,949.02948,987.591431,969.592224,944.580615,622.761536,255.3605753,119.3734157,57.5188,35.9962804,961.4475098
43082.51388,77,-85.974403,30.62357568,6.08181,6.129416,6.226308,6.139289,-8.462753,-9.165535,-3.760155,7.257461,-7.934035,2.68954,941.170715,931.83252,947.586426,968.771179,948.826111,73.710411,633.763184,23.074686,254.889542,258.988403,277.82254,126.246803,127.909637,121.693802,61.51033,60.898315,57.313484,40.253929,39.710506,38.507187,32.372475,30.89539,216.716034,153.005371,135.548233,103.503395,271.065491,283.943054,181.15773,183.910339,153.289993,127.36235,281.868164,290.904846,166.428055,137.197556,110.768875,21.570652,123.440323,97.467476,84.505684,234.426849,257.727478,174.056213,177.325058,147.992676,112.551987,199.958359,194.942123,149.446274,135.92453,104.291588,176.523743,109.476112,95.11158,80.290726,234.825119,147.976028,124.443565,98.165176,942.601929,950.66748,990.77478,972.764709,947.6373902,633.763184,263.9001617,125.283414,59.90737633,36.3478974,964.2022245
43082.51459,78,-86.553345,30.80958975,6.003817,6.076873,6.193469,6.118764,-8.528433,-9.497213,-3.549981,7.160585,-8.039122,2.134555,942.776245,934.571472,949.11969,971.26001,951.114685,78.826851,645.83313,23.102875,262.846405,263.687775,287.595123,130.064072,131.259277,127.4776,64.205162,63.745914,59.535553,40.802776,40.130211,39.206436,32.846291,31.269211,225.436935,160.216049,141.602951,108.609283,280.091949,293.399109,190.097717,193.154327,160.908371,133.73349,290.189575,297.996765,174.279755,143.891602,115.486534,21.58569,129.3284,102.293633,88.531418,246.557846,267.753479,182.800583,186.038315,156.143372,118.194962,210.564545,205.020401,157.216522,142.511017,109.485847,184.32399,114.57975,99.787079,83.973099,256.350037,156.238434,131.63652,103.522575,944.82373,952.938538,993.381226,974.631714,949.7684204,645.83313,271.3764343,129.6003163,62.495543,36.850985,966.443802
43082.5153,79,-84.959114,30.29736333,5.900373,5.947158,6.255042,6.16556,-8.544852,-9.273905,-2.909606,6.935636,-7.213209,0.853822,945.359741,936.706482,952.812134,973.204346,954.769836,88.248253,651.50415,23.133373,271.452209,268.04483,297.247223,132.921524,134.13031,131.8974,66.670265,66.332283,62.005585,41.510849,40.563625,39.85725,33.292431,31.578718,234.105057,167.133377,147.721375,113.559784,290.434479,303.607361,199.927628,202.85144,168.863297,141.618851,300.180115,309.820587,182.939484,150.430191,120.352577,21.610909,134.84729,107.078003,92.616493,255.212662,270.959045,191.510757,195.556381,164.294434,123.985458,224.729843,214.611389,164.661423,148.703415,114.312393,192.295288,120.295181,104.623383,87.690285,284.588104,164.670959,138.897095,108.895691,946.234375,955.031372,994.182495,976.842224,952.5705078,651.50415,278.914754,132.983078,65.002711,37.3605746,968.0726165
43082.51601,80,-84.5989,30.18162657,5.766553,5.72221,6.278851,6.293633,-8.535001,-9.231214,-2.64032,6.94713,-7.024382,0.35138,948.15509,939.854736,954.539795,976.668457,957.725586,49.571106,639.798645,23.152319,280.874512,274.059509,306.415253,137.087891,138.581879,135.205765,68.754738,68.778473,64.484619,42.472973,41.33955,40.852558,33.926643,32.066177,242.77977,174.878952,154.156998,118.973709,305.794037,315.904266,211.042389,214.832062,177.651657,150.003174,308.534821,321.383575,191.859573,158.091003,125.226303,21.624557,139.576035,112.016571,96.675095,266.25827,281.315338,202.146332,205.595108,173.430084,129.525284,237.191513,224.342575,173.194916,155.210617,119.589584,200.165085,126.644707,109.401657,91.861778,296.528503,174.016388,146.095428,114.824898,949.212769,959.493286,996.999268,980.22876,955.3887328,639.798645,287.1164247,136.9585117,67.33927667,38.1315802,971.4835208
43082.51672,81,-84.35788,30.10418684,5.6549,5.658174,6.252579,6.421707,-8.546494,-9.237782,-2.311922,7.052216,-6.896308,-0.141209,950.279968,942.011047,955.91626,979.091797,958.632629,47.604073,633.165039,23.172882,291.957031,280.458527,314.12854,142.546738,144.897339,139.197418,70.482819,70.665222,66.666237,43.569267,41.900379,41.85973,34.532818,32.52158,251.470093,182.384155,160.870529,124.082687,317.303223,328.840179,222.116531,226.294815,187.366241,157.800552,318.547333,332.437653,200.794998,165.801666,130.252121,21.639828,143.995178,116.365158,100.5495,276.47998,292.268646,213.244263,217.174057,182.732773,134.753143,248.805511,234.326584,181.340424,161.917404,124.462059,206.887329,131.334442,113.740364,95.715286,303.849884,182.221497,153.042419,120.371246,951.417908,959.728882,999.740601,981.087952,957.1863402,633.165039,295.5146993,142.2138317,69.271426,38.8767548,972.9938358
43082.51742,82,-39.719612,15.76191134,4.185345,4.870033,10.038961,18.449236,-6.617176,-8.764893,1.930984,1.19206,4.518746,-21.837988,951.75885,943.674805,958.955811,977.09436,956.218872,80.263199,629.232239,23.810593,305.384186,287.45285,278.867554,150.07164,152.760147,144.898727,72.099297,72.399605,68.510933,44.283871,42.953178,42.968151,35.161953,32.876282,259.64325,190.292999,168.037918,128.490738,324.562927,340.083496,233.198013,237.309402,198.470367,155.819748,323.493713,342.213318,209.466736,173.836624,136.254486,21.486662,145.977432,119.421829,102.728149,283.831726,2293.708252,227.10968,230.821915,193.553436,136.989044,256.408051,245.861679,190.670959,168.61972,128.62207,189.621872,134.285492,116.690102,100.55603,314.739929,192.977493,160.164749,125.846939,953.550903,963.837219,1000.911926,982.850525,957.5405396,629.232239,290.5681967,149.2435047,71.00327833,39.648687,975.2876433
43082.51813,83,-42.277931,16.58389923,3.72067,4.474322,9.869017,18.905712,-6.62046,-9.989805,-0.380942,1.008161,3.96868,-20.503086,801.13385,798.111328,795.728882,795.92981,784.872314,136.213348,630.542847,23.598141,322.688599,301.638397,205.339279,160.579376,163.760635,159.363266,73.697662,74.198196,70.650902,45.311989,43.906898,43.902363,35.795288,33.432255,272.168488,202.92334,176.623901,133.395264,339.873383,352.308868,250.146194,253.04277,214.76268,165.164673,334.21756,349.109131,222.08667,184.851852,143.821945,21.506792,153.010925,126.973427,107.390617,323.034454,2293.716309,249.708328,260.155426,211.52388,146.405563,271.452667,261.269867,205.950226,182.923874,137.157333,193.794098,144.584885,125.050224,106.625099,339.126373,233.729965,176.684006,136.516922,804.516235,789.625671,791.858948,799.420593,795.1552368,630.542847,276.555425,161.2344257,72.84892,40.4697586,796.3553618
43082.51884,84,-41.973785,16.48617712,3.448105,4.065475,9.759005,19.157761,-6.608966,-10.75168,-1.927697,1.044284,3.58938,-19.496572,724.119141,724.967773,713.556824,708.911194,695.168762,51.524208,631.961609,23.384954,332.04718,313.53656,202.150986,170.836792,173.568619,174.501221,75.612747,75.894669,72.943588,46.453098,45.142128,44.998974,36.714371,33.993656,284.155518,213.176254,186.461777,138.360779,355.457184,365.267487,262.756897,264.249573,227.882248,171.639801,340.369263,356.018707,231.295975,193.44603,148.051834,21.478102,153.972595,128.460983,110.647034,354.464081,2293.711426,268.927063,287.364655,227.41983,156.279236,290.07196,277.930939,218.508789,193.556686,142.960342,198.803101,146.37854,129.141373,111.104103,336.137421,243.095612,193.193237,145.524704,706.418091,710.513306,674.97583,696.919189,713.3447388,631.961609,282.578242,172.9688773,74.81700133,41.4604454,697.206604
43082.51955,85,-41.45731,16.3202337,3.300329,3.973525,9.723702,19.275164,-6.661509,-11.004544,-2.265946,0.885014,3.579528,-19.330736,703.89978,702.082031,689.090454,674.865845,659.986084,31.0986,625.467773,23.241266,331.412628,315.040985,185.167862,172.451538,174.249252,178.244553,76.901779,77.151718,74.595802,47.288666,46.219795,45.964951,37.359802,34.625164,289.943085,212.257736,187.280472,141.120285,362.936798,373.728271,264.554077,266.522034,230.758911,173.787735,344.502136,368.959869,228.296982,192.955826,149.010895,21.417015,146.637207,120.608803,109.279678,364.611298,2293.707764,275.638763,292.606995,233.537216,161.72789,305.110138,289.927551,217.339386,192.941849,145.044586,199.162827,139.039307,123.409981,110.261848,301.172577,223.663696,193.732117,147.629639,681.361877,716.393677,652.478882,657.157288,685.9848388,625.467773,277.2071583,174.981781,76.216433,42.2916756,676.847931
43082.52026,86,-40.857403,16.12748358,3.206737,3.889785,9.694968,19.303898,-6.627028,-11.172026,-2.476121,0.67977,3.554899,-19.243713,684.393555,683.178467,665.276428,648.990112,632.646057,32.378658,613.390503,23.093172,343.004669,311.413055,175.692459,171.399597,172.6017,174.938095,77.765495,78.114128,75.761536,48.259983,47.18668,47.139866,38.44865,35.315697,295.143463,209.337296,185.347321,142.340897,369.01062,380.295715,262.921326,265.870728,230.164017,174.896179,347.549805,376.452728,223.837021,190.411377,148.824081,21.401974,141.514252,116.318581,108.454781,369.077972,2293.71582,276.137085,290.354279,233.61676,165.155838,315.318329,297.847321,213.078979,189.372513,144.814499,203.717224,134.743958,118.786438,108.995918,254.158371,210.60939,188.937439,146.231201,674.338562,700.411865,631.25531,626.694031,662.8969238,613.390503,276.7033943,172.9797973,77.21371967,43.2701752,658.174942
43082.52097,87,-40.323711,15.95600834,3.134491,3.86844,9.666233,19.344128,-6.236238,-11.369062,-2.535233,0.085382,3.546689,-19.260132,666.102295,665.094177,644.715576,623.355347,609.089233,32.148659,595.936707,22.9781,344.271027,305.273163,168.584824,170.282669,171.023453,171.28624,78.421364,78.877426,76.540634,48.957138,48.331837,47.889576,39.11174,36.117867,299.7435,205.624878,182.128052,142.762985,374.266632,385.472778,260.008575,263.781555,227.450577,175.489365,349.143555,377.55954,219.936127,186.857727,148.119553,21.364948,137.520844,112.640404,107.656944,367.959137,2293.71582,274.082184,286.225952,232.002274,167.466888,316.019196,297.735382,208.112015,185.108444,143.889526,207.656403,132.028534,115.337105,107.519707,227.148041,199.540237,182.822495,144.110519,661.191772,681.772644,614.290894,604.678894,641.6713256,595.936707,272.7096713,170.8641207,77.94647467,44.0816316,640.483551
43082.52168,88,-39.794434,15.78595164,3.114788,3.85202,9.679369,19.391747,-5.891423,-11.523407,-2.60748,-0.449896,3.559824,-19.266701,648.573486,647.182983,625.099304,600.507202,586.969727,31.835882,576.538269,22.859089,326.646667,298.114044,164.230988,169.290695,169.285812,167.662033,78.957321,79.544327,77.15641,49.695492,49.207138,48.67276,40.092228,36.968483,304.273163,201.760239,178.769684,142.768753,375.293884,389.604004,256.856781,260.640808,224.238235,175.429733,349.610291,375.47525,215.898407,183.013824,147.10379,21.353148,134.021973,109.971146,106.902161,361.496185,2293.726074,270.433105,281.406647,229.197632,168.714859,306.754425,291.698273,202.939865,180.426056,142.671463,207.897476,129.758133,112.070961,105.689362,209.237381,189.011078,176.970749,141.953461,646.142517,662.596008,596.72522,585.230652,621.6665404,576.538269,262.997233,168.74618,78.552686,44.9272202,622.6735993
43082.52239,89,-40.13522,15.89544619,3.095905,3.845453,9.664592,19.414734,-5.546607,-11.59237,-2.604196,-1.006519,3.6879,-19.332378,632.988708,631.807556,606.684875,580.533081,565.051575,33.256729,557.656311,22.75948,310.615784,291.544464,160.663651,168.474548,167.503403,164.30397,79.409599,80.036476,77.603714,50.142838,49.930016,49.075706,40.83028,37.954948,308.056702,198.209793,175.367096,142.606445,373.431915,393.599792,254.184204,257.752808,221.155762,175.19754,347.774109,369.364746,212.425156,179.753143,146.029846,21.324221,131.012695,108.732346,106.069748,352.593445,2293.695557,266.613922,276.533661,226.293655,169.428909,294.957245,282.213654,198.035614,176.218613,141.357574,204.673584,127.21006,108.946373,103.956009,195.756012,180.551651,171.535522,140.032318,630.757324,646.363647,578.236816,567.117493,603.413159,557.656311,254.274633,166.7606403,79.01659633,45.5867576,605.61882
