TimeStamp,Kyowa PG 500 KUM _Load in bar_(bar),LVDT12 - 50mm_Stud1_Axial_(mm),LVDT12 - 50mm_Stud2_Axial_(mm),LVDT12 - 50mm_Stud3_Axial_(mm),LVDT12 - 50mm_Stud4_Axial_(mm),LVDT Type 100mm_Stud2_Top_(mm),LVDT Type 100mm_Stud2_Mid_(mm),LVDT Type 100mm_Stud2_Bottom_(mm),LVDT Type 100mm_Stud3_Top_(mm),LVDT Type 100mm_Stud3_Mid_(mm),LVDT Type 100mm_Stud3_Bottom_(mm)
12:37:30.194 PM 13/03/2018,0.001545,-0.037765,-0.029555,0.004926,0.007389,-0.009852,0.004926,-0.013136,-0.006568,-0.016420,0.004926
12:37:31.196 PM 13/03/2018,-0.007946,-0.003284,-0.006568,0.000000,0.001642,-0.001642,0.000000,-0.003284,0.000000,-0.003284,0.000000
12:37:32.198 PM 13/03/2018,0.006401,-0.001642,0.000000,0.000000,0.001642,-0.003284,-0.003284,-0.003284,0.006568,0.000000,0.003284
12:37:33.199 PM 13/03/2018,-0.003973,-0.001642,-0.006568,0.001642,0.001642,0.003284,0.000000,-0.003284,-0.001642,0.000000,0.000000
12:37:34.204 PM 13/03/2018,-0.013243,-0.001642,-0.006568,0.001642,0.001642,0.006568,0.000000,-0.003284,0.003284,-0.003284,0.000000
12:37:35.206 PM 13/03/2018,-0.009049,0.003284,-0.004926,0.000000,-0.001642,0.000000,0.000000,-0.003284,0.006568,0.000000,0.003284
12:37:36.207 PM 13/03/2018,-0.002869,0.001642,-0.001642,0.000000,0.001642,0.000000,0.000000,-0.003284,0.003284,-0.003284,0.000000
12:37:37.209 PM 13/03/2018,-0.003311,0.001642,-0.011494,0.000000,0.001642,0.000000,0.000000,-0.003284,0.000000,0.000000,0.000000
12:37:38.214 PM 13/03/2018,-0.012581,-0.004926,-0.003284,0.001642,0.000000,-0.003284,0.000000,-0.003284,0.009852,-0.003284,0.000000
12:37:39.215 PM 13/03/2018,-0.006180,0.001642,-0.003284,0.000000,0.001642,-0.006568,-0.003284,-0.003284,0.003284,0.000000,0.000000
12:37:40.217 PM 13/03/2018,-0.013243,0.000000,-0.003284,-0.001642,0.001642,0.000000,0.000000,0.000000,0.009852,-0.003284,0.000000
12:37:41.224 PM 13/03/2018,-0.005959,-0.004926,-0.006568,0.000000,0.001642,-0.003284,0.000000,0.000000,0.000000,-0.003284,0.003284
12:37:42.230 PM 13/03/2018,-0.005739,0.000000,-0.009031,0.001642,0.001642,-0.003284,0.003284,-0.003284,0.003284,0.000000,0.003284
12:37:43.235 PM 13/03/2018,-0.009491,0.001642,-0.006568,0.000000,0.000000,0.000000,0.000000,0.000000,-0.003284,-0.003284,0.000000
12:37:44.237 PM 13/03/2018,-0.009712,-0.001642,0.004926,0.001642,0.001642,0.006568,0.000000,0.000000,-0.003284,0.000000,0.003284
12:37:45.240 PM 13/03/2018,-0.007504,-0.004926,-0.006568,0.000000,0.001642,0.000000,0.000000,0.000000,-0.009852,-0.003284,0.003284
12:37:46.241 PM 13/03/2018,-0.008608,-0.003284,-0.007389,0.001642,0.001642,0.000000,0.000000,-0.003284,0.003284,-0.003284,0.003284
12:37:47.247 PM 13/03/2018,-0.008608,0.019704,0.008210,0.013957,0.024629,0.000000,0.000000,-0.003284,0.016420,0.000000,0.006568
12:37:48.248 PM 13/03/2018,-2.286397,0.060753,0.037765,0.041049,0.073888,0.003284,0.003284,-0.003284,0.013136,-0.003284,0.003284
12:37:49.254 PM 13/03/2018,-1.426708,0.068963,0.037765,0.044333,0.082098,0.000000,0.000000,-0.003284,0.011494,-0.003284,0.000000
12:37:50.256 PM 13/03/2018,-2.868867,0.180616,0.139567,0.106727,0.256146,0.000000,0.000000,-0.003284,0.019703,-0.006568,0.000000
12:37:51.262 PM 13/03/2018,-2.124392,0.187184,0.139567,0.105085,0.254504,-0.006568,0.000000,-0.006568,0.013136,-0.006568,0.003284
12:37:52.264 PM 13/03/2018,-3.550438,0.408850,0.321824,0.238084,0.596033,-0.003284,0.000000,-0.006568,0.018061,-0.022988,0.000000
12:37:53.266 PM 13/03/2018,-3.457737,0.446615,0.364516,0.256145,0.617378,0.003284,0.000000,-0.006568,0.019703,-0.029556,0.003284
12:37:54.268 PM 13/03/2018,-4.998335,0.512293,0.425268,0.307046,0.661711,0.000000,-0.003284,-0.009852,0.022987,-0.042692,0.006568
12:37:55.274 PM 13/03/2018,-4.058747,0.553343,0.463033,0.333317,0.687982,-0.003284,-0.003284,-0.006568,0.032839,-0.045976,0.006568
12:37:56.275 PM 13/03/2018,-4.973173,0.646935,0.554983,0.417057,0.761871,0.003284,-0.003284,-0.006568,0.029555,-0.052544,0.006568
12:37:57.277 PM 13/03/2018,-5.533130,0.738064,0.627230,0.464674,0.807846,0.003284,-0.003284,-0.009852,0.032839,-0.055828,0.006568
12:37:58.278 PM 13/03/2018,-5.665780,0.753663,0.656785,0.479451,0.819340,0.009852,-0.006568,-0.009852,0.022987,-0.055828,0.006568
12:37:59.285 PM 13/03/2018,-6.301001,0.970402,0.840685,0.632153,1.116535,0.003284,-0.009852,-0.009852,0.042691,-0.072248,0.006568
12:38:00.292 PM 13/03/2018,-6.653705,0.999958,0.881734,0.643647,1.128029,-0.003284,-0.013136,-0.009852,0.045975,-0.072248,0.009852
12:38:01.299 PM 13/03/2018,-7.582257,1.128031,0.988461,0.740522,1.223263,0.001642,-0.016420,-0.009852,0.039407,-0.075532,0.006568
12:38:02.304 PM 13/03/2018,-7.582257,1.211772,1.090263,0.880089,1.497471,0.006568,-0.016420,-0.009852,0.042691,-0.082100,0.006568
12:38:03.312 PM 13/03/2018,-8.795312,1.274166,1.167435,0.919496,1.530310,0.000000,-0.016420,-0.013136,0.045975,-0.082100,0.006568
12:38:04.319 PM 13/03/2018,-8.654275,1.400598,1.285657,1.027865,1.645248,0.006568,-0.026272,-0.009852,0.049259,-0.098520,0.006568
12:38:05.325 PM 13/03/2018,-9.875717,1.454783,1.333274,1.054136,1.666594,0.013136,-0.032840,-0.009852,0.042691,-0.114940,0.006568
12:38:06.326 PM 13/03/2018,-10.933830,1.566437,1.460526,1.173999,1.781531,0.003284,-0.055828,-0.013136,0.036123,-0.118224,0.006568
12:38:07.328 PM 13/03/2018,-10.828327,1.573005,1.474483,1.187135,1.789741,0.003284,-0.065680,-0.013136,0.045975,-0.114940,0.006568
12:38:08.336 PM 13/03/2018,-13.284455,1.728992,1.653457,1.417009,2.142764,0.016420,-0.131360,-0.019704,0.045975,-0.197041,0.006568
12:38:09.344 PM 13/03/2018,-13.086473,1.748695,1.678086,1.433428,2.164109,0.016420,-0.147780,-0.019704,0.045975,-0.206893,0.006568
12:38:10.345 PM 13/03/2018,-13.804021,1.784819,1.735555,1.471193,2.221578,0.018062,-0.151064,-0.022988,0.042691,-0.210177,0.006568
12:38:11.346 PM 13/03/2018,-13.804021,1.825868,1.793024,1.548365,2.257702,0.019703,-0.154348,-0.029556,0.049259,-0.210177,0.006568
12:38:12.348 PM 13/03/2018,-15.645676,1.870201,1.851314,1.595982,2.285615,0.016420,-0.160916,-0.045976,0.050901,-0.213461,0.003284
12:38:13.357 PM 13/03/2018,-16.852329,1.940806,1.963788,1.692858,2.407120,0.032839,-0.167484,-0.078816,0.055826,-0.236449,0.000000
12:38:14.359 PM 13/03/2018,-16.852329,1.947374,1.976103,1.701068,2.418614,0.032839,-0.167484,-0.082100,0.039407,-0.239733,0.003284
12:38:15.360 PM 13/03/2018,-18.151905,2.004843,2.060664,1.776598,2.469515,0.052543,-0.180620,-0.098520,0.049259,-0.269289,0.000000
12:38:16.366 PM 13/03/2018,-22.035625,2.078731,2.192022,1.889893,2.548330,0.065678,-0.236448,-0.101804,0.052543,-0.295561,0.000000
12:38:17.367 PM 13/03/2018,-20.346706,2.082015,2.201052,1.898103,2.554898,0.062394,-0.243016,-0.101804,0.045975,-0.300487,0.003284
12:38:18.376 PM 13/03/2018,-20.774673,2.082015,2.234713,1.924374,2.566391,0.068962,-0.246300,-0.101804,0.052543,-0.302129,0.000000
12:38:19.383 PM 13/03/2018,-20.769817,2.118139,2.285614,1.970349,2.607441,0.065678,-0.256152,-0.101804,0.052543,-0.302129,0.006568
12:38:20.386 PM 13/03/2018,-22.891119,2.172324,2.359502,2.141113,2.661626,0.082098,-0.269288,-0.101804,0.045975,-0.298845,0.000000
12:38:21.386 PM 13/03/2018,-22.891119,2.208447,2.407119,2.177236,2.701033,0.085382,-0.272572,-0.105088,0.052543,-0.298845,0.000000
12:38:22.387 PM 13/03/2018,-24.413839,2.236361,2.466230,2.213359,2.728946,0.088666,-0.279141,-0.121508,0.052543,-0.298845,0.000000
12:38:23.388 PM 13/03/2018,-24.234177,2.256064,2.489218,2.254408,2.740440,0.085382,-0.282425,-0.128076,0.049259,-0.295561,0.003284
12:38:24.389 PM 13/03/2018,-26.458553,2.313533,2.594304,2.328296,2.934192,0.091949,-0.295561,-0.157632,0.049259,-0.295561,0.000000
12:38:25.390 PM 13/03/2018,-26.722088,2.377570,2.669834,2.395616,3.037637,0.098517,-0.302129,-0.177336,0.042691,-0.295561,0.003284
12:38:26.391 PM 13/03/2018,-28.489140,2.464595,2.732229,2.449801,3.085253,0.108369,-0.311981,-0.200325,0.052543,-0.295561,0.000000
12:38:27.392 PM 13/03/2018,-28.489140,2.512212,2.766710,2.495776,3.124661,0.114937,-0.315265,-0.197041,0.055826,-0.295561,0.006568
12:38:28.393 PM 13/03/2018,-29.872587,2.533557,2.796266,2.515480,3.134513,0.108369,-0.321833,-0.197041,0.049259,-0.292277,0.009852
12:38:29.394 PM 13/03/2018,-32.037590,2.733878,2.922697,2.638627,3.223179,0.121505,-0.321833,-0.229881,0.045975,-0.266005,0.006568
12:38:30.395 PM 13/03/2018,-32.505287,2.770001,2.958820,2.651762,3.237957,0.114937,-0.318549,-0.239733,0.039407,-0.262721,0.003284
12:38:31.396 PM 13/03/2018,-34.613346,2.889865,3.032709,2.730576,3.287216,0.118221,-0.318549,-0.243017,0.036123,-0.256153,0.006568
12:38:32.398 PM 13/03/2018,-34.315823,2.880013,3.022857,2.733860,3.287216,0.118221,-0.318549,-0.246301,0.036123,-0.256153,0.003284
12:38:33.399 PM 13/03/2018,-34.147636,2.888223,3.022857,2.733860,3.287216,0.110011,-0.318549,-0.246301,0.045975,-0.256153,0.009852
12:38:34.401 PM 13/03/2018,-34.023815,2.881655,3.029425,2.733860,3.290500,0.105085,-0.318549,-0.246301,0.049259,-0.259437,0.006568
12:38:35.403 PM 13/03/2018,-33.933762,2.888223,3.026141,2.733860,3.288858,0.121505,-0.321833,-0.249585,0.036123,-0.256153,0.006568
12:38:36.404 PM 13/03/2018,-33.896240,2.883297,3.017931,2.733860,3.285574,0.121505,-0.318549,-0.243017,0.039407,-0.256153,0.006568
12:38:37.406 PM 13/03/2018,-33.811043,2.884939,3.034351,2.733860,3.288858,0.121505,-0.321833,-0.246301,0.049259,-0.256153,0.006568
12:38:38.409 PM 13/03/2018,-33.704220,2.886581,3.026962,2.733860,3.287216,0.124789,-0.318549,-0.246301,0.042691,-0.256153,0.006568
12:38:39.411 PM 13/03/2018,-33.659634,2.883297,3.031067,2.733860,3.287216,0.118221,-0.318549,-0.246301,0.029555,-0.256153,0.003284
12:38:40.413 PM 13/03/2018,-33.628735,2.883297,3.027783,2.733860,3.287216,0.114937,-0.318549,-0.246301,0.042691,-0.256153,0.006568
12:38:41.415 PM 13/03/2018,-33.535591,2.883297,3.033530,2.733860,3.287216,0.121505,-0.318549,-0.246301,0.041049,-0.256153,0.006568
12:38:42.416 PM 13/03/2018,-33.471584,2.880013,3.032709,2.733860,3.287216,0.118221,-0.318549,-0.246301,0.042691,-0.259437,0.006568
12:38:43.418 PM 13/03/2018,-33.353279,2.884939,3.031888,2.733860,3.287216,0.111653,-0.318549,-0.246301,0.042691,-0.256153,0.006568
12:38:44.427 PM 13/03/2018,-33.314877,2.888223,3.037635,2.733860,3.287216,0.114937,-0.321833,-0.243017,0.049259,-0.256153,0.006568
12:38:45.428 PM 13/03/2018,-27.405424,2.865236,3.031067,2.728934,3.239599,0.118221,-0.318549,-0.243017,0.052543,-0.256153,0.003284
12:38:46.430 PM 13/03/2018,-16.053337,2.576249,2.792982,2.546677,3.047488,0.124789,-0.315265,-0.243017,0.039407,-0.259437,0.000000
12:38:47.441 PM 13/03/2018,-13.867146,2.476088,2.684612,2.477714,2.861946,0.114937,-0.318549,-0.243017,0.029555,-0.256153,0.000000
12:38:48.442 PM 13/03/2018,-14.071528,2.430113,2.656698,2.454727,2.820897,0.124789,-0.318549,-0.243017,0.036123,-0.259437,0.000000
12:38:49.443 PM 13/03/2018,-14.180783,2.431755,2.646847,2.456369,2.820897,0.118221,-0.321833,-0.239733,0.042691,-0.256153,-0.003284
12:38:50.443 PM 13/03/2018,-13.260177,2.384959,2.597587,2.428456,2.756860,0.114937,-0.321833,-0.243017,0.044333,-0.259437,0.000000
12:38:51.445 PM 13/03/2018,-10.716425,2.272484,2.489218,2.354567,2.701033,0.108369,-0.325117,-0.243017,0.036123,-0.259437,0.003284
12:38:52.446 PM 13/03/2018,-10.317591,2.234719,2.446527,2.329938,2.658342,0.105085,-0.325117,-0.243017,0.041049,-0.256153,0.000000
12:38:53.448 PM 13/03/2018,-10.384909,2.210089,2.430107,2.316802,2.643564,0.118221,-0.325117,-0.239733,0.042691,-0.256153,0.000000
12:38:54.462 PM 13/03/2018,-10.460615,2.215836,2.428465,2.317623,2.645206,0.124789,-0.325117,-0.243017,0.045975,-0.256153,0.000000
12:38:55.473 PM 13/03/2018,-10.626814,2.211731,2.430107,2.316802,2.645206,0.121505,-0.321833,-0.243017,0.036123,-0.256153,0.000000
12:38:56.484 PM 13/03/2018,-10.648886,2.211731,2.410403,2.318444,2.643564,0.111653,-0.321833,-0.239733,0.036123,-0.259437,0.000000
12:38:57.486 PM 13/03/2018,-10.699208,2.213373,2.420255,2.318444,2.643564,0.113295,-0.321833,-0.243017,0.039407,-0.259437,0.003284
12:38:58.497 PM 13/03/2018,-10.744014,2.211731,2.423539,2.316802,2.643564,0.108369,-0.325117,-0.239733,0.042691,-0.256153,0.000000
12:38:59.498 PM 13/03/2018,-10.773149,2.215015,2.428465,2.318444,2.643564,0.124789,-0.321833,-0.239733,0.049259,-0.259437,0.000000
12:39:00.507 PM 13/03/2018,-10.788599,2.208447,2.420255,2.318444,2.645206,0.108369,-0.325117,-0.239733,0.039407,-0.259437,0.000000
12:39:01.509 PM 13/03/2018,-10.819719,2.208447,2.429286,2.318444,2.643564,0.123147,-0.321833,-0.243017,0.045975,-0.259437,0.000000
12:39:02.519 PM 13/03/2018,-10.838481,2.210089,2.436675,2.318444,2.643564,0.105085,-0.325117,-0.243017,0.036123,-0.259437,0.000000
12:39:03.521 PM 13/03/2018,-10.858787,2.210089,2.418613,2.318444,2.643564,0.124789,-0.325117,-0.239733,0.049259,-0.259437,0.000000
12:39:04.522 PM 13/03/2018,-10.872912,2.211731,2.421897,2.316802,2.645206,0.114937,-0.321833,-0.239733,0.039407,-0.259437,0.000000
12:39:05.524 PM 13/03/2018,-12.504445,2.211731,2.425181,2.318444,2.684613,0.111653,-0.328401,-0.243017,0.042691,-0.259437,0.006568
12:39:06.526 PM 13/03/2018,-14.046808,2.219941,2.431749,2.318444,2.694465,0.114937,-0.334969,-0.243017,0.042691,-0.259437,0.000000
12:39:07.527 PM 13/03/2018,-14.984631,2.244570,2.426002,2.320086,2.702675,0.111653,-0.331685,-0.243017,0.042691,-0.259437,0.000000
12:39:08.527 PM 13/03/2018,-16.494108,2.339805,2.474440,2.341432,2.750292,0.128072,-0.328401,-0.243017,0.039407,-0.256153,0.000000
12:39:09.528 PM 13/03/2018,-16.589235,2.421903,2.541761,2.392333,2.978526,0.118221,-0.328401,-0.243017,0.039407,-0.256153,0.000000
12:39:10.530 PM 13/03/2018,-19.272480,2.476088,2.615649,2.421888,3.013007,0.118221,-0.331685,-0.243017,0.039407,-0.259437,0.000000
12:39:11.538 PM 13/03/2018,-20.916153,2.508928,2.646847,2.451443,3.039279,0.121505,-0.328401,-0.243017,0.039407,-0.256153,0.003284
12:39:12.541 PM 13/03/2018,-22.729115,2.566397,2.708420,2.480998,3.065550,0.114937,-0.328401,-0.243017,0.042691,-0.257795,0.000000
12:39:13.548 PM 13/03/2018,-22.675259,2.635360,2.778204,2.530257,3.116451,0.121505,-0.328401,-0.246301,0.032839,-0.256153,0.000000
12:39:14.551 PM 13/03/2018,-24.842249,2.655063,2.811043,2.548319,3.131229,0.111653,-0.328401,-0.246301,0.045975,-0.256153,0.000000
12:39:15.560 PM 13/03/2018,-26.975248,2.720742,2.876722,2.591010,3.160784,0.124789,-0.328401,-0.246301,0.039407,-0.256153,0.003284
12:39:16.573 PM 13/03/2018,-27.803596,2.738804,2.901351,2.602503,3.167352,0.108369,-0.328401,-0.243017,0.052543,-0.256153,0.000000
12:39:17.583 PM 13/03/2018,-28.108185,2.806125,2.950610,2.656688,3.218253,0.119863,-0.328401,-0.246301,0.042691,-0.256153,0.003284
12:39:18.593 PM 13/03/2018,-31.201962,2.861952,3.016289,2.692811,3.249450,0.118221,-0.331685,-0.243017,0.049259,-0.256153,0.003284
12:39:19.594 PM 13/03/2018,-33.898449,2.912853,3.063906,2.750280,3.283932,0.121505,-0.328401,-0.246301,0.042691,-0.256153,0.006568
12:39:20.604 PM 13/03/2018,-33.915665,2.944050,3.100030,2.790508,3.310203,0.108369,-0.328401,-0.246301,0.042691,-0.254511,0.006568
12:39:21.605 PM 13/03/2018,-35.794842,3.036001,3.187054,2.883279,3.369314,0.111653,-0.328401,-0.246301,0.029555,-0.229881,0.003284
12:39:22.615 PM 13/03/2018,-38.292461,3.095112,3.251091,2.927612,3.405438,0.131356,-0.328401,-0.252869,0.022987,-0.210177,0.003284
12:39:23.616 PM 13/03/2018,-40.512203,3.213334,3.344683,3.032697,3.518734,0.105085,-0.305413,-0.279141,0.003284,-0.190473,0.006568
12:39:24.617 PM 13/03/2018,-40.403389,3.210050,3.339757,3.037623,3.518734,0.114937,-0.302129,-0.275857,0.006568,-0.177337,0.006568
12:39:25.617 PM 13/03/2018,-40.141842,3.214976,3.347967,3.039265,3.518734,0.118221,-0.302129,-0.272573,0.006568,-0.174053,0.006568
12:39:26.617 PM 13/03/2018,-39.985134,3.208408,3.344683,3.039265,3.518734,0.128072,-0.302129,-0.279141,0.009852,-0.177337,0.003284
12:39:27.618 PM 13/03/2018,-39.880516,3.210050,3.341399,3.039265,3.520375,0.124789,-0.302129,-0.279141,-0.003284,-0.177337,0.006568
12:39:28.619 PM 13/03/2018,-39.785385,3.210050,3.343041,3.039265,3.518734,0.131356,-0.302129,-0.275857,0.000000,-0.177337,0.006568
12:39:29.620 PM 13/03/2018,-39.690037,3.210050,3.349609,3.039265,3.518734,0.124789,-0.302129,-0.275857,0.000000,-0.177337,0.003284
12:39:30.622 PM 13/03/2018,-39.630222,3.210050,3.357819,3.039265,3.522017,0.118221,-0.305413,-0.275857,0.003284,-0.177337,0.006568
12:39:31.630 PM 13/03/2018,-39.566654,3.212513,3.349609,3.039265,3.522017,0.118221,-0.302129,-0.279141,0.003284,-0.177337,0.003284
12:39:32.632 PM 13/03/2018,-39.516552,3.210050,3.343041,3.039265,3.518734,0.108369,-0.305413,-0.275857,0.013136,-0.177337,0.000000
12:39:33.633 PM 13/03/2018,-39.459167,3.203482,3.342220,3.039265,3.519555,0.114937,-0.302129,-0.275857,0.008210,-0.177337,0.006568
12:39:34.634 PM 13/03/2018,-33.930450,3.208408,3.347967,3.037623,3.507240,0.131356,-0.298845,-0.279141,0.006568,-0.177337,0.003284
12:39:35.635 PM 13/03/2018,-30.189316,3.214976,3.348788,3.037623,3.410363,0.118221,-0.292277,-0.275857,0.006568,-0.177337,0.003284
12:39:36.636 PM 13/03/2018,-28.865902,3.213334,3.343041,3.037623,3.405438,0.121505,-0.292277,-0.275857,0.011494,-0.177337,0.003284
12:39:37.638 PM 13/03/2018,-28.045280,3.213334,3.341399,3.035981,3.398049,0.121505,-0.295561,-0.275857,0.013136,-0.180621,0.000000
12:39:38.639 PM 13/03/2018,-28.045280,3.213334,3.352893,3.035981,3.400512,0.121505,-0.292277,-0.272573,0.003284,-0.177337,0.000000
12:39:39.640 PM 13/03/2018,-26.119534,3.149297,3.336473,3.003142,3.364388,0.118221,-0.288992,-0.275857,0.009852,-0.180621,0.003284
12:39:40.642 PM 13/03/2018,-25.411476,3.127951,3.326621,2.986722,3.356179,0.121505,-0.292277,-0.275857,0.003284,-0.183905,0.003284
12:39:41.644 PM 13/03/2018,-25.372629,3.123846,3.326621,2.986722,3.357821,0.118221,-0.292277,-0.275857,0.006568,-0.183905,0.000000
12:39:42.646 PM 13/03/2018,-25.386755,3.121383,3.324979,2.985080,3.357821,0.134640,-0.292277,-0.275857,-0.003284,-0.177337,-0.003284
12:39:43.646 PM 13/03/2018,-25.016394,3.093470,3.285572,2.968661,3.336475,0.124789,-0.295561,-0.275857,0.003284,-0.180621,0.000000
12:39:44.646 PM 13/03/2018,-22.648111,3.009729,3.195264,2.912834,3.288858,0.118221,-0.295561,-0.275857,0.000000,-0.180621,0.000000
12:39:45.648 PM 13/03/2018,-20.628340,2.929273,3.134511,2.855365,3.246166,0.118221,-0.295561,-0.275857,0.013136,-0.180621,0.000000
12:39:46.650 PM 13/03/2018,-19.683233,2.889865,3.090178,2.834020,3.229747,0.108369,-0.295561,-0.272573,0.006568,-0.180621,-0.003284
12:39:47.664 PM 13/03/2018,-19.736206,2.891507,3.077042,2.834020,3.229747,0.124789,-0.295561,-0.275857,0.006568,-0.183905,0.000000
12:39:48.677 PM 13/03/2018,-19.808821,2.891507,3.090178,2.832378,3.229747,0.111653,-0.295561,-0.275857,0.003284,-0.183905,-0.003284
12:39:49.679 PM 13/03/2018,-19.893135,2.894791,3.090178,2.834020,3.229747,0.105085,-0.295561,-0.272573,-0.003284,-0.180621,-0.003284
12:39:50.689 PM 13/03/2018,-19.905052,2.891507,3.086894,2.834020,3.229747,0.118221,-0.295561,-0.275857,0.003284,-0.180621,-0.003284
12:39:51.699 PM 13/03/2018,-19.935291,2.896433,3.083610,2.832378,3.228105,0.124789,-0.298845,-0.275857,0.000000,-0.183905,0.000000
12:39:52.709 PM 13/03/2018,-18.086132,2.847174,3.031067,2.796255,3.191982,0.121505,-0.295561,-0.275857,0.000000,-0.180621,-0.003284
12:39:53.720 PM 13/03/2018,-17.395733,2.824186,2.994944,2.769983,3.173920,0.128072,-0.295561,-0.272573,-0.016420,-0.183905,0.003284
12:39:54.721 PM 13/03/2018,-17.246750,2.784779,2.975240,2.756848,3.159963,0.114937,-0.295561,-0.275857,0.019703,-0.180621,-0.003284
12:39:55.735 PM 13/03/2018,-16.543768,2.768359,2.942401,2.735502,3.142722,0.124789,-0.298845,-0.275857,0.003284,-0.183905,0.006568
12:39:56.737 PM 13/03/2018,-15.707476,2.730594,2.927623,2.717441,3.141081,0.111653,-0.298845,-0.272573,0.009852,-0.180621,-0.003284
12:39:57.738 PM 13/03/2018,-15.308421,2.705964,2.883290,2.694453,3.111525,0.091949,-0.302129,-0.272573,0.019703,-0.177337,-0.009852
12:39:58.748 PM 13/03/2018,-14.710060,2.674767,2.863586,2.671466,3.090179,0.101801,-0.298845,-0.272573,0.016420,-0.187189,-0.009852
12:39:59.759 PM 13/03/2018,-14.240156,2.648495,2.832389,2.653404,3.075402,0.118221,-0.298845,-0.269289,-0.003284,-0.187189,0.000000
12:40:00.768 PM 13/03/2018,-13.979711,2.628792,2.812685,2.648478,3.067192,0.118221,-0.302129,-0.275857,0.013136,-0.183905,0.000000
12:40:01.769 PM 13/03/2018,-13.984567,2.615656,2.825821,2.651762,3.068834,0.101801,-0.302129,-0.275857,0.019703,-0.177337,0.006568
12:40:02.777 PM 13/03/2018,-14.128915,2.615656,2.807759,2.648478,3.072118,0.128072,-0.305413,-0.275857,0.006568,-0.177337,0.003284
12:40:03.779 PM 13/03/2018,-14.149442,2.620582,2.817611,2.646836,3.068834,0.114937,-0.302129,-0.272573,0.006568,-0.177337,0.000000
12:40:04.791 PM 13/03/2018,-14.168864,2.615656,2.817611,2.648478,3.070476,0.111653,-0.302129,-0.275857,0.019703,-0.174053,-0.003284
12:40:05.799 PM 13/03/2018,-13.683731,2.625508,2.819253,2.646836,3.063908,0.118221,-0.302129,-0.269289,-0.006568,-0.180621,0.003284
12:40:06.807 PM 13/03/2018,-13.495681,2.595952,2.778204,2.635343,3.044204,0.121505,-0.302129,-0.275857,0.000000,-0.180621,-0.003284
12:40:07.809 PM 13/03/2018,-12.733768,2.549977,2.729766,2.607429,3.016291,0.118221,-0.302129,-0.272573,0.009852,-0.183905,0.001642
12:40:08.820 PM 13/03/2018,-11.990618,2.499076,2.668192,2.572948,2.963748,0.111653,-0.298845,-0.272573,0.000000,-0.183905,0.006568
12:40:09.831 PM 13/03/2018,-10.898074,2.443249,2.618933,2.541751,2.792983,0.111653,-0.302129,-0.275857,0.013136,-0.183905,0.003284
12:40:10.843 PM 13/03/2018,-10.477610,2.413693,2.581168,2.513838,2.743724,0.114937,-0.302129,-0.275857,0.003284,-0.183905,0.000000
12:40:11.844 PM 13/03/2018,-9.651249,2.362792,2.538477,2.480998,2.712527,0.114937,-0.302129,-0.272573,-0.003284,-0.177337,0.006568
12:40:12.845 PM 13/03/2018,-8.873667,2.294651,2.459662,2.436665,2.656700,0.121505,-0.302129,-0.272573,0.009852,-0.183905,-0.003284
12:40:13.856 PM 13/03/2018,-7.942907,2.224867,2.380848,2.380839,2.571317,0.121505,-0.302129,-0.275857,0.009852,-0.183905,-0.003284
12:40:14.858 PM 13/03/2018,-7.530830,2.195311,2.346366,2.356209,2.541762,0.111653,-0.302129,-0.275857,0.013136,-0.187189,0.000000
12:40:15.860 PM 13/03/2018,-7.530830,2.190385,2.346366,2.348000,2.530268,0.114937,-0.302129,-0.272573,0.003284,-0.187189,0.000000
12:40:16.862 PM 13/03/2018,-6.640683,2.142768,2.293823,2.323370,2.497429,0.118221,-0.302129,-0.272573,0.019703,-0.183905,0.000000
12:40:17.862 PM 13/03/2018,-7.019873,2.140305,2.282330,2.321728,2.497429,0.118221,-0.302129,-0.272573,0.000000,-0.187189,-0.003284
12:40:18.864 PM 13/03/2018,-7.138618,2.137842,2.306959,2.320086,2.497429,0.114937,-0.302129,-0.275857,0.016420,-0.187189,0.000000
12:40:19.865 PM 13/03/2018,-7.169298,2.139484,2.295465,2.320086,2.492503,0.118221,-0.302129,-0.272573,0.009852,-0.187189,-0.003284
12:40:20.866 PM 13/03/2018,-6.198368,2.072984,2.233071,2.285605,2.436676,0.118221,-0.302129,-0.272573,0.009852,-0.187189,-0.003284
12:40:21.868 PM 13/03/2018,-5.174908,1.972003,2.121417,2.185446,2.288899,0.124789,-0.305413,-0.274215,0.013136,-0.183905,-0.003284
12:40:22.879 PM 13/03/2018,-4.780709,1.889905,2.022899,2.101706,2.219936,0.111653,-0.308697,-0.275857,0.016420,-0.187189,-0.003284
12:40:23.889 PM 13/03/2018,-4.053008,1.824226,1.971998,2.040953,2.165751,0.114937,-0.308697,-0.275857,0.009852,-0.187189,-0.003284
12:40:24.896 PM 13/03/2018,-4.171312,1.804522,1.966251,2.014682,2.127986,0.124789,-0.311981,-0.275857,0.013136,-0.190473,0.000000
12:40:25.898 PM 13/03/2018,-3.979730,1.765115,1.914529,1.983485,2.045888,0.119863,-0.311981,-0.272573,0.009852,-0.190473,-0.003284
12:40:26.899 PM 13/03/2018,-3.182946,1.694510,1.836536,1.904670,1.878407,0.118221,-0.311981,-0.275857,0.027913,-0.185547,-0.001642
12:40:27.906 PM 13/03/2018,-2.881889,1.635399,1.783993,1.848844,1.835716,0.129714,-0.308697,-0.275857,0.022987,-0.188831,0.000000
12:40:28.914 PM 13/03/2018,-2.583040,1.573005,1.730629,1.793017,1.788099,0.141208,-0.315265,-0.275857,0.029555,-0.187189,0.000000
12:40:29.920 PM 13/03/2018,-1.961945,1.500758,1.661667,1.725697,1.715852,0.147776,-0.318549,-0.272573,0.045975,-0.188831,-0.003284
12:40:30.933 PM 13/03/2018,-1.782061,1.446573,1.604198,1.671512,1.673161,0.174047,-0.321833,-0.272573,0.059110,-0.190473,-0.003284
12:40:31.938 PM 13/03/2018,-1.738801,1.412092,1.579569,1.640315,1.650174,0.174047,-0.321833,-0.275857,0.062394,-0.190473,-0.003284
12:40:32.949 PM 13/03/2018,-1.688919,1.382536,1.553297,1.615686,1.633754,0.180615,-0.325117,-0.275857,0.062394,-0.190473,-0.003284
12:40:33.950 PM 13/03/2018,-1.506608,1.362833,1.530310,1.589414,1.618977,0.180615,-0.325117,-0.275857,0.062394,-0.190473,-0.003284
12:40:34.952 PM 13/03/2018,-1.353651,1.334098,1.491723,1.568069,1.592705,0.174047,-0.328401,-0.272573,0.065678,-0.190473,-0.003284
12:40:35.953 PM 13/03/2018,-1.143530,1.315216,1.472841,1.540156,1.579569,0.183899,-0.328401,-0.272573,0.065678,-0.187189,-0.003284
12:40:36.954 PM 13/03/2018,-1.019929,1.292228,1.449032,1.523736,1.569718,0.197035,-0.328401,-0.275857,0.068962,-0.190473,-0.006568
12:40:37.956 PM 13/03/2018,-0.948858,1.269240,1.428508,1.505674,1.554940,0.190467,-0.328401,-0.272573,0.075530,-0.190473,-0.003284
12:40:38.958 PM 13/03/2018,-1.018163,1.262673,1.431792,1.497465,1.546730,0.177331,-0.328401,-0.272573,0.075530,-0.187189,0.000000
12:40:39.967 PM 13/03/2018,-1.036262,1.261031,1.425224,1.494181,1.545088,0.190467,-0.328401,-0.272573,0.078814,-0.190473,-0.003284
12:40:40.975 PM 13/03/2018,-0.736088,1.237222,1.402236,1.456416,1.515533,0.200319,-0.331685,-0.275857,0.068962,-0.190473,-0.006568
12:40:41.983 PM 13/03/2018,-0.736088,1.224907,1.382533,1.443280,1.504039,0.200319,-0.331685,-0.275857,0.072246,-0.190473,-0.003284
12:40:42.985 PM 13/03/2018,-0.692828,1.206846,1.362829,1.436712,1.495829,0.183899,-0.334969,-0.275857,0.075530,-0.190473,-0.003284
12:40:43.987 PM 13/03/2018,-0.711588,1.206846,1.356261,1.431786,1.487619,0.197035,-0.334969,-0.272573,0.078814,-0.190473,-0.006568
12:40:44.989 PM 13/03/2018,-0.271922,1.165796,1.329990,1.405515,1.410447,0.197035,-0.338253,-0.272573,0.078814,-0.190473,-0.006568
12:40:45.997 PM 13/03/2018,-0.373893,1.126389,1.288941,1.359540,1.233115,0.197035,-0.334969,-0.275857,0.075530,-0.190473,-0.009852
12:40:46.999 PM 13/03/2018,-0.197320,1.113253,1.269237,1.343121,1.215053,0.197035,-0.334969,-0.275857,0.075530,-0.190473,-0.006568
12:40:48.008 PM 13/03/2018,-0.211446,1.111611,1.261027,1.343121,1.213411,0.193751,-0.338253,-0.275857,0.091949,-0.190473,-0.006568
12:40:49.010 PM 13/03/2018,-0.260224,1.116537,1.270879,1.343121,1.215053,0.197035,-0.339895,-0.272573,0.088665,-0.190473,-0.003284
12:40:50.019 PM 13/03/2018,-0.280309,1.105044,1.251176,1.343121,1.215053,0.197035,-0.338253,-0.272573,0.078814,-0.190473,-0.006568
12:40:51.020 PM 13/03/2018,-0.302160,1.108328,1.269237,1.341479,1.215053,0.197035,-0.334969,-0.272573,0.085382,-0.190473,-0.006568
12:40:52.027 PM 13/03/2018,-0.331295,1.108328,1.264311,1.343121,1.213411,0.193751,-0.338253,-0.275857,0.078814,-0.193757,-0.006568
12:40:53.028 PM 13/03/2018,-0.343876,1.108328,1.270879,1.343121,1.213411,0.187183,-0.338253,-0.275857,0.068962,-0.190473,-0.003284
12:40:54.036 PM 13/03/2018,-2.492546,1.165796,1.282373,1.413725,1.508965,0.216738,-0.334969,-0.275857,0.111653,-0.190473,-0.003284
12:40:55.038 PM 13/03/2018,-2.466943,1.172364,1.287299,1.417009,1.515533,0.213454,-0.338253,-0.275857,0.108369,-0.190473,-0.003284
12:40:56.046 PM 13/03/2018,-5.231632,1.546733,1.599272,1.728981,1.794667,0.216738,-0.334969,-0.275857,0.134640,-0.203609,0.000000
12:40:57.048 PM 13/03/2018,-5.025483,1.581215,1.635395,1.748684,1.812729,0.229874,-0.334969,-0.275857,0.131356,-0.203609,0.000000
12:40:58.057 PM 13/03/2018,-5.963526,1.643609,1.687938,1.809437,1.852136,0.233158,-0.334969,-0.272573,0.128072,-0.203609,-0.003284
12:40:59.058 PM 13/03/2018,-6.588814,1.684659,1.727345,1.873473,1.888259,0.220022,-0.334969,-0.275857,0.137924,-0.206893,0.000000
12:41:00.066 PM 13/03/2018,-6.654809,1.735560,1.786456,1.901386,1.919456,0.236442,-0.338253,-0.275857,0.141208,-0.206893,-0.006568
12:41:01.068 PM 13/03/2018,-7.650458,1.843930,1.886616,2.021250,2.207622,0.233158,-0.338253,-0.275857,0.137924,-0.206893,-0.013136
12:41:02.070 PM 13/03/2018,-7.576077,1.891547,1.922739,2.039311,2.229788,0.239725,-0.338253,-0.275857,0.134640,-0.210177,-0.016420
12:41:03.071 PM 13/03/2018,-9.306049,1.999917,2.031109,2.144397,2.400553,0.224948,-0.338253,-0.275857,0.141208,-0.210177,-0.026272
12:41:04.082 PM 13/03/2018,-9.220411,2.001559,2.022899,2.142755,2.400553,0.243009,-0.341537,-0.275857,0.141208,-0.213461,-0.026272
12:41:05.083 PM 13/03/2018,-9.556121,2.083657,2.127164,2.219106,2.512207,0.236442,-0.338253,-0.275857,0.144492,-0.215103,-0.045976
12:41:06.085 PM 13/03/2018,-11.060080,2.139484,2.165750,2.247840,2.551614,0.239725,-0.338253,-0.275857,0.137924,-0.220029,-0.072248
12:41:07.087 PM 13/03/2018,-11.117907,2.142768,2.178886,2.249482,2.556540,0.220022,-0.341537,-0.275857,0.128072,-0.220029,-0.072248
12:41:08.088 PM 13/03/2018,-12.844127,2.252780,2.283972,2.325012,2.655879,0.223306,-0.334969,-0.275857,0.144492,-0.220029,-0.075532
12:41:09.097 PM 13/03/2018,-12.782768,2.279052,2.321737,2.341432,2.682971,0.229874,-0.334969,-0.275857,0.147776,-0.223313,-0.072248
12:41:10.099 PM 13/03/2018,-14.400617,2.325027,2.365249,2.366061,2.715811,0.229874,-0.334969,-0.275857,0.141208,-0.220029,-0.072248
12:41:11.101 PM 13/03/2018,-15.201816,2.377570,2.428465,2.405468,2.743724,0.223306,-0.334969,-0.275857,0.141208,-0.221671,-0.075532
12:41:12.103 PM 13/03/2018,-18.051701,2.477730,2.541761,2.466221,2.948970,0.223306,-0.331685,-0.275857,0.131356,-0.223313,-0.082100
12:41:13.104 PM 13/03/2018,-16.976151,2.517138,2.576242,2.480998,2.971137,0.229874,-0.331685,-0.275857,0.131356,-0.223313,-0.080458
12:41:14.106 PM 13/03/2018,-19.191919,2.586921,2.641921,2.528615,3.052414,0.226590,-0.331685,-0.275857,0.137924,-0.223313,-0.078816
12:41:15.109 PM 13/03/2018,-19.024397,2.580353,2.646847,2.530257,3.050772,0.221664,-0.331685,-0.275857,0.141208,-0.223313,-0.075532
12:41:16.111 PM 13/03/2018,-21.189400,2.655884,2.737976,2.587726,3.100031,0.226590,-0.331685,-0.275857,0.137924,-0.220029,-0.073890
12:41:17.113 PM 13/03/2018,-21.724857,2.756866,2.843883,2.666540,3.159142,0.233158,-0.321833,-0.275857,0.134640,-0.220029,-0.068964
12:41:18.115 PM 13/03/2018,-24.743368,2.825828,2.911203,2.692811,3.187056,0.236442,-0.315265,-0.279141,0.147776,-0.220029,-0.068964
12:41:19.117 PM 13/03/2018,-24.527067,2.825828,2.909561,2.696095,3.190340,0.223306,-0.315265,-0.279141,0.141208,-0.220029,-0.065680
12:41:20.118 PM 13/03/2018,-25.695978,2.832396,2.929265,2.709231,3.200191,0.221664,-0.315265,-0.279141,0.136282,-0.220029,-0.065680
12:41:21.128 PM 13/03/2018,-29.219709,2.939124,3.049129,2.797897,3.267512,0.233158,-0.311981,-0.282425,0.141208,-0.220029,-0.068964
12:41:22.137 PM 13/03/2018,-29.811670,2.971964,3.080326,2.815958,3.285574,0.236442,-0.311981,-0.279141,0.134640,-0.220029,-0.072248
12:41:23.139 PM 13/03/2018,-30.484854,2.998235,3.109881,2.845514,3.305278,0.233158,-0.311981,-0.282425,0.131356,-0.216745,-0.065680
12:41:24.152 PM 13/03/2018,-31.713139,3.060630,3.172276,2.886563,3.339759,0.228232,-0.311981,-0.282425,0.137924,-0.220029,-0.059112
12:41:25.166 PM 13/03/2018,-33.796257,3.106606,3.234671,2.927612,3.372598,0.223306,-0.311981,-0.288993,0.144492,-0.216745,-0.052544
12:41:26.175 PM 13/03/2018,-36.767757,3.175569,3.290498,2.991648,3.412005,0.231516,-0.311981,-0.295561,0.128072,-0.210177,-0.052544
12:41:27.176 PM 13/03/2018,-39.118382,3.231396,3.343041,3.058969,3.456339,0.223306,-0.308697,-0.298845,0.111653,-0.206893,-0.045976
12:41:28.182 PM 13/03/2018,-40.862259,3.288865,3.408720,3.119721,3.638597,0.226590,-0.288992,-0.311981,0.091949,-0.131360,-0.045976
12:41:29.195 PM 13/03/2018,-42.064720,3.354544,3.477682,3.190325,3.705918,0.223306,-0.216744,-0.325117,0.075530,-0.085384,-0.045976
12:41:30.209 PM 13/03/2018,-43.253498,3.416939,3.526942,3.234658,3.756819,0.223306,-0.180620,-0.321833,0.065678,-0.055828,-0.042692
12:41:31.215 PM 13/03/2018,-44.583309,3.449778,3.551571,3.269961,3.814288,0.221664,-0.170768,-0.328401,0.055826,-0.026272,-0.032840
12:41:32.223 PM 13/03/2018,-45.270180,3.497395,3.609040,3.315114,3.916090,0.210170,-0.151064,-0.331685,0.039407,0.036124,-0.036124
12:41:33.232 PM 13/03/2018,-45.348972,3.510531,3.613145,3.321682,3.921837,0.200319,-0.154348,-0.331685,0.029555,0.042692,-0.032840
12:41:34.233 PM 13/03/2018,-46.893986,3.589346,3.661583,3.390645,3.976843,0.200319,-0.108372,-0.331685,0.006568,0.082100,-0.029556
12:41:35.241 PM 13/03/2018,-47.026196,3.632037,3.709200,3.436620,4.011325,0.183899,-0.068964,-0.331685,-0.019703,0.134645,-0.016420
12:41:36.249 PM 13/03/2018,-48.396843,3.681296,3.760101,3.494088,4.040880,0.185541,-0.022988,-0.334969,-0.042691,0.197041,0.003284
12:41:37.257 PM 13/03/2018,-48.188267,3.776531,3.828243,3.581112,4.121337,0.157628,0.049260,-0.331685,-0.082098,0.305413,0.006568
12:41:38.258 PM 13/03/2018,-49.996811,3.794593,3.852051,3.595890,4.132831,0.141208,0.065680,-0.334969,-0.101801,0.328401,0.009852
12:41:39.260 PM 13/03/2018,-50.726719,3.917741,3.953854,3.737099,4.282250,0.124789,0.187188,-0.334969,-0.147776,0.476182,0.052544
12:41:40.262 PM 13/03/2018,-52.527321,3.975210,3.989977,3.761728,4.303596,0.083740,0.213460,-0.334969,-0.193751,0.512306,0.068964
12:41:41.264 PM 13/03/2018,-53.570206,4.054025,4.049088,3.817555,4.352855,0.059110,0.252869,-0.334969,-0.216738,0.584554,0.085384
12:41:42.266 PM 13/03/2018,-53.282612,4.060593,4.058940,3.822481,4.356139,0.032839,0.256153,-0.334969,-0.229873,0.591122,0.088668
12:41:43.267 PM 13/03/2018,-54.619709,4.145976,4.113125,3.879950,4.408682,0.016420,0.298845,-0.334969,-0.256145,0.630531,0.098520
12:41:44.269 PM 13/03/2018,-54.347343,4.208371,4.185371,3.939060,4.487497,0.009852,0.344821,-0.334969,-0.279132,0.709347,0.118224
12:41:45.269 PM 13/03/2018,-56.309071,4.274049,4.269112,3.976825,4.556459,-0.022987,0.380945,-0.334969,-0.298836,0.768459,0.147779
12:41:46.271 PM 13/03/2018,-55.900967,4.333160,4.316729,4.017875,4.650052,-0.032839,0.403933,-0.334969,-0.315255,0.781595,0.151063
12:41:47.273 PM 13/03/2018,-57.041405,4.379136,4.336433,4.042504,4.677966,-0.059110,0.420353,-0.334969,-0.338242,0.791447,0.157631
12:41:48.275 PM 13/03/2018,-57.618797,4.421827,4.367630,4.070417,4.727225,-0.078814,0.420353,-0.334969,-0.344810,0.791447,0.157631
12:41:49.276 PM 13/03/2018,-57.677509,4.502284,4.431667,4.150874,4.789620,-0.088666,0.528725,-0.334969,-0.371081,0.883400,0.174051
12:41:50.279 PM 13/03/2018,-59.515411,4.571247,4.466149,4.277305,4.827385,-0.131356,0.561565,-0.331685,-0.384217,0.922808,0.193755
12:41:51.285 PM 13/03/2018,-58.937134,4.630358,4.538395,4.306860,4.873361,-0.137924,0.561565,-0.334969,-0.390785,0.926092,0.190471
12:41:52.287 PM 13/03/2018,-60.699993,4.666482,4.559741,4.333132,4.904558,-0.151060,0.564849,-0.331685,-0.400637,0.926092,0.190471
12:41:53.294 PM 13/03/2018,-61.238541,4.704247,4.584371,4.359403,4.929188,-0.167479,0.568133,-0.331685,-0.410488,0.926092,0.190471
12:41:54.295 PM 13/03/2018,-60.862000,4.730519,4.623778,4.388958,4.952175,-0.157628,0.574701,-0.334969,-0.403921,0.926092,0.190471
12:41:55.297 PM 13/03/2018,-61.803574,4.791272,4.696025,4.438218,4.993225,-0.190467,0.614109,-0.334969,-0.407204,0.949080,0.193755
12:41:56.299 PM 13/03/2018,-62.866100,4.868445,4.747747,4.471057,5.022780,-0.206886,0.666654,-0.334969,-0.410488,0.970426,0.193755
12:41:57.309 PM 13/03/2018,-64.451942,5.162359,4.832308,4.569575,5.095027,-0.252861,0.715914,-0.331685,-0.417056,0.975352,0.190471
12:41:58.320 PM 13/03/2018,-64.096153,5.292076,4.927543,4.650031,5.211607,-0.279132,0.729050,-0.334969,-0.413772,0.972068,0.187187
12:41:59.321 PM 13/03/2018,-65.985481,5.361039,4.968592,4.674660,5.237879,-0.298836,0.745470,-0.331685,-0.417056,0.975352,0.183903
12:42:00.323 PM 13/03/2018,-66.783371,5.448063,5.016210,4.730487,5.333113,-0.334959,0.771742,-0.334969,-0.413772,0.975352,0.187187
12:42:01.324 PM 13/03/2018,-66.645424,5.535089,5.058080,4.756759,5.364311,-0.328391,0.788162,-0.325117,-0.413772,0.975352,0.187187
12:42:02.326 PM 13/03/2018,-68.499435,5.681224,5.144283,4.815869,5.416854,-0.364514,0.824286,-0.318549,-0.410488,0.975352,0.183903
12:42:03.327 PM 13/03/2018,-68.271217,5.822435,5.241160,4.896326,5.490743,-0.380933,0.843990,-0.315265,-0.420340,0.975352,0.187187
12:42:04.328 PM 13/03/2018,-69.871185,5.856916,5.254295,4.901252,5.490743,-0.394069,0.850558,-0.305413,-0.417056,0.975352,0.183903
12:42:05.339 PM 13/03/2018,-70.410393,5.925879,5.301913,4.942301,5.526866,-0.400637,0.860410,-0.302129,-0.410488,0.975352,0.183903
12:42:06.341 PM 13/03/2018,-70.917160,5.982528,5.333931,4.962004,5.543286,-0.400637,0.870262,-0.298845,-0.412130,0.975352,0.177335
12:42:07.344 PM 13/03/2018,-72.014999,6.045744,5.389759,4.998127,5.571200,-0.417056,0.880114,-0.302129,-0.410488,0.975352,0.177335
12:42:08.346 PM 13/03/2018,-72.121384,6.090078,5.406999,5.014547,5.582694,-0.426908,0.886682,-0.302129,-0.410488,0.978636,0.180619
12:42:09.348 PM 13/03/2018,-73.371742,6.218152,5.502234,5.086794,5.648373,-0.436760,0.893250,-0.302129,-0.410488,0.972068,0.180619
12:42:10.350 PM 13/03/2018,-72.925453,6.287116,5.553135,5.114707,5.677928,-0.417056,0.896534,-0.298845,-0.410488,0.975352,0.177335
12:42:11.352 PM 13/03/2018,-74.072739,6.344585,5.589258,5.134411,5.697632,-0.440044,0.912954,-0.298845,-0.407204,0.972068,0.174051
12:42:12.353 PM 13/03/2018,-73.889763,6.479227,5.694345,5.213225,5.778089,-0.433476,0.972066,-0.298845,-0.413772,0.978636,0.174051
12:42:13.355 PM 13/03/2018,-76.028938,6.518635,5.739499,5.239497,5.801076,-0.443328,0.978634,-0.288993,-0.410488,0.975352,0.174051
12:42:14.357 PM 13/03/2018,-77.761780,6.562968,5.809283,5.280546,5.830632,-0.459747,0.981918,-0.282425,-0.410488,0.975352,0.177335
12:42:15.359 PM 13/03/2018,-77.761780,6.600734,5.858542,5.314206,5.864293,-0.456463,0.988486,-0.275857,-0.417056,0.975352,0.177335
12:42:16.371 PM 13/03/2018,-77.741478,6.627006,5.888098,5.342940,5.886459,-0.463031,0.995054,-0.279141,-0.410488,0.972068,0.174051
12:42:17.372 PM 13/03/2018,-78.585274,6.659024,5.952135,5.377422,5.917657,-0.466315,1.004906,-0.275857,-0.415414,0.975352,0.174051
12:42:18.374 PM 13/03/2018,-81.712601,6.786278,6.145888,5.497285,6.044089,-0.472883,1.024611,-0.275857,-0.410488,0.967142,0.174051
12:42:19.376 PM 13/03/2018,-81.712601,6.805982,6.209925,5.515347,6.058867,-0.482735,1.024611,-0.275857,-0.420340,0.965500,0.174051
12:42:20.376 PM 13/03/2018,-82.499229,6.847032,6.259184,5.561322,6.101558,-0.469599,1.021327,-0.275857,-0.407204,0.962216,0.167483
12:42:21.387 PM 13/03/2018,-82.222450,6.871661,6.300234,5.587594,6.132756,-0.472883,1.024611,-0.275857,-0.420340,0.958932,0.170767
12:42:22.389 PM 13/03/2018,-83.154533,6.884797,6.337999,5.613865,6.155743,-0.479451,1.021327,-0.275857,-0.417056,0.952364,0.169125
12:42:23.391 PM 13/03/2018,-83.785561,6.915995,6.367555,5.646704,6.188583,-0.486019,1.018042,-0.279141,-0.417056,0.952364,0.167483
12:42:24.393 PM 13/03/2018,-84.374878,6.948834,6.408604,5.672976,6.214855,-0.486019,1.018042,-0.275857,-0.410488,0.949080,0.167483
12:42:25.396 PM 13/03/2018,-85.276505,6.968538,6.444727,5.714025,6.255904,-0.469599,1.018042,-0.275857,-0.403921,0.942512,0.167483
12:42:26.396 PM 13/03/2018,-85.508911,7.029292,6.507123,5.778062,6.321583,-0.472883,1.014758,-0.275857,-0.410488,0.935944,0.167483
12:42:27.397 PM 13/03/2018,-86.632141,7.067057,6.576086,5.840456,6.397114,-0.479451,1.008191,-0.275857,-0.410488,0.903104,0.164199
12:42:28.404 PM 13/03/2018,-87.398247,7.085119,6.594148,5.874938,6.421744,-0.482735,0.998338,-0.275857,-0.407204,0.863696,0.154347
12:42:29.418 PM 13/03/2018,-89.831635,7.173786,6.709086,5.981666,6.541608,-0.469599,0.937584,-0.275857,-0.410488,0.821003,0.147779
12:42:30.424 PM 13/03/2018,-89.326859,7.181996,6.746851,6.003011,6.571164,-0.472883,0.876830,-0.275857,-0.417056,0.788163,0.134643
12:42:31.435 PM 13/03/2018,-91.087074,7.237823,6.792827,6.067048,6.631917,-0.472883,0.840706,-0.277499,-0.410488,0.758607,0.124792
12:42:32.437 PM 13/03/2018,-91.383270,7.264916,6.837981,6.114665,6.672966,-0.479451,0.791446,-0.279141,-0.408846,0.722483,0.121508
12:42:33.438 PM 13/03/2018,-91.300064,7.285441,6.868358,6.149147,6.717300,-0.479451,0.765174,-0.275857,-0.410488,0.689643,0.111656
12:42:34.446 PM 13/03/2018,-92.232368,7.295293,6.889704,6.173776,6.755065,-0.479451,0.738902,-0.275857,-0.417056,0.630531,0.105088
12:42:35.454 PM 13/03/2018,-93.271942,7.323207,6.921722,6.211541,6.891349,-0.466315,0.725766,-0.272573,-0.407204,0.597690,0.101804
12:42:36.455 PM 13/03/2018,-93.251190,7.341269,6.942247,6.237813,6.920905,-0.472883,0.709346,-0.275857,-0.407204,0.571418,0.091952
12:42:37.457 PM 13/03/2018,-95.123085,7.383960,7.003000,6.291998,6.984942,-0.469599,0.673222,-0.275857,-0.410488,0.505738,0.085384
12:42:38.457 PM 13/03/2018,-95.233444,7.400380,7.034198,6.341257,7.039128,-0.476167,0.597689,-0.275857,-0.407204,0.459762,0.068964
12:42:39.459 PM 13/03/2018,-95.478218,7.421726,7.073605,6.375738,7.076893,-0.463031,0.568133,-0.279141,-0.407204,0.417070,0.065680
12:42:40.461 PM 13/03/2018,-97.228714,7.482479,7.142568,6.451269,7.157350,-0.474525,0.545145,-0.279141,-0.397353,0.362883,0.059112
12:42:41.463 PM 13/03/2018,-96.883957,7.502183,7.160630,6.474257,7.186906,-0.459747,0.512305,-0.279141,-0.384217,0.321833,0.062396
12:42:42.465 PM 13/03/2018,-98.278664,7.535023,7.208247,6.533367,7.241091,-0.472883,0.463045,-0.279141,-0.351378,0.285709,0.055828
12:42:43.467 PM 13/03/2018,-99.756798,7.577714,7.270643,6.592478,7.303486,-0.482735,0.420353,-0.275857,-0.328391,0.243017,0.045976
12:42:44.479 PM 13/03/2018,-99.644890,7.592492,7.303482,6.618750,7.331400,-0.476167,0.400649,-0.275857,-0.302119,0.203609,0.016420
12:42:45.489 PM 13/03/2018,-100.292915,7.618764,7.319902,6.649947,7.360956,-0.469599,0.380945,-0.275857,-0.292268,0.200325,0.013136
12:42:46.500 PM 13/03/2018,-100.292915,7.631900,7.339606,6.679502,7.390512,-0.459747,0.338253,-0.275857,-0.279132,0.164201,0.009852
12:42:47.512 PM 13/03/2018,-101.940559,7.658172,7.380655,6.720552,7.429919,-0.440044,0.331685,-0.275857,-0.262713,0.118224,0.006568
12:42:48.524 PM 13/03/2018,-101.286140,7.672949,7.406927,6.758317,7.459475,-0.433476,0.305413,-0.275857,-0.252861,0.078816,0.003284
12:42:49.526 PM 13/03/2018,-102.829163,7.702505,7.447976,6.794440,7.492314,-0.433476,0.262721,-0.275857,-0.233157,0.062396,-0.009852
12:42:50.527 PM 13/03/2018,-102.784576,7.722209,7.480816,6.823996,7.516944,-0.420340,0.239732,-0.275857,-0.220022,0.042692,-0.013136
12:42:51.529 PM 13/03/2018,-103.328644,7.733703,7.498878,6.848626,7.536648,-0.413773,0.210176,-0.275857,-0.206886,0.019704,-0.019704
12:42:52.531 PM 13/03/2018,-103.834526,7.753407,7.541569,6.888033,7.564561,-0.387501,0.183904,-0.275857,-0.200318,-0.009852,-0.026272
12:42:53.533 PM 13/03/2018,-103.834526,7.764901,7.564557,6.906095,7.587549,-0.387501,0.147780,-0.275857,-0.190467,-0.049260,-0.042692
12:42:54.534 PM 13/03/2018,-104.168243,7.779678,7.586724,6.927440,7.626956,-0.371082,0.137928,-0.275857,-0.167479,-0.065680,-0.042692
12:42:55.535 PM 13/03/2018,-104.168243,7.786246,7.595755,6.938934,7.699204,-0.367798,0.128076,-0.275857,-0.157628,-0.078816,-0.055828
12:42:56.537 PM 13/03/2018,-104.449661,7.805950,7.615458,6.963563,7.771451,-0.354662,0.114940,-0.275857,-0.144492,-0.085384,-0.068964
12:42:57.539 PM 13/03/2018,-105.208481,7.814981,7.622026,6.979983,7.801007,-0.357946,0.105088,-0.275857,-0.137924,-0.088668,-0.075532
12:42:58.541 PM 13/03/2018,-105.888504,7.845358,7.661434,7.014464,7.823994,-0.348094,0.062396,-0.279141,-0.131356,-0.105088,-0.062396
12:42:59.543 PM 13/03/2018,-106.101501,7.863420,7.690989,7.040736,7.846982,-0.341527,0.032840,-0.275857,-0.119863,-0.118224,-0.059112
12:43:00.546 PM 13/03/2018,-106.255775,7.884766,7.710693,7.058798,7.866686,-0.338243,0.013136,-0.275857,-0.105085,-0.131360,-0.082100
12:43:01.548 PM 13/03/2018,-107.075958,7.896259,7.746817,7.081785,7.889674,-0.321823,-0.006568,-0.275857,-0.098517,-0.177337,-0.091952
12:43:02.551 PM 13/03/2018,-107.040642,7.901186,7.745175,7.098205,7.896242,-0.311971,-0.022988,-0.279141,-0.075530,-0.206893,-0.095236
12:43:03.561 PM 13/03/2018,-107.120102,7.907753,7.764058,7.117908,7.911019,-0.302120,-0.026272,-0.282425,-0.062394,-0.216745,-0.098520
12:43:04.572 PM 13/03/2018,-107.745834,7.920889,7.784582,7.142538,7.930723,-0.295552,-0.026272,-0.292277,-0.049259,-0.216745,-0.098520
12:43:05.583 PM 13/03/2018,-107.795494,7.937309,7.791150,7.162242,7.947143,-0.292268,-0.032840,-0.298845,-0.036123,-0.226597,-0.131359
12:43:06.585 PM 13/03/2018,-108.304466,7.962760,7.814959,7.178661,7.966847,-0.288984,-0.049260,-0.298845,-0.039407,-0.266005,-0.147779
12:43:07.586 PM 13/03/2018,-108.893112,7.975075,7.838768,7.208217,7.993118,-0.282416,-0.065680,-0.305413,-0.022987,-0.292277,-0.157631
12:43:08.588 PM 13/03/2018,-109.084473,7.983285,7.841230,7.222995,8.004612,-0.298836,-0.085384,-0.311981,-0.022987,-0.318549,-0.174051
12:43:09.602 PM 13/03/2018,-109.185120,7.989853,7.869965,7.236131,8.021032,-0.288984,-0.101804,-0.338253,-0.004926,-0.334969,-0.200323
12:43:10.604 PM 13/03/2018,-109.470062,8.001347,7.876533,7.250908,8.034168,-0.285700,-0.111656,-0.472897,0.003284,-0.354673,-0.308695
12:43:11.606 PM 13/03/2018,-110.119415,8.021050,7.899521,7.285390,8.057156,-0.282416,-0.121508,-0.476181,0.013136,-0.374377,-0.311979
12:43:12.608 PM 13/03/2018,-110.293335,8.037471,7.915941,7.313303,8.075217,-0.272564,-0.137928,-0.472897,0.022987,-0.397365,-0.315263
12:43:13.621 PM 13/03/2018,-110.820625,8.045680,7.937286,7.339575,8.088353,-0.275848,-0.141212,-0.472897,0.029555,-0.403933,-0.310337
12:43:14.623 PM 13/03/2018,-110.875366,8.056354,7.953706,7.365846,8.104774,-0.272564,-0.141212,-0.476181,0.036123,-0.403933,-0.311979
12:43:15.624 PM 13/03/2018,-111.227188,8.062100,7.961916,7.378982,8.112983,-0.275848,-0.141212,-0.472897,0.042691,-0.417069,-0.321831
12:43:16.626 PM 13/03/2018,-111.334892,8.067026,7.966842,7.400328,8.129403,-0.272564,-0.141212,-0.472897,0.049259,-0.420353,-0.331683
12:43:17.629 PM 13/03/2018,-111.334892,8.076878,7.975052,7.424957,8.145823,-0.265997,-0.141212,-0.476181,0.057468,-0.420353,-0.338251
12:43:18.642 PM 13/03/2018,-111.689148,8.075236,7.976694,7.433167,8.149107,-0.275848,-0.141212,-0.476181,0.062394,-0.433490,-0.357955
12:43:19.643 PM 13/03/2018,-111.810760,8.076878,7.996397,7.447945,8.158958,-0.279132,-0.144496,-0.476181,0.068962,-0.436774,-0.361239
12:43:20.645 PM 13/03/2018,-111.684952,8.086730,7.994756,7.456155,8.165526,-0.275848,-0.144496,-0.476181,0.090307,-0.436774,-0.357955
12:43:21.647 PM 13/03/2018,-112.050674,8.116285,8.029238,7.482426,8.193440,-0.265997,-0.147780,-0.472897,0.085382,-0.446626,-0.361239
12:43:22.648 PM 13/03/2018,-112.789635,8.122853,8.032521,7.505414,8.206576,-0.265997,-0.157632,-0.476181,0.088665,-0.486034,-0.361239
12:43:23.650 PM 13/03/2018,-113.403664,8.142557,8.050583,7.533328,8.224638,-0.269281,-0.164200,-0.472897,0.095233,-0.518874,-0.380942
12:43:24.652 PM 13/03/2018,-113.403664,8.162261,8.075212,7.564525,8.250910,-0.279132,-0.164200,-0.472897,0.111653,-0.525442,-0.380942
12:43:25.654 PM 13/03/2018,-114.198021,8.168829,8.088348,7.584229,8.264046,-0.265997,-0.164200,-0.476181,0.124788,-0.532010,-0.384226
12:43:26.667 PM 13/03/2018,-114.937645,8.195101,8.106410,7.613784,8.288675,-0.262713,-0.164200,-0.472897,0.128072,-0.541862,-0.387510
12:43:27.668 PM 13/03/2018,-114.943825,8.188533,8.101484,7.626920,8.298528,-0.265997,-0.167484,-0.472897,0.131356,-0.545146,-0.387510
12:43:28.670 PM 13/03/2018,-115.121941,8.200027,8.131041,7.644981,8.313305,-0.269281,-0.167484,-0.476181,0.128072,-0.548430,-0.387510
12:43:29.670 PM 13/03/2018,-115.474205,8.211521,8.139250,7.666327,8.324799,-0.272564,-0.167484,-0.472897,0.124788,-0.548430,-0.387510
12:43:30.671 PM 13/03/2018,-115.533134,8.224657,8.155670,7.684389,8.337934,-0.265997,-0.167484,-0.472897,0.137924,-0.548430,-0.394078
12:43:31.671 PM 13/03/2018,-116.542473,8.236151,8.157311,7.700809,8.352713,-0.269281,-0.167484,-0.476181,0.137924,-0.548430,-0.394078
12:43:32.673 PM 13/03/2018,-116.358391,8.252571,8.190151,7.730364,8.380627,-0.265997,-0.167484,-0.476181,0.134640,-0.545146,-0.397362
12:43:33.687 PM 13/03/2018,-117.002441,8.270633,8.200004,7.748425,8.393763,-0.275848,-0.170768,-0.472897,0.134640,-0.545146,-0.394078
12:43:34.701 PM 13/03/2018,-117.177467,8.285410,8.204929,7.769772,8.411824,-0.275848,-0.170768,-0.472897,0.134640,-0.548430,-0.394078
12:43:35.716 PM 13/03/2018,-118.423630,8.305114,8.238590,7.800969,8.438096,-0.272564,-0.167484,-0.474539,0.141208,-0.548430,-0.394078
12:43:36.725 PM 13/03/2018,-118.241760,8.313324,8.250905,7.820673,8.457800,-0.265997,-0.167484,-0.472897,0.141208,-0.548430,-0.397362
12:43:37.727 PM 13/03/2018,-118.835045,8.336312,8.265682,7.838734,8.475862,-0.265997,-0.167484,-0.476181,0.147776,-0.548430,-0.397362
12:43:38.729 PM 13/03/2018,-119.642204,8.359300,8.275535,7.869932,8.498849,-0.265997,-0.170768,-0.476181,0.157628,-0.548430,-0.397362
12:43:39.740 PM 13/03/2018,-120.259544,8.370793,8.308374,7.892919,8.513627,-0.282416,-0.167484,-0.476181,0.141208,-0.548430,-0.394078
12:43:40.742 PM 13/03/2018,-120.259544,8.388035,8.318226,7.910981,8.534973,-0.269281,-0.170768,-0.476181,0.147776,-0.545146,-0.394078
12:43:41.744 PM 13/03/2018,-120.797653,8.392139,8.331362,7.932327,8.553035,-0.265997,-0.170768,-0.476181,0.151060,-0.548430,-0.397362
12:43:42.746 PM 13/03/2018,-121.126076,8.408560,8.342855,7.948746,8.571096,-0.256145,-0.170768,-0.476181,0.157628,-0.548430,-0.397362
12:43:43.748 PM 13/03/2018,-121.297134,8.413486,8.351066,7.960240,8.582590,-0.259429,-0.170768,-0.476181,0.157628,-0.548430,-0.400646
12:43:44.750 PM 13/03/2018,-122.472443,8.433189,8.370770,7.998005,8.607220,-0.272564,-0.170768,-0.476181,0.164195,-0.548430,-0.397362
12:43:45.754 PM 13/03/2018,-122.472443,8.449609,8.379801,8.017709,8.625282,-0.272564,-0.170768,-0.476181,0.167479,-0.548430,-0.397362
12:43:46.756 PM 13/03/2018,-122.346642,8.464387,8.393757,8.032487,8.635134,-0.275848,-0.170768,-0.495885,0.167479,-0.548430,-0.440054
12:43:47.756 PM 13/03/2018,-122.597816,8.472597,8.402788,8.042338,8.646627,-0.267639,-0.170768,-0.643666,0.174047,-0.548430,-0.581266
12:43:48.758 PM 13/03/2018,-123.114288,8.485733,8.415103,8.062042,8.659763,-0.265997,-0.170768,-0.643666,0.169121,-0.546788,-0.581266
12:43:49.760 PM 13/03/2018,-123.676453,8.493943,8.483245,8.088314,8.684394,-0.272564,-0.170768,-0.643666,0.180615,-0.545146,-0.582908
12:43:50.768 PM 13/03/2018,-124.007523,8.513647,8.551388,8.111301,8.702456,-0.272564,-0.170768,-0.643666,0.174047,-0.551714,-0.584550
12:43:51.770 PM 13/03/2018,-124.310791,8.521856,8.554671,8.137573,8.717233,-0.275848,-0.170768,-0.643666,0.187183,-0.548430,-0.584550
12:43:52.779 PM 13/03/2018,-124.207275,8.526783,8.544820,8.145783,8.720517,-0.275848,-0.170768,-0.643666,0.187183,-0.548430,-0.584550
12:43:53.789 PM 13/03/2018,-124.774292,8.543202,8.564524,8.172054,8.743505,-0.269281,-0.170768,-0.646950,0.190467,-0.548430,-0.591118
12:43:54.798 PM 13/03/2018,-125.302689,8.557981,8.562881,8.188475,8.759925,-0.269281,-0.170768,-0.643666,0.188825,-0.545146,-0.591118
12:43:55.800 PM 13/03/2018,-125.402229,8.561264,8.585869,8.204894,8.771419,-0.269281,-0.170768,-0.643666,0.188825,-0.548430,-0.591118
12:43:56.811 PM 13/03/2018,-125.377068,8.574400,8.589153,8.213104,8.779629,-0.279132,-0.170768,-0.643666,0.193751,-0.548430,-0.587834
12:43:57.813 PM 13/03/2018,-125.598450,8.576042,8.600647,8.219672,8.788659,-0.265997,-0.170768,-0.643666,0.200318,-0.548430,-0.591118
12:43:58.823 PM 13/03/2018,-126.166794,8.595746,8.612141,8.250870,8.809184,-0.262713,-0.170768,-0.643666,0.198676,-0.545146,-0.594402
12:43:59.825 PM 13/03/2018,-126.404282,8.594104,8.608036,8.262363,8.819036,-0.262713,-0.170768,-0.643666,0.213454,-0.545146,-0.591118
12:44:00.827 PM 13/03/2018,-126.605133,8.618734,8.636770,8.288635,8.843666,-0.265997,-0.170768,-0.646950,0.200318,-0.548430,-0.594402
12:44:01.829 PM 13/03/2018,-127.328423,8.626944,8.646623,8.300129,8.853518,-0.269281,-0.170768,-0.643666,0.213454,-0.548430,-0.591118
12:44:02.831 PM 13/03/2018,-128.146835,8.648290,8.672894,8.329684,8.874864,-0.269281,-0.170768,-0.643666,0.213454,-0.548430,-0.600969
12:44:03.833 PM 13/03/2018,-128.249908,8.672919,8.679462,8.355956,8.899493,-0.269281,-0.170768,-0.643666,0.220022,-0.548430,-0.607538
12:44:04.835 PM 13/03/2018,-128.764618,8.677846,8.702450,8.372375,8.909346,-0.262713,-0.170768,-0.643666,0.223306,-0.548430,-0.610821
12:44:05.836 PM 13/03/2018,-129.190598,8.684414,8.700808,8.392079,8.919197,-0.279132,-0.170768,-0.643666,0.226590,-0.548430,-0.610821
12:44:06.838 PM 13/03/2018,-129.663818,8.712327,8.714765,8.408499,8.940543,-0.274206,-0.170768,-0.646950,0.239725,-0.551714,-0.615747
12:44:07.848 PM 13/03/2018,-129.487015,8.713969,8.723796,8.410141,8.945469,-0.265997,-0.174052,-0.643666,0.243009,-0.548430,-0.623957
12:44:08.856 PM 13/03/2018,-130.465683,8.733673,8.750068,8.431486,8.973383,-0.269281,-0.170768,-0.643666,0.243009,-0.548430,-0.623957
12:44:09.859 PM 13/03/2018,-130.694565,8.745167,8.750068,8.446264,8.996370,-0.262713,-0.170768,-0.646950,0.246293,-0.551714,-0.623957
12:44:10.869 PM 13/03/2018,-131.475235,8.764871,8.781265,8.474178,9.016074,-0.265997,-0.170768,-0.643666,0.249577,-0.548430,-0.630525
12:44:11.871 PM 13/03/2018,-132.173584,8.792785,8.809179,8.503734,9.039062,-0.275848,-0.170768,-0.643666,0.259429,-0.548430,-0.630525
12:44:12.881 PM 13/03/2018,-131.973160,8.791142,8.810821,8.511943,9.047272,-0.279132,-0.170768,-0.643666,0.259429,-0.548430,-0.630525
12:44:13.890 PM 13/03/2018,-132.164963,8.796069,8.805895,8.520153,9.058766,-0.272564,-0.170768,-0.643666,0.262713,-0.548430,-0.630525
12:44:14.891 PM 13/03/2018,-132.620972,8.819057,8.821494,8.533289,9.075186,-0.269281,-0.170768,-0.643666,0.275848,-0.548430,-0.633809
12:44:15.895 PM 13/03/2018,-133.689896,8.837118,8.830524,8.556276,9.101458,-0.265997,-0.170768,-0.643666,0.272564,-0.545146,-0.633809
12:44:16.896 PM 13/03/2018,-133.721024,8.846971,8.853513,8.574338,9.119519,-0.272564,-0.170768,-0.643666,0.285700,-0.548430,-0.640377
12:44:17.898 PM 13/03/2018,-133.921432,8.861749,8.873217,8.595684,9.131013,-0.272564,-0.170768,-0.640382,0.288984,-0.545146,-0.650229
12:44:18.908 PM 13/03/2018,-134.698120,8.884736,8.886353,8.612103,9.150717,-0.262713,-0.170768,-0.643666,0.298836,-0.548430,-0.653513
12:44:19.919 PM 13/03/2018,-135.941635,8.901156,8.901130,8.644943,9.186841,-0.256145,-0.167484,-0.643666,0.302119,-0.545146,-0.653513
12:44:20.920 PM 13/03/2018,-135.675018,8.915934,8.927402,8.659721,9.198335,-0.262713,-0.167484,-0.646950,0.311971,-0.548430,-0.663365
12:44:21.931 PM 13/03/2018,-136.327011,8.935637,8.938895,8.677783,9.219681,-0.262713,-0.170768,-0.643666,0.325107,-0.548430,-0.666649
12:44:22.932 PM 13/03/2018,-137.064651,8.958626,8.948748,8.699128,9.242668,-0.272564,-0.167484,-0.643666,0.328391,-0.545146,-0.673217
12:44:23.934 PM 13/03/2018,-137.381805,8.979972,8.978303,8.735251,9.339545,-0.269281,-0.170768,-0.643666,0.338242,-0.548430,-0.676501
12:44:24.936 PM 13/03/2018,-137.766968,8.996391,8.978303,8.751672,9.377311,-0.269281,-0.167484,-0.640382,0.338242,-0.548430,-0.676501
12:44:25.938 PM 13/03/2018,-138.272842,9.009527,9.006217,8.769733,9.406867,-0.275848,-0.167484,-0.643666,0.338242,-0.548430,-0.676501
12:44:26.939 PM 13/03/2018,-139.032333,9.025948,9.019353,8.799289,9.436422,-0.279132,-0.167484,-0.646950,0.328391,-0.548430,-0.676501
12:44:27.941 PM 13/03/2018,-139.634003,9.057145,9.040699,8.825561,9.464336,-0.275848,-0.167484,-0.643666,0.344810,-0.545146,-0.683069
12:44:28.942 PM 13/03/2018,-139.832642,9.071923,9.055476,8.841980,9.479115,-0.292268,-0.167484,-0.643666,0.338242,-0.548430,-0.689637
12:44:29.943 PM 13/03/2018,-140.095291,9.088343,9.070254,8.861684,9.505386,-0.282416,-0.167484,-0.643666,0.341526,-0.548430,-0.696205
12:44:30.944 PM 13/03/2018,-140.972641,9.096553,9.089958,8.892881,9.534942,-0.295552,-0.167484,-0.646950,0.341526,-0.548430,-0.699489
12:44:31.945 PM 13/03/2018,-141.486252,9.126108,9.099810,8.912585,9.553003,-0.295552,-0.167484,-0.643666,0.341526,-0.545146,-0.696205
12:44:32.947 PM 13/03/2018,-142.049515,9.155664,9.145785,8.947066,9.587485,-0.298836,-0.167484,-0.643666,0.344810,-0.548430,-0.696205
12:44:33.948 PM 13/03/2018,-142.886688,9.183578,9.155638,8.970055,9.610474,-0.311971,-0.167484,-0.643666,0.338242,-0.545146,-0.699489
12:44:34.959 PM 13/03/2018,-143.334961,9.203282,9.178625,8.996325,9.626893,-0.331675,-0.164200,-0.643666,0.334959,-0.545146,-0.696205
12:44:35.971 PM 13/03/2018,-143.797592,9.221344,9.191761,9.017672,9.653165,-0.331675,-0.167484,-0.643666,0.344810,-0.545146,-0.699489
12:44:36.972 PM 13/03/2018,-144.077011,9.232838,9.188478,9.034091,9.667943,-0.341527,-0.167484,-0.646950,0.341526,-0.548430,-0.699489
12:44:37.973 PM 13/03/2018,-144.894760,9.242690,9.208181,9.055437,9.683541,-0.336601,-0.167484,-0.643666,0.351378,-0.545146,-0.696205
12:44:38.974 PM 13/03/2018,-145.112167,9.255826,9.226243,9.080067,9.702425,-0.344810,-0.167484,-0.643666,0.331675,-0.548430,-0.696205
12:44:39.976 PM 13/03/2018,-145.531967,9.276351,9.231169,9.101413,9.720487,-0.357946,-0.164200,-0.643666,0.348094,-0.545146,-0.696205
12:44:40.976 PM 13/03/2018,-145.608337,9.293591,9.250873,9.121116,9.741832,-0.364514,-0.164200,-0.643666,0.341526,-0.548430,-0.699489
12:44:41.977 PM 13/03/2018,-146.501129,9.306727,9.267292,9.139178,9.759894,-0.367798,-0.164200,-0.643666,0.341526,-0.548430,-0.692921
12:44:42.987 PM 13/03/2018,-147.558594,9.337925,9.293564,9.173659,9.789450,-0.371082,-0.160916,-0.646950,0.344810,-0.548430,-0.699489
12:44:43.989 PM 13/03/2018,-147.799393,9.357629,9.311626,9.196647,9.807511,-0.394069,-0.154348,-0.643666,0.341526,-0.548430,-0.696205
12:44:45.000 PM 13/03/2018,-147.679764,9.375691,9.316552,9.217993,9.840351,-0.377650,-0.151064,-0.643666,0.338242,-0.551714,-0.696205
12:44:46.010 PM 13/03/2018,-148.850433,9.392111,9.341182,9.234412,9.869907,-0.384217,-0.147780,-0.643666,0.338242,-0.548430,-0.699489
12:44:47.021 PM 13/03/2018,-149.050629,9.400321,9.352675,9.259042,9.894537,-0.387501,-0.144496,-0.646950,0.334959,-0.548430,-0.696205
12:44:48.022 PM 13/03/2018,-149.410172,9.413457,9.369096,9.282030,9.915883,-0.400637,-0.141212,-0.646950,0.348094,-0.545146,-0.696205
12:44:49.023 PM 13/03/2018,-149.980057,9.421667,9.383873,9.291882,9.922451,-0.407205,-0.141212,-0.646950,0.341526,-0.548430,-0.696205
12:44:50.034 PM 13/03/2018,-150.297897,9.438087,9.392083,9.314869,9.940513,-0.413773,-0.137928,-0.643666,0.349736,-0.545146,-0.696205
12:44:51.047 PM 13/03/2018,-150.748367,9.470926,9.407682,9.344425,9.968427,-0.413773,-0.134644,-0.646950,0.344810,-0.545146,-0.699489
12:44:52.049 PM 13/03/2018,-151.676270,9.490630,9.429849,9.364128,10.022613,-0.426908,-0.128076,-0.643666,0.351378,-0.545146,-0.697847
12:44:53.063 PM 13/03/2018,-152.179276,9.511976,9.454479,9.388759,10.070230,-0.426908,-0.121508,-0.643666,0.344810,-0.548430,-0.696205
12:44:54.064 PM 13/03/2018,-153.306259,9.526754,9.464331,9.416672,10.093218,-0.430192,-0.118224,-0.646950,0.338242,-0.548430,-0.699489
12:44:55.065 PM 13/03/2018,-153.217300,9.533322,9.474182,9.428165,10.106354,-0.440044,-0.118224,-0.646950,0.338242,-0.545146,-0.696205
12:44:56.067 PM 13/03/2018,-153.177582,9.553847,9.490602,9.442944,10.124415,-0.430192,-0.118224,-0.643666,0.338242,-0.545146,-0.699489
12:44:57.068 PM 13/03/2018,-153.795807,9.572730,9.510306,9.459363,10.147403,-0.443328,-0.118224,-0.643666,0.348094,-0.545146,-0.696205
12:44:58.080 PM 13/03/2018,-154.982147,9.591613,9.515232,9.482351,10.172033,-0.433476,-0.111656,-0.646950,0.341526,-0.545146,-0.699489
12:44:59.094 PM 13/03/2018,-155.296677,9.605570,9.533294,9.498771,10.188453,-0.449896,-0.101804,-0.646950,0.338242,-0.545146,-0.696205
12:45:00.105 PM 13/03/2018,-155.705429,9.620348,9.549714,9.516832,10.209799,-0.443328,-0.098520,-0.646950,0.341526,-0.545146,-0.696205
12:45:01.107 PM 13/03/2018,-155.617584,9.627737,9.561208,9.523400,10.218009,-0.449896,-0.098520,-0.643666,0.344810,-0.548430,-0.692921
12:45:02.109 PM 13/03/2018,-156.217941,9.649903,9.572701,9.544746,10.234428,-0.463031,-0.098520,-0.643666,0.338242,-0.545146,-0.696205
12:45:03.112 PM 13/03/2018,-156.574829,9.653188,9.589122,9.556240,10.247564,-0.463031,-0.098520,-0.643666,0.344810,-0.548430,-0.696205
12:45:04.113 PM 13/03/2018,-157.267670,9.669607,9.597331,9.569376,10.260700,-0.466315,-0.098520,-0.643666,0.341526,-0.545146,-0.699489
12:45:05.115 PM 13/03/2018,-157.346893,9.690953,9.613751,9.580870,10.280404,-0.466315,-0.098520,-0.643666,0.344810,-0.545146,-0.696205
12:45:06.117 PM 13/03/2018,-157.794510,9.702447,9.638381,9.592363,10.290257,-0.466315,-0.095236,-0.646950,0.344810,-0.545146,-0.696205
12:45:07.118 PM 13/03/2018,-158.172592,9.711478,9.651517,9.607141,10.301750,-0.476167,-0.082100,-0.643666,0.338242,-0.545146,-0.699489
12:45:08.131 PM 13/03/2018,-158.509857,9.725435,9.661369,9.621919,10.321454,-0.482735,-0.072248,-0.643666,0.344810,-0.548430,-0.699489
12:45:09.140 PM 13/03/2018,-159.069153,9.747602,9.682714,9.636697,10.336232,-0.482735,-0.068964,-0.643666,0.338242,-0.545146,-0.696205
12:45:10.142 PM 13/03/2018,-159.703934,9.768127,9.710629,9.666252,10.357578,-0.489302,-0.062396,-0.646950,0.325107,-0.545146,-0.699489
12:45:11.144 PM 13/03/2018,-160.148895,9.776337,9.727049,9.679388,10.369072,-0.502438,-0.062396,-0.643666,0.318539,-0.545146,-0.696205
12:45:12.144 PM 13/03/2018,-160.148895,9.791115,9.731975,9.687598,10.380566,-0.518858,-0.062396,-0.646950,0.308687,-0.545146,-0.699489
12:45:13.146 PM 13/03/2018,-160.532501,9.807535,9.746752,9.707302,10.388776,-0.531993,-0.062396,-0.643666,0.292268,-0.541862,-0.696205
12:45:14.148 PM 13/03/2018,-160.885193,9.822312,9.769740,9.736857,10.406837,-0.551697,-0.078816,-0.643666,0.265997,-0.541862,-0.689637
12:45:15.153 PM 13/03/2018,-161.230621,9.838733,9.789444,9.751636,10.418331,-0.551697,-0.078816,-0.643666,0.259429,-0.538578,-0.686353
12:45:16.155 PM 13/03/2018,-161.227524,9.850226,9.799295,9.761487,10.428184,-0.558265,-0.085384,-0.643666,0.246293,-0.538578,-0.686353
12:45:17.156 PM 13/03/2018,-161.899170,9.860079,9.807506,9.771338,10.441319,-0.553339,-0.078816,-0.643666,0.243009,-0.538578,-0.687995
12:45:18.158 PM 13/03/2018,-162.645630,9.878140,9.825567,9.795969,10.457739,-0.561548,-0.082100,-0.640382,0.239725,-0.535294,-0.679785
12:45:19.160 PM 13/03/2018,-162.488480,9.889634,9.830494,9.802537,10.465949,-0.558265,-0.078816,-0.646950,0.220022,-0.535294,-0.679785
12:45:20.168 PM 13/03/2018,-163.136719,9.904412,9.854302,9.815672,10.487295,-0.574684,-0.082100,-0.643666,0.216738,-0.535294,-0.679785
12:45:21.170 PM 13/03/2018,-163.882965,9.924116,9.868259,9.832092,10.551332,-0.586178,-0.078816,-0.643666,0.203602,-0.535294,-0.676501
12:45:22.181 PM 13/03/2018,-164.468964,9.942178,9.883038,9.856722,10.562826,-0.600955,-0.082100,-0.643666,0.193751,-0.535294,-0.676501
12:45:23.193 PM 13/03/2018,-164.731171,9.963524,9.904383,9.871500,10.577604,-0.627227,-0.078816,-0.640382,0.167479,-0.532010,-0.676501
12:45:24.204 PM 13/03/2018,-165.067322,9.978302,9.907667,9.882994,10.590740,-0.637078,-0.078816,-0.643666,0.152702,-0.535294,-0.673217
12:45:25.206 PM 13/03/2018,-165.410980,9.994722,9.937222,9.892845,10.603876,-0.643646,-0.078816,-0.643666,0.141208,-0.532010,-0.669933
12:45:26.206 PM 13/03/2018,-165.849548,10.002932,9.938865,9.905981,10.617012,-0.663350,-0.078816,-0.643666,0.118221,-0.532010,-0.663365
12:45:27.207 PM 13/03/2018,-166.245728,10.014426,9.950358,9.924043,10.630148,-0.669917,-0.078816,-0.643666,0.121505,-0.532010,-0.656797
12:45:28.214 PM 13/03/2018,-166.860870,10.040698,9.963494,9.938821,10.646568,-0.679769,-0.078816,-0.643666,0.088665,-0.532010,-0.653513
12:45:29.227 PM 13/03/2018,-167.429871,10.060402,9.983198,9.956882,10.667913,-0.702757,-0.072248,-0.643666,0.075530,-0.528726,-0.653513
12:45:30.234 PM 13/03/2018,-167.450394,10.071896,9.997976,9.974944,10.682692,-0.735596,-0.072248,-0.643666,0.045975,-0.525442,-0.650229
12:45:31.241 PM 13/03/2018,-168.201492,10.089957,9.999619,9.993006,10.700753,-0.722460,-0.062396,-0.646950,0.032839,-0.512306,-0.637093
12:45:32.249 PM 13/03/2018,-168.391083,10.098167,10.020143,10.012710,10.722099,-0.745447,-0.062396,-0.643666,0.009852,-0.479466,-0.623957
12:45:33.258 PM 13/03/2018,-168.636749,10.116229,10.025890,10.022562,10.735235,-0.761867,-0.059112,-0.643666,-0.019703,-0.449910,-0.600969
12:45:34.266 PM 13/03/2018,-169.056320,10.137575,10.045594,10.035697,10.807483,-0.781570,-0.026272,-0.643666,-0.039407,-0.403933,-0.591118
12:45:35.268 PM 13/03/2018,-169.461121,10.155637,10.071866,10.050475,10.832113,-0.801274,-0.019704,-0.643666,-0.065678,-0.357957,-0.577982
12:45:36.278 PM 13/03/2018,-170.513931,10.175341,10.075150,10.070179,10.851817,-0.820977,0.000000,-0.643666,-0.085382,-0.325117,-0.538574
12:45:37.289 PM 13/03/2018,-170.481705,10.195045,10.093211,10.086598,10.866594,-0.840681,0.026272,-0.643666,-0.111653,-0.288993,-0.512302
12:45:38.300 PM 13/03/2018,-170.820511,10.216391,10.111273,10.109587,10.891225,-0.860384,0.068964,-0.643666,-0.134640,-0.223313,-0.492598
12:45:39.301 PM 13/03/2018,-171.845291,10.227885,10.140829,10.129291,10.910929,-0.899791,0.114940,-0.643666,-0.180615,-0.210177,-0.469610
12:45:40.309 PM 13/03/2018,-172.072189,10.241021,10.147397,10.150636,10.930633,-0.921136,0.137928,-0.646950,-0.210170,-0.144497,-0.463042
12:45:41.311 PM 13/03/2018,-171.775986,10.255798,10.167101,10.162129,10.974966,-0.942482,0.141212,-0.643666,-0.233157,-0.111656,-0.459758
12:45:42.318 PM 13/03/2018,-172.736771,10.351034,10.166280,10.178550,10.986460,-0.955617,0.174052,-0.643666,-0.259429,-0.095236,-0.456474
12:45:43.326 PM 13/03/2018,-172.921951,10.378948,10.180237,10.191686,11.002880,-0.965469,0.193756,-0.643666,-0.285700,-0.078816,-0.443338
12:45:44.326 PM 13/03/2018,-173.275314,10.393726,10.196656,10.211390,11.022584,-1.001592,0.226596,-0.643666,-0.311971,-0.045976,-0.420350
12:45:45.328 PM 13/03/2018,-174.506912,10.413430,10.214719,10.240945,11.052139,-1.018012,0.269289,-0.646950,-0.344810,0.019704,-0.390794
12:45:46.330 PM 13/03/2018,-174.549500,10.438060,10.234423,10.259007,11.071843,-1.057419,0.292277,-0.646950,-0.384217,0.045976,-0.390794
12:45:47.337 PM 13/03/2018,-175.196869,10.451196,10.252484,10.267217,11.086621,-1.077122,0.308697,-0.643666,-0.403921,0.062396,-0.387510
12:45:48.339 PM 13/03/2018,-175.429276,10.461048,10.245916,10.277068,11.101399,-1.080406,0.321833,-0.643666,-0.431834,0.072248,-0.380942
12:45:49.346 PM 13/03/2018,-176.000717,10.484035,10.262336,10.311550,11.127671,-1.106677,0.348105,-0.646950,-0.466315,0.082100,-0.380942
12:45:50.347 PM 13/03/2018,-175.951050,10.498814,10.296818,10.329612,11.144092,-1.119813,0.361241,-0.646950,-0.479450,0.124792,-0.377658
12:45:51.349 PM 13/03/2018,-176.796173,10.505382,10.318164,10.344389,11.162153,-1.139516,0.374377,-0.646950,-0.495870,0.170769,-0.364523
12:45:52.357 PM 13/03/2018,-177.049332,10.516876,10.316522,10.354241,11.172005,-1.165788,0.377661,-0.643666,-0.528709,0.183905,-0.367807
12:45:53.358 PM 13/03/2018,-177.922714,10.543148,10.333762,10.373945,11.194993,-1.182207,0.397365,-0.643666,-0.545129,0.220029,-0.361239
12:45:54.365 PM 13/03/2018,-177.856277,10.561210,10.332942,10.382154,11.206487,-1.188775,0.413785,-0.643666,-0.571400,0.229881,-0.344819
12:45:55.368 PM 13/03/2018,-178.205444,10.568599,10.340330,10.392007,11.213055,-1.208478,0.423637,-0.646950,-0.600955,0.243017,-0.321831
12:45:56.376 PM 13/03/2018,-178.498993,10.575988,10.367423,10.408426,11.229475,-1.228182,0.430205,-0.646950,-0.620658,0.262721,-0.321831
12:45:57.378 PM 13/03/2018,-178.876205,10.590766,10.372350,10.416636,11.240969,-1.224898,0.456477,-0.643666,-0.643646,0.282425,-0.305411
12:45:58.380 PM 13/03/2018,-179.390244,10.605543,10.409294,10.442908,11.262315,-1.244601,0.505737,-0.646950,-0.660065,0.308697,-0.305411
12:45:59.388 PM 13/03/2018,-179.606339,10.625247,10.419967,10.469180,11.285302,-1.267589,0.535293,-0.646950,-0.686336,0.351389,-0.292275
12:46:00.395 PM 13/03/2018,-180.625153,10.641667,10.436387,10.483957,11.303365,-1.284008,0.554997,-0.646950,-0.725743,0.397366,-0.279139
12:46:01.397 PM 13/03/2018,-181.104553,10.656446,10.449523,10.500378,11.316501,-1.306996,0.564849,-0.646950,-0.752015,0.453194,-0.264361
12:46:02.399 PM 13/03/2018,-180.958664,10.669581,10.465942,10.520082,11.327994,-1.329983,0.577985,-0.646950,-0.768434,0.463046,-0.256151
12:46:03.407 PM 13/03/2018,-181.412003,10.684360,10.482363,10.533217,11.341130,-1.343119,0.597689,-0.646950,-0.797989,0.505738,-0.252867
12:46:04.415 PM 13/03/2018,-182.286713,10.697495,10.485646,10.551279,11.360834,-1.367748,0.660085,-0.643666,-0.829186,0.561566,-0.236447
12:46:05.415 PM 13/03/2018,-182.268387,10.710631,10.506992,10.569341,11.373970,-1.385809,0.702778,-0.646950,-0.853816,0.650235,-0.200323
12:46:06.417 PM 13/03/2018,-182.147430,10.715557,10.513560,10.608748,11.395316,-1.428500,0.745470,-0.646950,-0.922778,0.758607,-0.160915
12:46:07.419 PM 13/03/2018,-182.570770,10.728693,10.528338,10.638304,11.410094,-1.464623,0.765174,-0.646950,-0.965468,0.775027,-0.157631
12:46:08.420 PM 13/03/2018,-183.115494,10.740187,10.553789,10.666218,11.429798,-1.497462,0.784878,-0.646950,-0.996666,0.791447,-0.144495
12:46:09.428 PM 13/03/2018,-183.146393,10.751681,10.550505,10.667859,11.436366,-1.517166,0.801298,-0.646950,-1.021295,0.804583,-0.137927
12:46:10.436 PM 13/03/2018,-183.111969,10.756607,10.559536,10.672786,11.444575,-1.517166,0.811150,-0.646950,-1.040998,0.807867,-0.137927
12:46:11.438 PM 13/03/2018,-183.634171,10.768101,10.579240,10.692489,11.464279,-1.530301,0.830854,-0.646950,-1.070553,0.817719,-0.128075
12:46:12.447 PM 13/03/2018,-184.550369,10.797657,10.594018,10.712193,11.485625,-1.559856,0.850558,-0.646950,-1.090257,0.843992,-0.111656
12:46:13.448 PM 13/03/2018,-184.550369,10.810793,10.610437,10.730254,11.502046,-1.576276,0.857126,-0.646950,-1.113244,0.906388,-0.098520
12:46:14.450 PM 13/03/2018,-185.420425,10.823929,10.635067,10.763094,11.528317,-1.595979,0.909670,-0.643666,-1.169071,0.968784,-0.072248
12:46:15.452 PM 13/03/2018,-185.462814,10.833781,10.644919,10.789366,11.544737,-1.615683,0.975350,-0.643666,-1.205194,1.008192,-0.059112
12:46:16.454 PM 13/03/2018,-186.134674,10.858411,10.664623,10.820563,11.575935,-1.658374,1.011474,-0.630530,-1.244600,1.073873,-0.032840
12:46:17.456 PM 13/03/2018,-186.772324,10.873189,10.686790,10.846835,11.607133,-1.687929,1.057451,-0.600973,-1.300427,1.154331,0.000000
12:46:18.458 PM 13/03/2018,-186.869659,10.887967,10.704031,10.874749,11.653109,-1.737187,1.100143,-0.581269,-1.402228,1.241357,0.042692
12:46:19.459 PM 13/03/2018,-183.884247,10.897819,10.717167,10.884601,11.874778,-1.840630,1.221651,-0.476181,-1.641953,1.605883,0.269287
12:46:20.467 PM 13/03/2018,-183.899261,10.896176,10.702389,10.889526,11.910902,-1.840630,1.221651,-0.476181,-1.691211,1.622303,0.275855
12:46:21.469 PM 13/03/2018,-185.321548,10.899461,10.724556,10.920724,11.961803,-1.865260,1.228219,-0.476181,-1.750322,1.668280,0.285707
12:46:22.471 PM 13/03/2018,-185.240997,10.891251,10.727019,10.938787,11.988075,-1.883321,1.231503,-0.476181,-1.797938,1.701120,0.288991
12:46:23.472 PM 13/03/2018,-185.422867,10.904387,10.741796,10.971625,12.011064,-1.904667,1.234787,-0.476181,-1.852123,1.766800,0.341535
12:46:24.474 PM 13/03/2018,-185.929840,10.927375,10.771353,11.043873,12.053756,-1.957209,1.297183,-0.476181,-1.958850,1.921149,0.394079
12:46:25.475 PM 13/03/2018,-184.741074,10.927375,10.777921,11.140750,12.063607,-2.024529,1.339875,-0.472897,-2.091848,2.059078,0.410498
12:46:26.476 PM 13/03/2018,-184.680817,10.927375,10.761500,11.194935,12.076743,-2.068862,1.353011,-0.476181,-2.157526,2.114906,0.413783
12:46:27.477 PM 13/03/2018,-185.145203,10.925733,10.786131,11.245836,12.098089,-2.091849,1.372716,-0.476181,-2.233056,2.177303,0.413783
12:46:28.478 PM 13/03/2018,-184.852081,10.927375,10.791057,11.270467,12.103015,-2.124688,1.376000,-0.476181,-2.288882,2.187155,0.417066
12:46:29.479 PM 13/03/2018,-184.862244,10.927375,10.774636,11.285244,12.116151,-2.150959,1.389136,-0.476181,-2.315153,2.203575,0.417066
12:46:30.481 PM 13/03/2018,-185.623932,10.935584,10.804193,11.311516,12.137497,-2.167379,1.418692,-0.476181,-2.354560,2.226563,0.423634
12:46:31.488 PM 13/03/2018,-185.918152,10.952004,10.805835,11.341072,12.163769,-2.183799,1.441680,-0.472897,-2.390683,2.249551,0.426918
12:46:32.496 PM 13/03/2018,-186.542114,10.970066,10.830464,11.359134,12.181010,-2.210070,1.461384,-0.476181,-2.436658,2.288960,0.436770
12:46:33.498 PM 13/03/2018,-187.567337,10.986486,10.850989,11.393615,12.208103,-2.233057,1.527064,-0.476181,-2.485916,2.348072,0.449906
12:46:34.500 PM 13/03/2018,-187.941452,10.999622,10.864125,11.419887,12.229448,-2.262612,1.569756,-0.476181,-2.531891,2.377628,0.456474
12:46:35.502 PM 13/03/2018,-188.270538,11.014400,10.890397,11.441233,12.255721,-2.285600,1.609164,-0.476181,-2.577865,2.446592,0.453190
12:46:36.504 PM 13/03/2018,-188.350662,11.025894,10.910922,11.460937,12.272141,-2.321723,1.638721,-0.476181,-2.617272,2.499137,0.453190
12:46:37.505 PM 13/03/2018,-188.855209,11.043956,10.949509,11.480640,12.293487,-2.361130,1.707685,-0.469613,-2.671457,2.548397,0.463042
12:46:38.507 PM 13/03/2018,-184.287491,11.234427,11.436358,11.738431,12.334537,-3.239574,2.676469,0.311981,-3.512136,3.425231,1.172384
12:46:39.509 PM 13/03/2018,-180.687180,11.232786,11.474124,11.738431,12.334537,-3.251068,2.676469,0.311981,-3.533481,3.425231,1.178952
12:46:40.510 PM 13/03/2018,-181.184677,11.232786,11.503680,11.739252,12.332894,-3.257636,2.676469,0.311981,-3.530197,3.421947,1.175668
12:46:41.518 PM 13/03/2018,-183.010880,11.234427,11.526669,11.738431,12.334537,-3.251068,2.676469,0.308697,-3.520345,3.425231,1.182236
12:46:42.524 PM 13/03/2018,-184.663818,11.232786,11.559508,11.740073,12.334537,-3.247784,2.676469,0.311981,-3.526913,3.425231,1.188804
12:46:43.526 PM 13/03/2018,-185.797195,11.232786,11.610410,11.740073,12.346030,-3.251068,2.676469,0.308697,-3.530197,3.421947,1.221644
12:46:44.528 PM 13/03/2018,-185.797195,11.238533,11.637503,11.754851,12.360808,-3.260919,2.676469,0.308697,-3.533481,3.425231,1.234780
12:46:45.536 PM 13/03/2018,-187.004288,11.246743,11.651460,11.772913,12.372302,-3.254352,2.676469,0.311981,-3.523629,3.435083,1.241348
12:46:46.538 PM 13/03/2018,-187.519882,11.270552,11.697435,11.799185,12.396933,-3.254352,2.676469,0.308697,-3.538407,3.448219,1.254484
12:46:47.546 PM 13/03/2018,-188.783478,11.290256,11.736843,11.823814,12.423204,-3.254352,2.679753,0.311981,-3.553184,3.464639,1.274188
12:46:48.548 PM 13/03/2018,-188.752808,11.298466,11.750800,11.840235,12.437983,-3.257636,2.683037,0.315265,-3.563036,3.474492,1.287324
12:46:49.551 PM 13/03/2018,-189.357788,11.316527,11.769683,11.863222,12.457686,-3.274055,2.686321,0.311981,-3.595875,3.487628,1.307028
12:46:50.553 PM 13/03/2018,-190.196060,11.331306,11.796776,11.884568,12.474106,-3.313462,2.683037,0.311981,-3.661553,3.520468,1.330016
12:46:51.555 PM 13/03/2018,-190.803040,11.352652,11.832079,11.910840,12.502020,-3.372572,2.697815,0.315265,-3.737083,3.586149,1.339868
12:46:52.557 PM 13/03/2018,-191.383957,11.369072,11.851783,11.933827,12.528292,-3.402127,2.732297,0.315265,-3.783057,3.664965,1.356288
12:46:53.559 PM 13/03/2018,-191.860703,11.380566,11.863276,11.948606,12.544712,-3.438250,2.765137,0.315265,-3.832316,3.684669,1.366140
12:46:54.567 PM 13/03/2018,-192.395935,11.401091,11.900221,11.979803,12.572626,-3.477657,2.809472,0.311981,-3.897994,3.750350,1.379276
12:46:55.575 PM 13/03/2018,-192.909988,11.411763,11.946198,11.996222,12.593972,-3.530200,2.857090,0.315265,-3.971882,3.822598,1.402264
12:46:56.576 PM 13/03/2018,-192.909988,11.421616,11.943734,12.002790,12.605466,-3.563039,2.880078,0.315265,-4.003079,3.845586,1.412116
12:46:57.578 PM 13/03/2018,-193.149246,11.436394,11.947839,12.024137,12.620244,-3.579458,2.903066,0.315265,-4.035918,3.911267,1.412116
12:46:58.585 PM 13/03/2018,-193.428665,11.451171,11.976574,12.048766,12.641590,-3.605729,2.932622,0.311981,-4.065473,3.944107,1.431820
12:46:59.587 PM 13/03/2018,-194.268494,11.465949,12.011877,12.076680,12.666220,-3.635284,2.968746,0.311981,-4.124583,3.980232,1.451523
12:47:00.588 PM 13/03/2018,-194.946533,11.487295,12.040611,12.102952,12.692492,-3.687827,3.008155,0.311981,-4.177125,4.039344,1.451523
12:47:01.594 PM 13/03/2018,-196.094925,11.503716,12.076735,12.125939,12.715480,-3.717382,3.047563,0.311981,-4.226384,4.108308,1.464659
12:47:02.596 PM 13/03/2018,-195.709778,11.516851,12.084946,12.148928,12.731899,-3.740369,3.093539,0.315265,-4.272358,4.134581,1.477795
12:47:03.598 PM 13/03/2018,-196.302612,11.529987,12.089871,12.165347,12.751603,-3.783060,3.132947,0.315265,-4.328185,4.170705,1.490931
12:47:04.606 PM 13/03/2018,-196.662384,11.541481,12.119428,12.178483,12.768845,-3.822467,3.159219,0.315265,-4.370875,4.279078,1.513919
12:47:05.608 PM 13/03/2018,-197.555405,11.561185,12.155551,12.218712,12.795938,-3.865158,3.238036,0.311981,-4.420134,4.367747,1.536907
12:47:06.609 PM 13/03/2018,-197.322098,11.575963,12.222873,12.231027,12.815641,-3.932478,3.303716,0.311981,-4.482528,4.433427,1.543475
12:47:07.610 PM 13/03/2018,-197.510376,11.587457,12.254071,12.243341,12.827135,-3.970243,3.320136,0.311981,-4.528503,4.462984,1.550043
12:47:08.612 PM 13/03/2018,-198.410889,11.603877,12.283627,12.262224,12.845198,-4.012933,3.359544,0.311981,-4.577761,4.512244,1.556611
12:47:09.613 PM 13/03/2018,-198.653687,11.620297,12.324677,12.280286,12.874753,-4.049056,3.398952,0.311981,-4.628662,4.564788,1.579599
12:47:10.615 PM 13/03/2018,-199.028900,11.626865,12.358337,12.313126,12.899384,-4.111450,3.441645,0.313623,-4.694340,4.627185,1.582883
12:47:11.616 PM 13/03/2018,-199.363510,11.635076,12.369831,12.332829,12.910877,-4.131154,3.458065,0.311981,-4.730463,4.650173,1.592735
12:47:12.617 PM 13/03/2018,-199.762115,11.648211,12.406776,12.350891,12.927298,-4.163993,3.471201,0.311981,-4.768228,4.692865,1.602587
12:47:13.618 PM 13/03/2018,-200.217682,11.672841,12.449469,12.367311,12.953569,-4.216535,3.513893,0.311981,-4.837189,4.781534,1.609155
12:47:14.626 PM 13/03/2018,-200.716049,11.684335,12.467530,12.393583,12.971631,-4.255942,3.546733,0.311981,-4.896299,4.820943,1.612439
12:47:15.628 PM 13/03/2018,-200.915359,11.705681,12.500370,12.418213,12.996261,-4.272362,3.599278,0.311981,-4.942274,4.886623,1.619007
12:47:16.636 PM 13/03/2018,-201.491653,11.722101,12.526642,12.441200,13.022533,-4.305201,3.635402,0.311981,-4.991533,4.958872,1.638711
12:47:17.637 PM 13/03/2018,-202.220673,11.738521,12.561124,12.474040,13.052089,-4.357743,3.697798,0.311981,-5.067062,5.040973,1.664983
12:47:18.639 PM 13/03/2018,-203.399292,11.773003,12.615310,12.506880,13.086571,-4.403718,3.760195,0.315265,-5.122889,5.116506,1.684687
12:47:19.639 PM 13/03/2018,-204.005386,11.789423,12.649792,12.526584,13.107917,-4.449692,3.779899,0.315265,-5.198418,5.155914,1.691255
12:47:20.641 PM 13/03/2018,-204.380600,11.804201,12.674421,12.559423,13.139114,-4.492383,3.825875,0.313623,-5.283800,5.224878,1.701107
12:47:21.643 PM 13/03/2018,-204.567764,11.810769,12.687557,12.572559,13.150609,-4.528506,3.855431,0.315265,-5.333058,5.274139,1.720811
12:47:22.646 PM 13/03/2018,-205.160614,11.833756,12.741743,12.608684,13.186732,-4.567913,3.924396,0.315265,-5.392168,5.362808,1.737231
12:47:23.648 PM 13/03/2018,-205.270309,11.851819,12.766374,12.636597,13.216289,-4.604036,3.953952,0.315265,-5.444711,5.402216,1.747083
12:47:24.650 PM 13/03/2018,-206.012802,11.863313,12.795929,12.656301,13.240919,-4.623739,3.980224,0.315265,-5.500537,5.441625,1.753651
12:47:25.652 PM 13/03/2018,-206.662140,11.874806,12.818917,12.680930,13.265549,-4.663146,4.006496,0.315265,-5.546512,5.487601,1.760219
12:47:26.653 PM 13/03/2018,-207.252991,11.892869,12.864893,12.705561,13.296746,-4.695985,4.055757,0.315265,-5.615473,5.556566,1.786491
12:47:27.653 PM 13/03/2018,-207.002045,11.899437,12.873103,12.725265,13.316451,-4.725540,4.085313,0.311981,-5.651596,5.618962,1.806195
12:47:28.654 PM 13/03/2018,-207.882477,11.919141,12.912511,12.743326,13.339438,-4.755095,4.141141,0.315265,-5.707422,5.664939,1.822615
12:47:29.656 PM 13/03/2018,-208.708176,11.943770,12.955203,12.781092,13.377205,-4.784650,4.183833,0.315265,-5.773100,5.743755,1.842319
12:47:30.657 PM 13/03/2018,-208.792938,11.963475,12.995432,12.805721,13.405119,-4.815847,4.269218,0.315265,-5.832211,5.832425,1.875159
12:47:31.658 PM 13/03/2018,-209.709122,11.988105,13.027451,12.825425,13.433033,-4.847044,4.315194,0.315265,-5.881469,5.894821,1.885010
12:47:32.660 PM 13/03/2018,-210.309921,12.014377,13.081636,12.868117,13.475724,-4.919290,4.387443,0.315265,-5.979986,5.986774,1.901430
12:47:33.661 PM 13/03/2018,-210.785782,12.024229,13.129254,12.894389,13.506923,-4.961981,4.446555,0.315265,-6.035812,6.068875,1.937554
12:47:34.662 PM 13/03/2018,-210.785782,12.030797,13.160452,12.905883,13.523342,-4.991536,4.505667,0.318549,-6.071935,6.108284,1.953974
12:47:35.662 PM 13/03/2018,-210.883774,12.043933,13.173588,12.925587,13.551256,-5.011240,4.548360,0.318549,-6.111342,6.147692,1.963826
12:47:36.664 PM 13/03/2018,-211.311310,12.063637,13.201502,12.948574,13.585738,-5.053930,4.571348,0.315265,-6.172094,6.223225,1.983530
12:47:37.665 PM 13/03/2018,-212.204758,12.088266,13.254046,12.978130,13.639924,-5.116324,4.696141,0.315265,-6.262401,6.298758,2.029506
12:47:38.667 PM 13/03/2018,-212.152237,12.106329,13.288528,13.009328,13.684258,-5.155731,4.817649,0.325117,-6.328079,6.413699,2.072198
12:47:39.669 PM 13/03/2018,-212.842636,12.084983,13.269645,13.049557,13.779494,-5.362617,4.983493,0.643666,-6.536606,6.627161,2.444932
12:47:40.676 PM 13/03/2018,-181.891846,12.019302,13.181798,13.075007,15.580772,-6.196727,5.793005,1.970408,-8.249158,9.533538,5.855367
12:47:41.677 PM 13/03/2018,-180.571304,12.025870,13.175230,13.076650,15.631674,-6.193444,5.786437,1.967124,-8.249158,9.566379,5.888206
12:47:42.678 PM 13/03/2018,-181.895599,12.020945,13.189187,13.076650,15.657947,-6.200011,5.789721,1.967124,-8.262294,9.576231,5.932541
12:47:43.680 PM 13/03/2018,-181.486618,12.025870,13.188366,13.076650,15.676008,-6.193444,5.786437,1.967124,-8.275429,9.638628,5.976875
12:47:44.681 PM 13/03/2018,-182.237045,12.024229,13.176872,13.076650,15.749899,-6.190160,5.786437,1.967124,-8.291848,9.664900,6.009715
12:47:45.688 PM 13/03/2018,-182.501678,11.955265,13.042229,13.058587,15.845135,-6.071939,5.770017,1.950704,-8.229455,9.733865,6.104951
12:47:46.690 PM 13/03/2018,-104.645653,8.981613,9.372379,9.699092,25.785961,-2.811024,1.944134,0.853843,-5.159011,6.978553,5.960455
12:47:47.692 PM 13/03/2018,-45.317852,8.983255,9.342824,9.699092,25.785961,-2.811024,1.944134,0.850559,-5.155727,6.978553,5.963739
12:47:48.694 PM 13/03/2018,-45.353390,8.983255,9.351854,9.699092,25.785961,-2.814308,1.940850,0.850559,-5.152443,6.978553,5.967023
12:47:49.696 PM 13/03/2018,-45.388924,8.983255,9.355960,9.700734,25.785961,-2.824160,1.940850,0.850559,-5.155727,6.981837,5.963739
12:47:50.698 PM 13/03/2018,-45.396648,8.983255,9.357602,9.700734,25.785961,-2.820876,1.940850,0.850559,-5.149160,6.981837,5.967023
12:47:51.705 PM 13/03/2018,-45.401947,8.985719,9.355960,9.699092,25.785961,-2.811024,1.940850,0.852201,-5.155727,6.988405,5.963739
12:47:52.706 PM 13/03/2018,-45.352283,8.983255,9.360886,9.699092,25.785961,-2.814308,1.940850,0.850559,-5.155727,6.994973,5.963739
12:47:53.707 PM 13/03/2018,-45.337276,8.981613,9.349392,9.699092,25.785961,-2.829086,1.940850,0.853843,-5.149160,6.994973,5.963739
12:47:54.709 PM 13/03/2018,-45.337276,8.981613,9.357602,9.700734,25.785961,-2.824160,1.940850,0.850559,-5.149160,7.001541,5.967023
12:47:55.717 PM 13/03/2018,-45.472797,8.981613,9.359243,9.700734,25.785961,-2.811024,1.937566,0.847275,-5.152443,7.008109,5.967023
12:47:56.719 PM 13/03/2018,-45.631710,8.983255,9.354318,9.700734,25.785961,-2.801173,1.940850,0.843991,-5.152443,7.014678,5.970307
12:47:57.728 PM 13/03/2018,-45.785770,8.979972,9.365811,9.699092,25.785961,-2.824160,1.940850,0.834139,-5.159011,7.027813,5.967023
12:47:58.735 PM 13/03/2018,-45.796146,8.981613,9.355960,9.699092,25.785961,-2.809383,1.944134,0.827571,-5.149160,7.027813,5.970307
12:47:59.736 PM 13/03/2018,-45.844261,8.975045,9.339540,9.699092,25.785961,-2.814308,1.940850,0.821003,-5.162295,7.031097,5.970307
12:48:00.744 PM 13/03/2018,-45.885094,8.979972,9.356781,9.699092,25.785961,-2.811024,1.940850,0.821003,-5.167221,7.034381,5.970307
12:48:01.746 PM 13/03/2018,-46.775242,8.983255,9.351034,9.700734,25.785961,-2.817592,1.940850,0.821003,-5.165579,7.034381,5.970307
12:48:02.748 PM 13/03/2018,-47.198574,8.983255,9.349392,9.700734,25.785961,-2.817592,1.944134,0.821003,-5.152443,7.034381,5.973591
12:48:03.750 PM 13/03/2018,-47.280018,8.973404,9.349392,9.699092,25.785961,-2.804457,1.940850,0.821003,-5.159011,7.034381,5.970307
12:48:04.751 PM 13/03/2018,-47.427456,8.981613,9.351034,9.699092,25.785961,-2.814308,1.940850,0.821003,-5.159011,7.034381,5.973591
12:48:05.759 PM 13/03/2018,-47.591888,8.978330,9.359243,9.699092,25.785961,-2.817592,1.940850,0.821003,-5.168863,7.034381,5.976875
12:48:06.761 PM 13/03/2018,-47.660534,8.981613,9.359243,9.700734,25.785961,-2.811024,1.940850,0.821003,-5.168863,7.034381,5.973591
12:48:07.763 PM 13/03/2018,-47.807087,8.986540,9.360886,9.699092,25.785961,-2.811024,1.944134,0.821003,-5.154086,7.034381,5.973591
12:48:08.765 PM 13/03/2018,-48.000877,8.983255,9.359243,9.699092,25.785961,-2.820876,1.940850,0.821003,-5.163937,7.034381,5.973591
12:48:09.767 PM 13/03/2018,-48.111897,8.986540,9.349392,9.699092,25.785961,-2.811024,1.944134,0.821003,-5.162295,7.034381,5.970307
12:48:10.768 PM 13/03/2018,-48.216957,8.979972,9.353497,9.699092,25.785961,-2.820876,1.944134,0.817719,-5.162295,7.034381,5.976875
12:48:11.776 PM 13/03/2018,-48.337910,8.979972,9.346107,9.699092,25.785961,-2.811024,1.940850,0.817719,-5.165579,7.036024,5.973591
12:48:12.778 PM 13/03/2018,-48.441204,8.981613,9.353497,9.700734,25.785961,-2.817592,1.940850,0.821003,-5.162295,7.034381,5.976875
12:48:13.789 PM 13/03/2018,-48.543396,8.978330,9.349392,9.700734,25.785961,-2.811024,1.940850,0.817719,-5.165579,7.034381,5.976875
12:48:14.802 PM 13/03/2018,-48.627930,8.981613,9.360886,9.699092,25.785961,-2.807741,1.940850,0.814435,-5.162295,7.037665,5.973591
12:48:15.804 PM 13/03/2018,-48.726593,8.978330,9.352675,9.700734,25.785961,-2.817592,1.944134,0.817719,-5.159011,7.050802,5.973591
12:48:16.806 PM 13/03/2018,-48.815098,8.976687,9.351854,9.700734,25.785961,-2.820876,1.944134,0.821003,-5.172147,7.050802,5.973591
12:48:17.808 PM 13/03/2018,-48.888157,8.983255,9.365811,9.699092,25.785961,-2.811024,1.940850,0.814435,-5.168863,7.050802,5.976875
12:48:18.810 PM 13/03/2018,-48.977547,8.981613,9.354318,9.699092,25.785961,-2.811024,1.944134,0.814435,-5.162295,7.047518,5.976875
12:48:19.812 PM 13/03/2018,-49.044643,8.981613,9.355960,9.700734,25.785961,-2.824160,1.944134,0.817719,-5.175431,7.047518,5.980159
12:48:20.814 PM 13/03/2018,-49.118362,8.979972,9.359243,9.699092,25.785961,-2.817592,1.940850,0.814435,-5.165579,7.047518,5.973591
12:48:21.815 PM 13/03/2018,-49.180824,8.986540,9.351034,9.697450,25.785961,-2.817592,1.937566,0.814435,-5.159011,7.050802,5.976875
12:48:22.816 PM 13/03/2018,-49.256088,8.981613,9.367454,9.700734,25.785961,-2.811024,1.940850,0.814435,-5.175431,7.050802,5.980159
12:48:23.818 PM 13/03/2018,-49.313477,8.983255,9.359243,9.700734,25.785961,-2.824160,1.944134,0.814435,-5.165579,7.050802,5.976875
12:48:24.824 PM 13/03/2018,-49.378365,8.979972,9.355960,9.699092,25.785961,-2.820876,1.940850,0.814435,-5.165579,7.047518,5.976875
12:48:25.832 PM 13/03/2018,-49.437077,8.983255,9.357602,9.699092,25.785961,-2.811024,1.940850,0.811151,-5.165579,7.050802,5.973591
12:48:26.841 PM 13/03/2018,-49.499981,8.979972,9.359243,9.699092,25.785961,-2.811024,1.940850,0.814435,-5.159011,7.050802,5.976875
12:48:27.847 PM 13/03/2018,-49.540150,8.979972,9.349392,9.699092,25.785961,-2.817592,1.944134,0.814435,-5.165579,7.050802,5.976875
12:48:28.854 PM 13/03/2018,-49.588928,8.983255,9.351034,9.699092,25.785961,-2.807741,1.940850,0.814435,-5.168863,7.050802,5.980159
12:48:29.856 PM 13/03/2018,-49.636604,8.983255,9.369096,9.700734,25.785961,-2.817592,1.940850,0.811151,-5.178715,7.047518,5.976875
12:48:30.857 PM 13/03/2018,-49.693989,8.981613,9.355960,9.700734,25.785961,-2.814308,1.944134,0.811151,-5.168863,7.050802,5.980159
12:48:31.864 PM 13/03/2018,-49.734161,8.979972,9.359243,9.699092,25.785961,-2.814308,1.940850,0.807867,-5.165579,7.047518,5.976875
12:48:32.867 PM 13/03/2018,-49.777199,8.979972,9.359243,9.699092,25.785961,-2.817592,1.940850,0.811151,-5.160654,7.050802,5.976875
12:48:33.869 PM 13/03/2018,-49.821564,8.979972,9.355960,9.699092,25.785961,-2.812666,1.944134,0.807867,-5.165579,7.050802,5.976875
12:48:34.876 PM 13/03/2018,-49.851360,8.976687,9.346107,9.699092,25.785961,-2.807741,1.944134,0.811151,-5.172147,7.050802,5.976875
12:48:35.878 PM 13/03/2018,-49.886894,8.984898,9.362528,9.700734,25.785961,-2.817592,1.940850,0.807867,-5.168863,7.047518,5.976875
12:48:36.880 PM 13/03/2018,-49.922432,8.984898,9.362528,9.699092,25.785961,-2.820876,1.944134,0.843991,-5.175431,7.050802,6.029419
12:48:37.892 PM 13/03/2018,-49.960392,8.979972,9.360886,9.700734,25.785961,-2.814308,1.940850,0.858769,-5.160654,7.050802,6.049123
12:48:38.894 PM 13/03/2018,-49.995045,8.980792,9.365811,9.699092,25.785961,-2.814308,1.944134,0.860411,-5.165579,7.057370,6.049123
12:48:39.896 PM 13/03/2018,-50.012043,8.984898,9.357602,9.699092,25.785961,-2.814308,1.944134,0.860411,-5.165579,7.063938,6.045839
12:48:40.898 PM 13/03/2018,-50.053314,8.986540,9.355960,9.699092,25.785961,-2.811024,1.944134,0.860411,-5.168863,7.063938,6.049123
12:48:41.906 PM 13/03/2018,-50.089291,8.984898,9.358422,9.699092,25.785961,-2.824160,1.944134,0.857127,-5.172147,7.060654,6.045839
12:48:42.908 PM 13/03/2018,-50.110703,8.986540,9.355960,9.699092,25.785961,-2.807741,1.944134,0.860411,-5.175431,7.063938,6.049123
12:48:43.916 PM 13/03/2018,-50.133213,8.983255,9.364169,9.699092,25.785961,-2.814308,1.944134,0.860411,-5.168863,7.063938,6.045839
12:48:44.917 PM 13/03/2018,-50.153740,8.984898,9.355960,9.699092,25.785961,-2.817592,1.940850,0.860411,-5.165579,7.063938,6.049123
12:48:45.918 PM 13/03/2018,-50.185745,8.981613,9.355960,9.699092,25.785961,-2.817592,1.944134,0.860411,-5.172147,7.063938,6.045839
12:48:46.920 PM 13/03/2018,-50.202076,8.978330,9.352675,9.699092,25.785961,-2.817592,1.944134,0.860411,-5.175431,7.063938,6.049123
12:48:47.922 PM 13/03/2018,-50.226578,8.979972,9.352675,9.700734,25.785961,-2.824160,1.944134,0.860411,-5.168863,7.063938,6.045839
12:48:48.924 PM 13/03/2018,-50.252399,8.978330,9.355960,9.700734,25.785961,-2.817592,1.942492,0.860411,-5.175431,7.060654,6.045839
12:48:49.927 PM 13/03/2018,-50.272266,8.981613,9.351034,9.699092,25.785961,-2.820876,1.940850,0.860411,-5.172147,7.063938,6.049123
12:48:50.929 PM 13/03/2018,-50.294338,8.981613,9.352675,9.699092,25.785961,-2.817592,1.940850,0.860411,-5.168863,7.063938,6.045839
12:48:51.931 PM 13/03/2018,-50.310009,8.978330,9.346107,9.699092,25.785961,-2.807741,1.940850,0.857127,-5.165579,7.063938,6.042555
12:48:52.938 PM 13/03/2018,-50.320602,8.983255,9.358422,9.699092,25.785961,-2.804457,1.944134,0.857127,-5.168863,7.060654,6.045839
12:48:53.940 PM 13/03/2018,-50.338921,8.978330,9.344466,9.699092,25.785961,-2.824160,1.944134,0.860411,-5.172147,7.063938,6.049123
12:48:54.942 PM 13/03/2018,-50.349518,8.979972,9.351034,9.699092,25.785961,-2.817592,1.940850,0.857127,-5.175431,7.063938,6.045839
12:48:55.944 PM 13/03/2018,-50.380417,8.983255,9.358422,9.699092,25.785961,-2.820876,1.940850,0.860411,-5.168863,7.060654,6.049123
12:48:56.946 PM 13/03/2018,-50.404476,8.983255,9.352675,9.699092,25.785961,-2.814308,1.940850,0.860411,-5.162295,7.063938,6.049123
12:48:57.948 PM 13/03/2018,-50.402046,8.979972,9.362528,9.699092,25.785961,-2.811024,1.940850,0.860411,-5.165579,7.063938,6.049123
12:48:58.950 PM 13/03/2018,-50.417938,8.981613,9.341182,9.699092,25.785961,-2.814308,1.944134,0.857127,-5.172147,7.060654,6.049123
12:48:59.952 PM 13/03/2018,-50.433388,8.981613,9.359243,9.699092,25.785961,-2.817592,1.944134,0.857127,-5.172147,7.063938,6.045839
12:49:00.954 PM 13/03/2018,-50.441998,8.984898,9.367454,9.699092,25.785961,-2.820876,1.940850,0.860411,-5.178715,7.060654,6.049123
12:49:01.956 PM 13/03/2018,-50.463848,8.986540,9.365811,9.699092,25.785961,-2.811024,1.940850,0.857127,-5.168863,7.063938,6.049123
12:49:02.957 PM 13/03/2018,-50.467377,8.978330,9.354318,9.699092,25.785961,-2.814308,1.944134,0.860411,-5.172147,7.060654,6.045839
12:49:03.959 PM 13/03/2018,-50.483269,8.976687,9.359243,9.699092,25.785961,-2.817592,1.944134,0.857127,-5.178715,7.060654,6.045839
12:49:04.961 PM 13/03/2018,-50.494968,8.984898,9.352675,9.699092,25.785961,-2.807741,1.940850,1.451533,-5.172147,7.063938,6.801161
12:49:05.963 PM 13/03/2018,-50.511520,8.979151,9.354318,9.699092,25.785961,-2.819234,1.940850,1.848899,-5.173789,7.060654,7.251070
12:49:06.965 PM 13/03/2018,-50.511520,8.983255,9.342824,9.699092,25.785961,-2.824160,1.940850,1.512287,-5.165579,7.063938,6.825791
12:49:07.967 PM 13/03/2018,-50.519909,8.983255,9.357602,9.699092,25.785961,-2.811024,1.940850,1.346445,-5.165579,7.063938,6.676369
12:49:08.976 PM 13/03/2018,-50.534035,8.984898,9.360886,9.700734,25.785961,-2.811024,1.944134,1.346445,-5.172147,7.060654,6.679653
12:49:09.978 PM 13/03/2018,-50.533371,8.984898,9.342824,9.699092,25.785961,-2.814308,1.944134,1.339877,-5.175431,7.057370,6.679653
12:49:10.980 PM 13/03/2018,-50.552795,8.981613,9.365811,9.699092,25.785961,-2.817592,1.944134,1.339877,-5.175431,7.060654,6.676369
12:49:11.988 PM 13/03/2018,-50.552353,8.979972,9.357602,9.699092,25.785961,-2.824160,1.944134,1.339877,-5.172147,7.060654,6.673085
12:49:12.995 PM 13/03/2018,-50.565819,8.983255,9.352675,9.699092,25.785961,-2.817592,1.944134,1.336593,-5.165579,7.060654,6.676369
12:49:13.997 PM 13/03/2018,-50.568687,8.978330,9.360065,9.699092,25.785961,-2.811024,1.944134,1.338235,-5.165579,7.060654,6.673085
12:49:14.999 PM 13/03/2018,-50.567142,8.978330,9.351034,9.699092,25.785961,-2.824160,1.944134,1.339877,-5.165579,7.060654,6.673085
12:49:16.006 PM 13/03/2018,-50.582371,8.979972,9.354318,9.699092,25.785961,-2.817592,1.944134,1.336593,-5.181999,7.060654,6.673085
12:49:17.008 PM 13/03/2018,-50.583473,8.981613,9.355960,9.700734,25.785961,-2.824160,1.944134,1.339877,-5.168863,7.060654,6.673085
12:49:18.016 PM 13/03/2018,-50.587891,8.983255,9.346107,9.700734,25.785961,-2.817592,1.944134,1.336593,-5.181999,7.060654,6.673085
12:49:19.018 PM 13/03/2018,-50.592083,8.979972,9.357602,9.700734,25.785961,-2.817592,1.944134,1.336593,-5.178715,7.060654,6.673085
12:49:20.029 PM 13/03/2018,-50.606209,8.978330,9.346107,9.699092,25.785961,-2.814308,1.940850,1.339877,-5.162295,7.060654,6.673085
12:49:21.030 PM 13/03/2018,-50.610401,8.980792,9.352675,9.700734,25.785961,-2.817592,1.944134,1.336593,-5.172147,7.060654,6.673085
12:49:22.038 PM 13/03/2018,-50.611286,8.983255,9.355139,9.699092,25.785961,-2.815950,1.944134,1.336593,-5.175431,7.060654,6.673085
12:49:23.046 PM 13/03/2018,-50.612389,8.983255,9.363349,9.699092,25.785961,-2.814308,1.944134,1.336593,-5.168863,7.060654,6.676369
12:49:24.048 PM 13/03/2018,-50.615700,8.978330,9.351034,9.699092,25.785961,-2.817592,1.944134,1.336593,-5.168863,7.060654,6.669801
12:49:25.057 PM 13/03/2018,-50.628059,8.979972,9.360886,9.699092,25.785961,-2.824160,1.940850,1.336593,-5.172147,7.060654,6.669801
12:49:26.058 PM 13/03/2018,-50.625412,8.979972,9.359243,9.699092,25.785961,-2.811024,1.944134,1.336593,-5.175431,7.060654,6.673085
12:49:27.060 PM 13/03/2018,-50.631592,8.982434,9.357602,9.699092,25.785961,-2.824160,1.944134,1.336593,-5.165579,7.060654,6.673085
12:49:28.066 PM 13/03/2018,-50.629162,8.978330,9.342824,9.699092,25.785961,-2.807741,1.940850,1.336593,-5.175431,7.060654,6.671443
12:49:29.073 PM 13/03/2018,-50.624969,8.983255,9.352675,9.699092,25.785961,-2.817592,1.944134,1.336593,-5.172147,7.060654,6.673085
12:49:30.080 PM 13/03/2018,-50.633358,8.986540,9.354318,9.699092,25.785961,-2.811024,1.940850,1.336593,-5.172147,7.060654,6.676369
12:49:31.087 PM 13/03/2018,-50.619892,8.979972,9.354318,9.699092,25.785961,-2.807741,1.940850,1.336593,-5.165579,7.060654,6.673085
12:49:32.094 PM 13/03/2018,-50.628723,8.979972,9.362528,9.699092,25.785961,-2.820876,1.944134,1.336593,-5.175431,7.060654,6.673085
12:49:33.102 PM 13/03/2018,-50.637772,8.981613,9.355960,9.699092,25.785961,-2.814308,1.944134,1.336593,-5.172147,7.060654,6.673085
12:49:34.104 PM 13/03/2018,-50.629826,8.986540,9.360886,9.699092,25.785961,-2.804457,1.944134,1.334951,-5.165579,7.063938,6.676369
