TimeStamp,Kyowa PG 500 KUM _Load in bar_(bar),,Load in kN,Stud1_Axial-O,Stud1_Axial,Stud2_Axial-O,Stud2_Axial,Stud3_Axial-O,Stud3_Axial,Stud4_Axial-O,Stud4_Axial,Stud2_Top-O,Stud2_Top,Stud2_Mid-O,Stud2_Mid,Stud2_Bottom-O,Stud2_Bottom,Stud3_Top-O,Stud3_Top,Stud3_Mid-O,Stud3_Mid,Stud3_Bottom-O,Stud3_Bottom
,,,0,,0,,0,,0,,0,,0,,0,,0,,0,,0,,
,,,0.2,,0.037648083,,0.038935463,,0.035322111,,0.041230083,,0.003073296,,0.004007856,,0.003405641,,0.001868892,,0.002575,,
,,,0.4,,0.075296166,,0.077870926,,0.070644223,,0.082460167,,0.006146592,,0.008015711,,0.006811282,,0.003737783,,0.00515,,
,,,0.6,,0.11294425,,0.116806389,,0.105966334,,0.12369025,,0.009219888,,0.012023567,,0.010216922,,0.005606675,,0.007724999,,
,,,0.8,,0.150592333,,0.155741852,,0.141288445,,0.164920334,,0.012293184,,0.016031422,,0.013622563,,0.007475567,,0.010299999,,
,,,1,,0.188240416,,0.194677315,,0.176610557,,0.206150417,,0.015366479,,0.020039278,,0.017028204,,0.009344459,,0.012874999,,
,,,1.2,,0.225888499,,0.233612778,,0.211932668,,0.247380501,,0.018439775,,0.024047133,,0.020433845,,0.01121335,,0.015449999,,
,,,1.4,,0.263536582,,0.272548241,,0.247254779,,0.288610584,,0.021513071,,0.028054989,,0.023839486,,0.013082242,,0.018024999,,
,,,1.6,,0.301184666,,0.311483704,,0.28257689,,0.329840668,,0.024586367,,0.032062844,,0.027245127,,0.014951134,,0.020599998,,
,,,1.8,,0.338832749,,0.350419167,,0.317899002,,0.371070751,,0.027659663,,0.0360707,,0.030650767,,0.016820025,,0.023174998,,
,,,2,,0.376480832,,0.38935463,,0.353221113,,0.412300835,,0.030732959,,0.040078556,,0.034056408,,0.018688917,,0.025749998,,
,,,2.2,,0.414128915,,0.428290093,,0.388543224,,0.453530918,,0.033806255,,0.044086411,,0.037462049,,0.020557809,,0.028324998,,
,,,2.4,,0.451776999,,0.467225556,,0.423865336,,0.494761002,,0.036879551,,0.048094267,,0.04086769,,0.0224267,,0.030899998,,
,,,2.6,,0.489425082,,0.506161019,,0.459187447,,0.535991085,,0.039952846,,0.052102122,,0.044273331,,0.024295592,,0.033474997,,
,,,2.8,,0.527073165,,0.545096481,,0.494509558,,0.577221169,,0.043026142,,0.056109978,,0.047678971,,0.026164484,,0.036049997,,
,,,3,,0.564721248,,0.584031944,,0.52983167,,0.618451252,,0.046099438,,0.060117833,,0.051084612,,0.028033376,,0.038624997,,
,,,3.2,,0.602369331,,0.622967407,,0.565153781,,0.659681336,,0.049172734,,0.064125689,,0.054490253,,0.029902267,,0.041199997,,
,,,3.4,,0.640017415,,0.66190287,,0.600475892,,0.700911419,,0.05224603,,0.068133544,,0.057895894,,0.031771159,,0.043774997,,
,,,3.6,,0.677665498,,0.700838333,,0.635798004,,0.742141503,,0.055319326,,0.0721414,,0.061301535,,0.033640051,,0.046349996,,
,,,3.8,,0.715313581,,0.739773796,,0.671120115,,0.783371586,,0.058392622,,0.076149255,,0.064707175,,0.035508942,,0.048924996,,
,,,4,,0.752961664,,0.778709259,,0.706442226,,0.82460167,,0.061465918,,0.080157111,,0.068112816,,0.037377834,,0.051499996,,
,,,4.2,,0.790609747,,0.817644722,,0.741764337,,0.865831753,,0.064539213,,0.084164967,,0.071518457,,0.039246726,,0.054074996,,
,,,4.4,,0.828257831,,0.856580185,,0.777086449,,0.907061837,,0.067612509,,0.088172822,,0.074924098,,0.041115617,,0.056649996,,
,,,4.6,,0.865905914,,0.895515648,,0.81240856,,0.94829192,,0.070685805,,0.092180678,,0.078329739,,0.042984509,,0.059224995,,
,,,4.8,,0.903553997,,0.934451111,,0.847730671,,0.989522003,,0.073759101,,0.096188533,,0.08173538,,0.044853401,,0.061799995,,
,,,5,,0.94120208,,0.973386574,,0.883052783,,1.030752087,,0.076832397,,0.100196389,,0.08514102,,0.046722293,,0.064374995,,
,,,5.2,,0.978850163,,1.012322037,,0.918374894,,1.07198217,,0.079905693,,0.104204244,,0.088546661,,0.048591184,,0.066949995,,
,,,5.4,,1.016498247,,1.0512575,,0.953697005,,1.113212254,,0.082978989,,0.1082121,,0.091952302,,0.050460076,,0.069524995,,
,,,5.6,,1.05414633,,1.090192963,,0.989019117,,1.154442337,,0.086052285,,0.112219955,,0.095357943,,0.052328968,,0.072099994,,
,,,5.8,,1.091794413,,1.129128426,,1.024341228,,1.195672421,,0.089125581,,0.116227811,,0.098763584,,0.054197859,,0.074674994,,
,,,6,,1.129442496,,1.168063889,,1.059663339,,1.236902504,,0.092198876,,0.120235667,,0.102169224,,0.056066751,,0.077249994,,
,,,6.2,,1.167090579,,1.206999352,,1.094985451,,1.278132588,,0.095272172,,0.124243522,,0.105574865,,0.057935643,,0.079824994,,
,,,6.4,,1.204738663,,1.245934815,,1.130307562,,1.319362671,,0.098345468,,0.128251378,,0.108980506,,0.059804534,,0.082399994,,
,,,6.6,,1.242386746,,1.284870278,,1.165629673,,1.360592755,,0.101418764,,0.132259233,,0.112386147,,0.061673426,,0.084974993,,
,,,6.8,,1.280034829,,1.323805741,,1.200951784,,1.401822838,,0.10449206,,0.136267089,,0.115791788,,0.063542318,,0.087549993,,
,,,7,,1.317682912,,1.362741204,,1.236273896,,1.443052922,,0.107565356,,0.140274944,,0.119197429,,0.06541121,,0.090124993,,
,,,7.2,,1.355330996,,1.401676667,,1.271596007,,1.484283005,,0.110638652,,0.1442828,,0.122603069,,0.067280101,,0.092699993,,
,,,7.4,,1.392979079,,1.44061213,,1.306918118,,1.525513089,,0.113711948,,0.148290655,,0.12600871,,0.069148993,,0.095274993,,
,,,7.6,,1.430627162,,1.479547593,,1.34224023,,1.566743172,,0.116785243,,0.152298511,,0.129414351,,0.071017885,,0.097849992,,
,,,7.8,,1.468275245,,1.518483056,,1.377562341,,1.607973256,,0.119858539,,0.156306367,,0.132819992,,0.072886776,,0.100424992,,
,,,8,,1.505923328,,1.557418519,,1.412884452,,1.649203339,,0.122931835,,0.160314222,,0.136225633,,0.074755668,,0.102999992,,
,,,8.2,,1.543571412,,1.596353982,,1.448206564,,1.690433423,,0.126005131,,0.164322078,,0.139631273,,0.07662456,,0.105574992,,
,,,8.4,,1.581219495,,1.635289444,,1.483528675,,1.731663506,,0.129078427,,0.168329933,,0.143036914,,0.078493451,,0.108149992,,
,,,8.6,,1.618867578,,1.674224907,,1.518850786,,1.77289359,,0.132151723,,0.172337789,,0.146442555,,0.080362343,,0.110724991,,
,,,8.8,,1.656515661,,1.71316037,,1.554172898,,1.814123673,,0.135225019,,0.176345644,,0.149848196,,0.082231235,,0.113299991,,
,,,9,,1.694163744,,1.752095833,,1.589495009,,1.855353757,,0.138298315,,0.1803535,,0.153253837,,0.084100127,,0.115874991,,
,,,9.2,,1.731811828,,1.791031296,,1.62481712,,1.89658384,,0.141371611,,0.184361355,,0.156659477,,0.085969018,,0.118449991,,
,,,9.4,,1.769459911,,1.829966759,,1.660139231,,1.937813923,,0.144444906,,0.188369211,,0.160065118,,0.08783791,,0.121024991,,
,,,9.6,,1.807107994,,1.868902222,,1.695461343,,1.979044007,,0.147518202,,0.192377066,,0.163470759,,0.089706802,,0.12359999,,
,,,9.8,,1.844756077,,1.907837685,,1.730783454,,2.02027409,,0.150591498,,0.196384922,,0.1668764,,0.091575693,,0.12617499,,
,,,10,,1.88240416,,1.946773148,,1.766105565,,2.061504174,,0.153664794,,0.200392778,,0.170282041,,0.093444585,,0.12874999,,
,,,10.2,,1.920052244,,1.985708611,,1.801427677,,2.102734257,,0.15673809,,0.204400633,,0.173687682,,0.095313477,,0.13132499,,
,,,10.4,,1.957700327,,2.024644074,,1.836749788,,2.143964341,,0.159811386,,0.208408489,,0.177093322,,0.097182368,,0.13389999,,
,,,10.6,,1.99534841,,2.063579537,,1.872071899,,2.185194424,,0.162884682,,0.212416344,,0.180498963,,0.09905126,,0.136474989,,
,,,10.8,,2.032996493,,2.102515,,1.907394011,,2.226424508,,0.165957978,,0.2164242,,0.183904604,,0.100920152,,0.139049989,,
,,,11,,2.070644577,,2.141450463,,1.942716122,,2.267654591,,0.169031273,,0.220432055,,0.187310245,,0.102789044,,0.141624989,,
,,,11.2,,2.10829266,,2.180385926,,1.978038233,,2.308884675,,0.172104569,,0.224439911,,0.190715886,,0.104657935,,0.144199989,,
,,,11.4,,2.145940743,,2.219321389,,2.013360345,,2.350114758,,0.175177865,,0.228447766,,0.194121526,,0.106526827,,0.146774988,,
,,,11.6,,2.183588826,,2.258256852,,2.048682456,,2.391344842,,0.178251161,,0.232455622,,0.197527167,,0.108395719,,0.149349988,,
,,,11.8,,2.221236909,,2.297192315,,2.084004567,,2.432574925,,0.181324457,,0.236463478,,0.200932808,,0.11026461,,0.151924988,,
,,,12,,2.258884993,,2.336127778,,2.119326678,,2.473805009,,0.184397753,,0.240471333,,0.204338449,,0.112133502,,0.154499988,,
,,,12.2,,2.296533076,,2.375063241,,2.15464879,,2.515035092,,0.187471049,,0.244479189,,0.20774409,,0.114002394,,0.157074988,,
,,,12.4,,2.334181159,,2.413998704,,2.189970901,,2.556265176,,0.190544345,,0.248487044,,0.211149731,,0.115871285,,0.159649987,,
,,,12.6,,2.371829242,,2.452934167,,2.225293012,,2.597495259,,0.19361764,,0.2524949,,0.214555371,,0.117740177,,0.162224987,,
,,,12.8,,2.409477325,,2.49186963,,2.260615124,,2.638725343,,0.196690936,,0.256502755,,0.217961012,,0.119609069,,0.164799987,,
,,,13,,2.447125409,,2.530805093,,2.295937235,,2.679955426,,0.199764232,,0.260510611,,0.221366653,,0.121477961,,0.167374987,,
,,,13.2,,2.484773492,,2.569740556,,2.331259346,,2.72118551,,0.202837528,,0.264518466,,0.224772294,,0.123346852,,0.169949987,,
,,,13.4,,2.522421575,,2.608676019,,2.366581458,,2.762415593,,0.205910824,,0.268526322,,0.228177935,,0.125215744,,0.172524986,,
,,,13.6,,2.560069658,,2.647611482,,2.401903569,,2.803645677,,0.20898412,,0.272534178,,0.231583575,,0.127084636,,0.175099986,,
,,,13.8,,2.597717741,,2.686546945,,2.43722568,,2.84487576,,0.212057416,,0.276542033,,0.234989216,,0.128953527,,0.177674986,,
,,,14,,2.635365825,,2.725482407,,2.472547792,,2.886105844,,0.215130712,,0.280549889,,0.238394857,,0.130822419,,0.180249986,,
,,,14.2,,2.673013908,,2.76441787,,2.507869903,,2.927335927,,0.218204008,,0.284557744,,0.241800498,,0.132691311,,0.182824986,,
,,,14.4,,2.710661991,,2.803353333,,2.543192014,,2.96856601,,0.221277303,,0.2885656,,0.245206139,,0.134560202,,0.185399985,,
,,,14.6,,2.748310074,,2.842288796,,2.578514125,,3.009796094,,0.224350599,,0.292573455,,0.248611779,,0.136429094,,0.187974985,,
,,,14.8,,2.785958157,,2.881224259,,2.613836237,,3.051026177,,0.227423895,,0.296581311,,0.25201742,,0.138297986,,0.190549985,,0.069150865
43172.52872,-29.219709,49.219709,15.8142925,2.939124,2.976889,3.049129,3.078684,2.797897,2.792971,3.267512,3.260123,0.233158,0.24301,-0.311981,0.316907,-0.282425,0.269289,0.141208,0.147776,-0.220029,0.203609,-0.068964,0.07389
43172.52873,-29.81167,49.81167,16.00448957,2.971964,3.009729,3.080326,3.109881,2.815958,2.811032,3.285574,3.278185,0.236442,0.246294,-0.311981,0.316907,-0.279141,0.266005,0.13464,0.141208,-0.220029,0.203609,-0.072248,0.077174
43172.52874,-30.484854,50.484854,16.22078359,2.998235,3.036,3.109881,3.139436,2.845514,2.840588,3.305278,3.297889,0.233158,0.24301,-0.311981,0.316907,-0.282425,0.269289,0.131356,0.137924,-0.216745,0.200325,-0.06568,0.070606
43172.52875,-31.713139,51.713139,16.61543156,3.06063,3.098395,3.172276,3.201831,2.886563,2.881637,3.339759,3.33237,0.228232,0.238084,-0.311981,0.316907,-0.282425,0.269289,0.137924,0.144492,-0.220029,0.203609,-0.059112,0.064038
43172.52876,-33.796257,53.796257,17.28473737,3.106606,3.144371,3.234671,3.264226,2.927612,2.922686,3.372598,3.365209,0.223306,0.233158,-0.311981,0.316907,-0.288993,0.275857,0.144492,0.15106,-0.216745,0.200325,-0.052544,0.05747
43172.52878,-36.767757,56.767757,18.23948032,3.175569,3.213334,3.290498,3.320053,2.991648,2.986722,3.412005,3.404616,0.231516,0.241368,-0.311981,0.316907,-0.295561,0.282425,0.128072,0.13464,-0.210177,0.193757,-0.052544,0.05747
43172.52879,-39.118382,59.118382,18.99473614,3.231396,3.269161,3.343041,3.372596,3.058969,3.054043,3.456339,3.44895,0.223306,0.233158,-0.308697,0.313623,-0.298845,0.285709,0.111653,0.118221,-0.206893,0.190473,-0.045976,0.050902
43172.5288,-40.862259,60.862259,19.55504382,3.288865,3.32663,3.40872,3.438275,3.119721,3.114795,3.638597,3.631208,0.22659,0.236442,-0.288992,0.293918,-0.311981,0.298845,0.091949,0.098517,-0.13136,0.11494,-0.045976,0.050902
43172.52881,-42.06472,62.06472,19.94139454,3.354544,3.392309,3.477682,3.507237,3.190325,3.185399,3.705918,3.698529,0.223306,0.233158,-0.216744,0.22167,-0.325117,0.311981,0.07553,0.082098,-0.085384,0.068964,-0.045976,0.050902
43172.52882,-43.253498,63.253498,20.32334891,3.416939,3.454704,3.526942,3.556497,3.234658,3.229732,3.756819,3.74943,0.223306,0.233158,-0.18062,0.185546,-0.321833,0.308697,0.065678,0.072246,-0.055828,0.039408,-0.042692,0.047618
43172.52883,-44.583309,64.583309,20.75061718,3.449778,3.487543,3.551571,3.581126,3.269961,3.265035,3.814288,3.806899,0.221664,0.231516,-0.170768,0.175694,-0.328401,0.315265,0.055826,0.062394,-0.026272,0.009852,-0.03284,0.037766
43172.52885,-45.27018,65.27018,20.97130883,3.497395,3.53516,3.60904,3.638595,3.315114,3.310188,3.91609,3.908701,0.21017,0.220022,-0.151064,0.15599,-0.331685,0.318549,0.039407,0.045975,0.036124,0.052544,-0.036124,0.04105
43172.52886,-45.348972,65.348972,20.9966247,3.510531,3.548296,3.613145,3.6427,3.321682,3.316756,3.921837,3.914448,0.200319,0.210171,-0.154348,0.159274,-0.331685,0.318549,0.029555,0.036123,0.042692,0.059112,-0.03284,0.037766
43172.52887,-46.893986,66.893986,21.4930377,3.589346,3.627111,3.661583,3.691138,3.390645,3.385719,3.976843,3.969454,0.200319,0.210171,-0.108372,0.113298,-0.331685,0.318549,0.006568,0.013136,0.0821,0.09852,-0.029556,0.034482
43172.52888,-47.026196,67.026196,21.53551677,3.632037,3.669802,3.7092,3.738755,3.43662,3.431694,4.011325,4.003936,0.183899,0.193751,-0.068964,0.07389,-0.331685,0.318549,-0.019703,0.013135,0.134645,0.151065,-0.01642,0.021346
43172.52889,-48.396843,68.396843,21.97590566,3.681296,3.719061,3.760101,3.789656,3.494088,3.489162,4.04088,4.033491,0.185541,0.195393,-0.022988,0.027914,-0.334969,0.321833,-0.042691,0.036123,0.197041,0.213461,0.003284,0.001642
43172.5289,-48.188267,68.188267,21.90889019,3.776531,3.814296,3.828243,3.857798,3.581112,3.576186,4.121337,4.113948,0.157628,0.16748,0.04926,0.044334,-0.331685,0.318549,-0.082098,0.07553,0.305413,0.321833,0.006568,0.001642
43172.52892,-49.996811,69.996811,22.48997537,3.794593,3.832358,3.852051,3.881606,3.59589,3.590964,4.132831,4.125442,0.141208,0.15106,0.06568,0.060754,-0.334969,0.321833,-0.101801,0.095233,0.328401,0.344821,0.009852,0.004926
43172.52893,-50.726719,70.726719,22.72449481,3.917741,3.955506,3.953854,3.983409,3.737099,3.732173,4.28225,4.274861,0.124789,0.134641,0.187188,0.182262,-0.334969,0.321833,-0.147776,0.141208,0.476182,0.492602,0.052544,0.047618
43172.52894,-52.527321,72.527321,23.30302824,3.97521,4.012975,3.989977,4.019532,3.761728,3.756802,4.303596,4.296207,0.08374,0.093592,0.21346,0.208534,-0.334969,0.321833,-0.193751,0.187183,0.512306,0.528726,0.068964,0.064038
43172.52895,-53.570206,73.570206,23.63810719,4.054025,4.09179,4.049088,4.078643,3.817555,3.812629,4.352855,4.345466,0.05911,0.068962,0.252869,0.247943,-0.334969,0.321833,-0.216738,0.21017,0.584554,0.600974,0.085384,0.080458
43172.52896,-53.282612,73.282612,23.54570324,4.060593,4.098358,4.05894,4.088495,3.822481,3.817555,4.356139,4.34875,0.032839,0.042691,0.256153,0.251227,-0.334969,0.321833,-0.229873,0.223305,0.591122,0.607542,0.088668,0.083742
43172.52897,-54.619709,74.619709,23.9753125,4.145976,4.183741,4.113125,4.14268,3.87995,3.875024,4.408682,4.401293,0.01642,0.026272,0.298845,0.293919,-0.334969,0.321833,-0.256145,0.249577,0.630531,0.646951,0.09852,0.093594
43172.52898,-54.347343,74.347343,23.88780131,4.208371,4.246136,4.185371,4.214926,3.93906,3.934134,4.487497,4.480108,0.009852,0.019704,0.344821,0.339895,-0.334969,0.321833,-0.279132,0.272564,0.709347,0.725767,0.118224,0.113298
43172.529,-56.309071,76.309071,24.51810451,4.274049,4.311814,4.269112,4.298667,3.976825,3.971899,4.556459,4.54907,-0.022987,0.013135,0.380945,0.376019,-0.334969,0.321833,-0.298836,0.292268,0.768459,0.784879,0.147779,0.142853
43172.52901,-55.900967,75.900967,24.3869807,4.33316,4.370925,4.316729,4.346284,4.017875,4.012949,4.650052,4.642663,-0.032839,0.022987,0.403933,0.399007,-0.334969,0.321833,-0.315255,0.308687,0.781595,0.798015,0.151063,0.146137
43172.52902,-57.041405,77.041405,24.75340343,4.379136,4.416901,4.336433,4.365988,4.042504,4.037578,4.677966,4.670577,-0.05911,0.049258,0.420353,0.415427,-0.334969,0.321833,-0.338242,0.331674,0.791447,0.807867,0.157631,0.152705
43172.52903,-57.618797,77.618797,24.93891948,4.421827,4.459592,4.36763,4.397185,4.070417,4.065491,4.727225,4.719836,-0.078814,0.068962,0.420353,0.415427,-0.334969,0.321833,-0.34481,0.338242,0.791447,0.807867,0.157631,0.152705
43172.52904,-57.677509,77.677509,24.95778364,4.502284,4.540049,4.431667,4.461222,4.150874,4.145948,4.78962,4.782231,-0.088666,0.078814,0.528725,0.523799,-0.334969,0.321833,-0.371081,0.364513,0.8834,0.89982,0.174051,0.169125
43172.52905,-59.515411,79.515411,25.54830155,4.571247,4.609012,4.466149,4.495704,4.277305,4.272379,4.827385,4.819996,-0.131356,0.121504,0.561565,0.556639,-0.331685,0.318549,-0.384217,0.377649,0.922808,0.939228,0.193755,0.188829
43172.52907,-58.937134,78.937134,25.36250115,4.630358,4.668123,4.538395,4.56795,4.30686,4.301934,4.873361,4.865972,-0.137924,0.128072,0.561565,0.556639,-0.334969,0.321833,-0.390785,0.384217,0.926092,0.942512,0.190471,0.185545
43172.52908,-60.699993,80.699993,25.92890775,4.666482,4.704247,4.559741,4.589296,4.333132,4.328206,4.904558,4.897169,-0.15106,0.141208,0.564849,0.559923,-0.331685,0.318549,-0.400637,0.394069,0.926092,0.942512,0.190471,0.185545
43172.52909,-61.238541,81.238541,26.10194322,4.704247,4.742012,4.584371,4.613926,4.359403,4.354477,4.929188,4.921799,-0.167479,0.157627,0.568133,0.563207,-0.331685,0.318549,-0.410488,0.40392,0.926092,0.942512,0.190471,0.185545
43172.5291,-60.862,80.862,25.9809606,4.730519,4.768284,4.623778,4.653333,4.388958,4.384032,4.952175,4.944786,-0.157628,0.147776,0.574701,0.569775,-0.334969,0.321833,-0.403921,0.397353,0.926092,0.942512,0.190471,0.185545
43172.52911,-61.803574,81.803574,26.28348833,4.791272,4.829037,4.696025,4.72558,4.438218,4.433292,4.993225,4.985836,-0.190467,0.180615,0.614109,0.609183,-0.334969,0.321833,-0.407204,0.400636,0.94908,0.9655,0.193755,0.188829
43172.52912,-62.8661,82.8661,26.62487793,4.868445,4.90621,4.747747,4.777302,4.471057,4.466131,5.02278,5.015391,-0.206886,0.197034,0.666654,0.661728,-0.334969,0.321833,-0.410488,0.40392,0.970426,0.986846,0.193755,0.188829
43172.52914,-64.451942,84.451942,27.13440896,5.162359,5.200124,4.832308,4.861863,4.569575,4.564649,5.095027,5.087638,-0.252861,0.243009,0.715914,0.710988,-0.331685,0.318549,-0.417056,0.410488,0.975352,0.991772,0.190471,0.185545
43172.52915,-64.096153,84.096153,27.02009396,5.292076,5.329841,4.927543,4.957098,4.650031,4.645105,5.211607,5.204218,-0.279132,0.26928,0.72905,0.724124,-0.334969,0.321833,-0.413772,0.407204,0.972068,0.988488,0.187187,0.182261
43172.52916,-65.985481,85.985481,27.62713505,5.361039,5.398804,4.968592,4.998147,4.67466,4.669734,5.237879,5.23049,-0.298836,0.288984,0.74547,0.740544,-0.331685,0.318549,-0.417056,0.410488,0.975352,0.991772,0.183903,0.178977
43172.52917,-66.783371,86.783371,27.8834971,5.448063,5.485828,5.01621,5.045765,4.730487,4.725561,5.333113,5.325724,-0.334959,0.325107,0.771742,0.766816,-0.334969,0.321833,-0.413772,0.407204,0.975352,0.991772,0.187187,0.182261
43172.52918,-66.645424,86.645424,27.83917473,5.535089,5.572854,5.05808,5.087635,4.756759,4.751833,5.364311,5.356922,-0.328391,0.318539,0.788162,0.783236,-0.325117,0.311981,-0.413772,0.407204,0.975352,0.991772,0.187187,0.182261
43172.52919,-68.499435,88.499435,28.43486847,5.681224,5.718989,5.144283,5.173838,4.815869,4.810943,5.416854,5.409465,-0.364514,0.354662,0.824286,0.81936,-0.318549,0.305413,-0.410488,0.40392,0.975352,0.991772,0.183903,0.178977
43172.52921,-68.271217,88.271217,28.36154202,5.822435,5.8602,5.24116,5.270715,4.896326,4.8914,5.490743,5.483354,-0.380933,0.371081,0.84399,0.839064,-0.315265,0.302129,-0.42034,0.413772,0.975352,0.991772,0.187187,0.182261
43172.52922,-69.871185,89.871185,28.87561174,5.856916,5.894681,5.254295,5.28385,4.901252,4.896326,5.490743,5.483354,-0.394069,0.384217,0.850558,0.845632,-0.305413,0.292277,-0.417056,0.410488,0.975352,0.991772,0.183903,0.178977
43172.52923,-70.410393,90.410393,29.04885927,5.925879,5.963644,5.301913,5.331468,4.942301,4.937375,5.526866,5.519477,-0.400637,0.390785,0.86041,0.855484,-0.302129,0.288993,-0.410488,0.40392,0.975352,0.991772,0.183903,0.178977
43172.52924,-70.91716,90.91716,29.21168351,5.982528,6.020293,5.333931,5.363486,4.962004,4.957078,5.543286,5.535897,-0.400637,0.390785,0.870262,0.865336,-0.298845,0.285709,-0.41213,0.405562,0.975352,0.991772,0.177335,0.172409
43172.52925,-72.014999,92.014999,29.56441918,6.045744,6.083509,5.389759,5.419314,4.998127,4.993201,5.5712,5.563811,-0.417056,0.407204,0.880114,0.875188,-0.302129,0.288993,-0.410488,0.40392,0.975352,0.991772,0.177335,0.172409
43172.52926,-72.121384,92.121384,29.59860068,6.090078,6.127843,5.406999,5.436554,5.014547,5.009621,5.582694,5.575305,-0.426908,0.417056,0.886682,0.881756,-0.302129,0.288993,-0.410488,0.40392,0.978636,0.995056,0.180619,0.175693
43172.52927,-73.371742,93.371742,30.0003407,6.218152,6.255917,5.502234,5.531789,5.086794,5.081868,5.648373,5.640984,-0.43676,0.426908,0.89325,0.888324,-0.302129,0.288993,-0.410488,0.40392,0.972068,0.988488,0.180619,0.175693
43172.52929,-72.925453,92.925453,29.85694805,6.287116,6.324881,5.553135,5.58269,5.114707,5.109781,5.677928,5.670539,-0.417056,0.407204,0.896534,0.891608,-0.298845,0.285709,-0.410488,0.40392,0.975352,0.991772,0.177335,0.172409
43172.5293,-74.072739,94.072739,30.22557104,6.344585,6.38235,5.589258,5.618813,5.134411,5.129485,5.697632,5.690243,-0.440044,0.430192,0.912954,0.908028,-0.298845,0.285709,-0.407204,0.400636,0.972068,0.988488,0.174051,0.169125
43172.52931,-73.889763,93.889763,30.16678085,6.479227,6.516992,5.694345,5.7239,5.213225,5.208299,5.778089,5.7707,-0.433476,0.423624,0.972066,0.96714,-0.298845,0.285709,-0.413772,0.407204,0.978636,0.995056,0.174051,0.169125
43172.52932,-76.028938,96.028938,30.85409778,6.518635,6.5564,5.739499,5.769054,5.239497,5.234571,5.801076,5.793687,-0.443328,0.433476,0.978634,0.973708,-0.288993,0.275857,-0.410488,0.40392,0.975352,0.991772,0.174051,0.169125
43172.52933,-77.76178,97.76178,31.41085991,6.562968,6.600733,5.809283,5.838838,5.280546,5.27562,5.830632,5.823243,-0.459747,0.449895,0.981918,0.976992,-0.282425,0.269289,-0.410488,0.40392,0.975352,0.991772,0.177335,0.172409
43172.52934,-77.76178,97.76178,31.41085991,6.600734,6.638499,5.858542,5.888097,5.314206,5.30928,5.864293,5.856904,-0.456463,0.446611,0.988486,0.98356,-0.275857,0.262721,-0.417056,0.410488,0.975352,0.991772,0.177335,0.172409
43172.52936,-77.741478,97.741478,31.40433688,6.627006,6.664771,5.888098,5.917653,5.34294,5.338014,5.886459,5.87907,-0.463031,0.453179,0.995054,0.990128,-0.279141,0.266005,-0.410488,0.40392,0.972068,0.988488,0.174051,0.169125
43172.52937,-78.585274,98.585274,31.67544854,6.659024,6.696789,5.952135,5.98169,5.377422,5.372496,5.917657,5.910268,-0.466315,0.456463,1.004906,0.99998,-0.275857,0.262721,-0.415414,0.408846,0.975352,0.991772,0.174051,0.169125
43172.52938,-81.712601,101.712601,32.6802587,6.786278,6.824043,6.145888,6.175443,5.497285,5.492359,6.044089,6.0367,-0.472883,0.463031,1.024611,1.019685,-0.275857,0.262721,-0.410488,0.40392,0.967142,0.983562,0.174051,0.169125
43172.52939,-81.712601,101.712601,32.6802587,6.805982,6.843747,6.209925,6.23948,5.515347,5.510421,6.058867,6.051478,-0.482735,0.472883,1.024611,1.019685,-0.275857,0.262721,-0.42034,0.413772,0.9655,0.98192,0.174051,0.169125
43172.5294,-82.499229,102.499229,32.93300228,6.847032,6.884797,6.259184,6.288739,5.561322,5.556396,6.101558,6.094169,-0.469599,0.459747,1.021327,1.016401,-0.275857,0.262721,-0.407204,0.400636,0.962216,0.978636,0.167483,0.162557
43172.52941,-82.22245,102.22245,32.84407319,6.871661,6.909426,6.300234,6.329789,5.587594,5.582668,6.132756,6.125367,-0.472883,0.463031,1.024611,1.019685,-0.275857,0.262721,-0.42034,0.413772,0.958932,0.975352,0.170767,0.165841
43172.52943,-83.154533,103.154533,33.14355145,6.884797,6.922562,6.337999,6.367554,5.613865,5.608939,6.155743,6.148354,-0.479451,0.469599,1.021327,1.016401,-0.275857,0.262721,-0.417056,0.410488,0.952364,0.968784,0.169125,0.164199
43172.52944,-83.785561,103.785561,33.34630075,6.915995,6.95376,6.367555,6.39711,5.646704,5.641778,6.188583,6.181194,-0.486019,0.476167,1.018042,1.013116,-0.279141,0.266005,-0.417056,0.410488,0.952364,0.968784,0.167483,0.162557
43172.52945,-84.374878,104.374878,33.5356483,6.948834,6.986599,6.408604,6.438159,5.672976,5.66805,6.214855,6.207466,-0.486019,0.476167,1.018042,1.013116,-0.275857,0.262721,-0.410488,0.40392,0.94908,0.9655,0.167483,0.162557
43172.52946,-85.276505,105.276505,33.82534106,6.968538,7.006303,6.444727,6.474282,5.714025,5.709099,6.255904,6.248515,-0.469599,0.459747,1.018042,1.013116,-0.275857,0.262721,-0.403921,0.397353,0.942512,0.958932,0.167483,0.162557
43172.52947,-85.508911,105.508911,33.9000131,7.029292,7.067057,6.507123,6.536678,5.778062,5.773136,6.321583,6.314194,-0.472883,0.463031,1.014758,1.009832,-0.275857,0.262721,-0.410488,0.40392,0.935944,0.952364,0.167483,0.162557
43172.52948,-86.632141,106.632141,34.2609069,7.067057,7.104822,6.576086,6.605641,5.840456,5.83553,6.397114,6.389725,-0.479451,0.469599,1.008191,1.003265,-0.275857,0.262721,-0.410488,0.40392,0.903104,0.919524,0.164199,0.159273
43172.5295,-87.398247,107.398247,34.50705676,7.085119,7.122884,6.594148,6.623703,5.874938,5.870012,6.421744,6.414355,-0.482735,0.472883,0.998338,0.993412,-0.275857,0.262721,-0.407204,0.400636,0.863696,0.880116,0.154347,0.149421
43172.52951,-89.831635,109.831635,35.28890433,7.173786,7.211551,6.709086,6.738641,5.981666,5.97674,6.541608,6.534219,-0.469599,0.459747,0.937584,0.932658,-0.275857,0.262721,-0.410488,0.40392,0.821003,0.837423,0.147779,0.142853
43172.52952,-89.326859,109.326859,35.1267198,7.181996,7.219761,6.746851,6.776406,6.003011,5.998085,6.571164,6.563775,-0.472883,0.463031,0.87683,0.871904,-0.275857,0.262721,-0.417056,0.410488,0.788163,0.804583,0.134643,0.129717
43172.52953,-91.087074,111.087074,35.69227688,7.237823,7.275588,6.792827,6.822382,6.067048,6.062122,6.631917,6.624528,-0.472883,0.463031,0.840706,0.83578,-0.277499,0.264363,-0.410488,0.40392,0.758607,0.775027,0.124792,0.119866
43172.52954,-91.38327,111.38327,35.78744465,7.264916,7.302681,6.837981,6.867536,6.114665,6.109739,6.672966,6.665577,-0.479451,0.469599,0.791446,0.78652,-0.279141,0.266005,-0.408846,0.402278,0.722483,0.738903,0.121508,0.116582
43172.52955,-91.300064,111.300064,35.76071056,7.285441,7.323206,6.868358,6.897913,6.149147,6.144221,6.7173,6.709911,-0.479451,0.469599,0.765174,0.760248,-0.275857,0.262721,-0.410488,0.40392,0.689643,0.706063,0.111656,0.10673
43172.52957,-92.232368,112.232368,36.06025984,7.295293,7.333058,6.889704,6.919259,6.173776,6.16885,6.755065,6.747676,-0.479451,0.469599,0.738902,0.733976,-0.275857,0.262721,-0.417056,0.410488,0.630531,0.646951,0.105088,0.100162
43172.52958,-93.271942,113.271942,36.39427496,7.323207,7.360972,6.921722,6.951277,6.211541,6.206615,6.891349,6.88396,-0.466315,0.456463,0.725766,0.72084,-0.272573,0.259437,-0.407204,0.400636,0.59769,0.61411,0.101804,0.096878
43172.52959,-93.25119,113.25119,36.38760735,7.341269,7.379034,6.942247,6.971802,6.237813,6.232887,6.920905,6.913516,-0.472883,0.463031,0.709346,0.70442,-0.275857,0.262721,-0.407204,0.400636,0.571418,0.587838,0.091952,0.087026
43172.5296,-95.123085,115.123085,36.98904721,7.38396,7.421725,7.003,7.032555,6.291998,6.287072,6.984942,6.977553,-0.469599,0.459747,0.673222,0.668296,-0.275857,0.262721,-0.410488,0.40392,0.505738,0.522158,0.085384,0.080458
43172.52961,-95.233444,115.233444,37.02450556,7.40038,7.438145,7.034198,7.063753,6.341257,6.336331,7.039128,7.031739,-0.476167,0.466315,0.597689,0.592763,-0.275857,0.262721,-0.407204,0.400636,0.459762,0.476182,0.068964,0.064038
43172.52962,-95.478218,115.478218,37.10315144,7.421726,7.459491,7.073605,7.10316,6.375738,6.370812,7.076893,7.069504,-0.463031,0.453179,0.568133,0.563207,-0.279141,0.266005,-0.407204,0.400636,0.41707,0.43349,0.06568,0.060754
43172.52963,-97.228714,117.228714,37.66558581,7.482479,7.520244,7.142568,7.172123,6.451269,6.446343,7.15735,7.149961,-0.474525,0.464673,0.545145,0.540219,-0.279141,0.266005,-0.397353,0.390785,0.362883,0.379303,0.059112,0.054186
43172.52965,-96.883957,116.883957,37.55481538,7.502183,7.539948,7.16063,7.190185,6.474257,6.469331,7.186906,7.179517,-0.459747,0.449895,0.512305,0.507379,-0.279141,0.266005,-0.384217,0.377649,0.321833,0.338253,0.062396,0.05747
43172.52966,-98.278664,118.278664,38.00293474,7.535023,7.572788,7.208247,7.237802,6.533367,6.528441,7.241091,7.233702,-0.472883,0.463031,0.463045,0.458119,-0.279141,0.266005,-0.351378,0.34481,0.285709,0.302129,0.055828,0.050902
43172.52967,-99.756798,119.756798,38.4778592,7.577714,7.615479,7.270643,7.300198,6.592478,6.587552,7.303486,7.296097,-0.482735,0.472883,0.420353,0.415427,-0.275857,0.262721,-0.328391,0.321823,0.243017,0.259437,0.045976,0.04105
43172.52968,-99.64489,119.64489,38.44190316,7.592492,7.630257,7.303482,7.333037,6.61875,6.613824,7.3314,7.324011,-0.476167,0.466315,0.400649,0.395723,-0.275857,0.262721,-0.302119,0.295551,0.203609,0.220029,0.01642,0.011494
43172.52969,-100.292915,120.292915,38.65011359,7.618764,7.656529,7.319902,7.349457,6.649947,6.645021,7.360956,7.353567,-0.469599,0.459747,0.380945,0.376019,-0.275857,0.262721,-0.292268,0.2857,0.200325,0.216745,0.013136,0.00821
43172.5297,-100.292915,120.292915,38.65011359,7.6319,7.669665,7.339606,7.369161,6.679502,6.674576,7.390512,7.383123,-0.459747,0.449895,0.338253,0.333327,-0.275857,0.262721,-0.279132,0.272564,0.164201,0.180621,0.009852,0.004926
43172.52972,-101.940559,121.940559,39.17950161,7.658172,7.695937,7.380655,7.41021,6.720552,6.715626,7.429919,7.42253,-0.440044,0.430192,0.331685,0.326759,-0.275857,0.262721,-0.262713,0.256145,0.118224,0.134644,0.006568,0.001642
43172.52973,-101.28614,121.28614,38.96923678,7.672949,7.710714,7.406927,7.436482,6.758317,6.753391,7.459475,7.452086,-0.433476,0.423624,0.305413,0.300487,-0.275857,0.262721,-0.252861,0.246293,0.078816,0.095236,0.003284,0.001642
43172.52974,-102.829163,122.829163,39.46501007,7.702505,7.74027,7.447976,7.477531,6.79444,6.789514,7.492314,7.484925,-0.433476,0.423624,0.262721,0.257795,-0.275857,0.262721,-0.233157,0.226589,0.062396,0.078816,-0.009852,0.014778
43172.52975,-102.784576,122.784576,39.45068427,7.722209,7.759974,7.480816,7.510371,6.823996,6.81907,7.516944,7.509555,-0.42034,0.410488,0.239732,0.234806,-0.275857,0.262721,-0.220022,0.213454,0.042692,0.059112,-0.013136,0.018062
43172.52976,-103.328644,123.328644,39.62549332,7.733703,7.771468,7.498878,7.528433,6.848626,6.8437,7.536648,7.529259,-0.413773,0.403921,0.210176,0.20525,-0.275857,0.262721,-0.206886,0.200318,0.019704,0.036124,-0.019704,0.02463
43172.52977,-103.834526,123.834526,39.7880332,7.753407,7.791172,7.541569,7.571124,6.888033,6.883107,7.564561,7.557172,-0.387501,0.377649,0.183904,0.178978,-0.275857,0.262721,-0.200318,0.19375,-0.009852,0.006568,-0.026272,0.031198
43172.52979,-103.834526,123.834526,39.7880332,7.764901,7.802666,7.564557,7.594112,6.906095,6.901169,7.587549,7.58016,-0.387501,0.377649,0.14778,0.142854,-0.275857,0.262721,-0.190467,0.183899,-0.04926,0.03284,-0.042692,0.047618
43172.5298,-104.168243,124.168243,39.89525648,7.779678,7.817443,7.586724,7.616279,6.92744,6.922514,7.626956,7.619567,-0.371082,0.36123,0.137928,0.133002,-0.275857,0.262721,-0.167479,0.160911,-0.06568,0.04926,-0.042692,0.047618
43172.52981,-104.168243,124.168243,39.89525648,7.786246,7.824011,7.595755,7.62531,6.938934,6.934008,7.699204,7.691815,-0.367798,0.357946,0.128076,0.12315,-0.275857,0.262721,-0.157628,0.15106,-0.078816,0.062396,-0.055828,0.060754
43172.52982,-104.449661,124.449661,39.98567608,7.80595,7.843715,7.615458,7.645013,6.963563,6.958637,7.771451,7.764062,-0.354662,0.34481,0.11494,0.110014,-0.275857,0.262721,-0.144492,0.137924,-0.085384,0.068964,-0.068964,0.07389
43172.52983,-105.208481,125.208481,40.22948495,7.814981,7.852746,7.622026,7.651581,6.979983,6.975057,7.801007,7.793618,-0.357946,0.348094,0.105088,0.100162,-0.275857,0.262721,-0.137924,0.131356,-0.088668,0.072248,-0.075532,0.080458
43172.52984,-105.888504,125.888504,40.44797634,7.845358,7.883123,7.661434,7.690989,7.014464,7.009538,7.823994,7.816605,-0.348094,0.338242,0.062396,0.05747,-0.279141,0.266005,-0.131356,0.124788,-0.105088,0.088668,-0.062396,0.067322
43172.52986,-106.101501,126.101501,40.51641227,7.86342,7.901185,7.690989,7.720544,7.040736,7.03581,7.846982,7.839593,-0.341527,0.331675,0.03284,0.027914,-0.275857,0.262721,-0.119863,0.113295,-0.118224,0.101804,-0.059112,0.064038
43172.52987,-106.255775,126.255775,40.56598051,7.884766,7.922531,7.710693,7.740248,7.058798,7.053872,7.866686,7.859297,-0.338243,0.328391,0.013136,0.00821,-0.275857,0.262721,-0.105085,0.098517,-0.13136,0.11494,-0.0821,0.087026
43172.52988,-107.075958,127.075958,40.82950531,7.896259,7.934024,7.746817,7.776372,7.081785,7.076859,7.889674,7.882285,-0.321823,0.311971,-0.006568,0.011494,-0.275857,0.262721,-0.098517,0.091949,-0.177337,0.160917,-0.091952,0.096878
43172.52989,-107.040642,127.040642,40.81815827,7.901186,7.938951,7.745175,7.77473,7.098205,7.093279,7.896242,7.888853,-0.311971,0.302119,-0.022988,0.027914,-0.279141,0.266005,-0.07553,0.068962,-0.206893,0.190473,-0.095236,0.100162
43172.5299,-107.120102,127.120102,40.84368877,7.907753,7.945518,7.764058,7.793613,7.117908,7.112982,7.911019,7.90363,-0.30212,0.292268,-0.026272,0.031198,-0.282425,0.269289,-0.062394,0.055826,-0.216745,0.200325,-0.09852,0.103446
43172.52991,-107.745834,127.745834,41.04473646,7.920889,7.958654,7.784582,7.814137,7.142538,7.137612,7.930723,7.923334,-0.295552,0.2857,-0.026272,0.031198,-0.292277,0.279141,-0.049259,0.042691,-0.216745,0.200325,-0.09852,0.103446
43172.52993,-107.795494,127.795494,41.06069222,7.937309,7.975074,7.79115,7.820705,7.162242,7.157316,7.947143,7.939754,-0.292268,0.282416,-0.03284,0.037766,-0.298845,0.285709,-0.036123,0.029555,-0.226597,0.210177,-0.131359,0.136285
43172.52994,-108.304466,128.304466,41.22422493,7.96276,8.000525,7.814959,7.844514,7.178661,7.173735,7.966847,7.959458,-0.288984,0.279132,-0.04926,0.054186,-0.298845,0.285709,-0.039407,0.032839,-0.266005,0.249585,-0.147779,0.152705
43172.52995,-108.893112,128.893112,41.41335689,7.975075,8.01284,7.838768,7.868323,7.208217,7.203291,7.993118,7.985729,-0.282416,0.272564,-0.06568,0.070606,-0.305413,0.292277,-0.022987,0.016419,-0.292277,0.275857,-0.157631,0.162557
43172.52996,-109.084473,129.084473,41.47484117,7.983285,8.02105,7.84123,7.870785,7.222995,7.218069,8.004612,7.997223,-0.298836,0.288984,-0.085384,0.09031,-0.311981,0.298845,-0.022987,0.016419,-0.318549,0.302129,-0.174051,0.178977
43172.52997,-109.18512,129.18512,41.50717906,7.989853,8.027618,7.869965,7.89952,7.236131,7.231205,8.021032,8.013643,-0.288984,0.279132,-0.101804,0.10673,-0.338253,0.325117,-0.004926,0.001642,-0.334969,0.318549,-0.200323,0.205249
43172.52998,-109.470062,129.470062,41.59873092,8.001347,8.039112,7.876533,7.906088,7.250908,7.245982,8.034168,8.026779,-0.2857,0.275848,-0.111656,0.116582,-0.472897,0.459761,0.003284,0.009852,-0.354673,0.338253,-0.308695,0.313621
43172.53,-110.119415,130.119415,41.80736804,8.02105,8.058815,7.899521,7.929076,7.28539,7.280464,8.057156,8.049767,-0.282416,0.272564,-0.121508,0.126434,-0.476181,0.463045,0.013136,0.019704,-0.374377,0.357957,-0.311979,0.316905
43172.53001,-110.293335,130.293335,41.86324854,8.037471,8.075236,7.915941,7.945496,7.313303,7.308377,8.075217,8.067828,-0.272564,0.262712,-0.137928,0.142854,-0.472897,0.459761,0.022987,0.029555,-0.397365,0.380945,-0.315263,0.320189
43172.53002,-110.820625,130.820625,42.03266681,8.04568,8.083445,7.937286,7.966841,7.339575,7.334649,8.088353,8.080964,-0.275848,0.265996,-0.141212,0.146138,-0.472897,0.459761,0.029555,0.036123,-0.403933,0.387513,-0.310337,0.315263
43172.53003,-110.875366,130.875366,42.0502551,8.056354,8.094119,7.953706,7.983261,7.365846,7.36092,8.104774,8.097385,-0.272564,0.262712,-0.141212,0.146138,-0.476181,0.463045,0.036123,0.042691,-0.403933,0.387513,-0.311979,0.316905
43172.53004,-111.227188,131.227188,42.1632955,8.0621,8.099865,7.961916,7.991471,7.378982,7.374056,8.112983,8.105594,-0.275848,0.265996,-0.141212,0.146138,-0.472897,0.459761,0.042691,0.049259,-0.417069,0.400649,-0.321831,0.326757
43172.53005,-111.334892,131.334892,42.1979008,8.067026,8.104791,7.966842,7.996397,7.400328,7.395402,8.129403,8.122014,-0.272564,0.262712,-0.141212,0.146138,-0.472897,0.459761,0.049259,0.055827,-0.420353,0.403933,-0.331683,0.336609
43172.53007,-111.334892,131.334892,42.1979008,8.076878,8.114643,7.975052,8.004607,7.424957,7.420031,8.145823,8.138434,-0.265997,0.256145,-0.141212,0.146138,-0.476181,0.463045,0.057468,0.064036,-0.420353,0.403933,-0.338251,0.343177
43172.53008,-111.689148,131.689148,42.31172325,8.075236,8.113001,7.976694,8.006249,7.433167,7.428241,8.149107,8.141718,-0.275848,0.265996,-0.141212,0.146138,-0.476181,0.463045,0.062394,0.068962,-0.43349,0.41707,-0.357955,0.362881
43172.53009,-111.81076,131.81076,42.35079719,8.076878,8.114643,7.996397,8.025952,7.447945,7.443019,8.158958,8.151569,-0.279132,0.26928,-0.144496,0.149422,-0.476181,0.463045,0.068962,0.07553,-0.436774,0.420354,-0.361239,0.366165
43172.5301,-111.684952,131.684952,42.31037508,8.08673,8.124495,7.994756,8.024311,7.456155,7.451229,8.165526,8.158137,-0.275848,0.265996,-0.144496,0.149422,-0.476181,0.463045,0.090307,0.096875,-0.436774,0.420354,-0.357955,0.362881
43172.53011,-112.050674,132.050674,42.42788156,8.116285,8.15405,8.029238,8.058793,7.482426,7.4775,8.19344,8.186051,-0.265997,0.256145,-0.14778,0.152706,-0.472897,0.459761,0.085382,0.09195,-0.446626,0.430206,-0.361239,0.366165
43172.53012,-112.789635,132.789635,42.66530973,8.122853,8.160618,8.032521,8.062076,7.505414,7.500488,8.206576,8.199187,-0.265997,0.256145,-0.157632,0.162558,-0.476181,0.463045,0.088665,0.095233,-0.486034,0.469614,-0.361239,0.366165
43172.53013,-113.403664,133.403664,42.86259724,8.142557,8.180322,8.050583,8.080138,7.533328,7.528402,8.224638,8.217249,-0.269281,0.259429,-0.1642,0.169126,-0.472897,0.459761,0.095233,0.101801,-0.518874,0.502454,-0.380942,0.385868
43172.53015,-113.403664,133.403664,42.86259724,8.162261,8.200026,8.075212,8.104767,7.564525,7.559599,8.25091,8.243521,-0.279132,0.26928,-0.1642,0.169126,-0.472897,0.459761,0.111653,0.118221,-0.525442,0.509022,-0.380942,0.385868
43172.53016,-114.198021,134.198021,43.11782415,8.168829,8.206594,8.088348,8.117903,7.584229,7.579303,8.264046,8.256657,-0.265997,0.256145,-0.1642,0.169126,-0.476181,0.463045,0.124788,0.131356,-0.53201,0.51559,-0.384226,0.389152
43172.53017,-114.937645,134.937645,43.35546534,8.195101,8.232866,8.10641,8.135965,7.613784,7.608858,8.288675,8.281286,-0.262713,0.252861,-0.1642,0.169126,-0.472897,0.459761,0.128072,0.13464,-0.541862,0.525442,-0.38751,0.392436
43172.53018,-114.943825,134.943825,43.35745097,8.188533,8.226298,8.101484,8.131039,7.62692,7.621994,8.298528,8.291139,-0.265997,0.256145,-0.167484,0.17241,-0.472897,0.459761,0.131356,0.137924,-0.545146,0.528726,-0.38751,0.392436
43172.53019,-115.121941,135.121941,43.41467964,8.200027,8.237792,8.131041,8.160596,7.644981,7.640055,8.313305,8.305916,-0.269281,0.259429,-0.167484,0.17241,-0.476181,0.463045,0.128072,0.13464,-0.54843,0.53201,-0.38751,0.392436
43172.5302,-115.474205,135.474205,43.52786207,8.211521,8.249286,8.13925,8.168805,7.666327,7.661401,8.324799,8.31741,-0.272564,0.262712,-0.167484,0.17241,-0.472897,0.459761,0.124788,0.131356,-0.54843,0.53201,-0.38751,0.392436
43172.53022,-115.533134,135.533134,43.54679595,8.224657,8.262422,8.15567,8.185225,7.684389,7.679463,8.337934,8.330545,-0.265997,0.256145,-0.167484,0.17241,-0.472897,0.459761,0.137924,0.144492,-0.54843,0.53201,-0.394078,0.399004
43172.53023,-116.542473,136.542473,43.87109657,8.236151,8.273916,8.157311,8.186866,7.700809,7.695883,8.352713,8.345324,-0.269281,0.259429,-0.167484,0.17241,-0.476181,0.463045,0.137924,0.144492,-0.54843,0.53201,-0.394078,0.399004
43172.53024,-116.358391,136.358391,43.81195103,8.252571,8.290336,8.190151,8.219706,7.730364,7.725438,8.380627,8.373238,-0.265997,0.256145,-0.167484,0.17241,-0.476181,0.463045,0.13464,0.141208,-0.545146,0.528726,-0.397362,0.402288
43172.53025,-117.002441,137.002441,44.01888429,8.270633,8.308398,8.200004,8.229559,7.748425,7.743499,8.393763,8.386374,-0.275848,0.265996,-0.170768,0.175694,-0.472897,0.459761,0.13464,0.141208,-0.545146,0.528726,-0.394078,0.399004
43172.53026,-117.177467,137.177467,44.07512015,8.28541,8.323175,8.204929,8.234484,7.769772,7.764846,8.411824,8.404435,-0.275848,0.265996,-0.170768,0.175694,-0.472897,0.459761,0.13464,0.141208,-0.54843,0.53201,-0.394078,0.399004
43172.53027,-118.42363,138.42363,44.47551232,8.305114,8.342879,8.23859,8.268145,7.800969,7.796043,8.438096,8.430707,-0.272564,0.262712,-0.167484,0.17241,-0.474539,0.461403,0.141208,0.147776,-0.54843,0.53201,-0.394078,0.399004
43172.53029,-118.24176,138.24176,44.41707749,8.313324,8.351089,8.250905,8.28046,7.820673,7.815747,8.4578,8.450411,-0.265997,0.256145,-0.167484,0.17241,-0.472897,0.459761,0.141208,0.147776,-0.54843,0.53201,-0.397362,0.402288
43172.5303,-118.835045,138.835045,44.60769996,8.336312,8.374077,8.265682,8.295237,7.838734,7.833808,8.475862,8.468473,-0.265997,0.256145,-0.167484,0.17241,-0.476181,0.463045,0.147776,0.154344,-0.54843,0.53201,-0.397362,0.402288
43172.53031,-119.642204,139.642204,44.86704015,8.3593,8.397065,8.275535,8.30509,7.869932,7.865006,8.498849,8.49146,-0.265997,0.256145,-0.170768,0.175694,-0.476181,0.463045,0.157628,0.164196,-0.54843,0.53201,-0.397362,0.402288
43172.53032,-120.259544,140.259544,45.06539149,8.370793,8.408558,8.308374,8.337929,7.892919,7.887993,8.513627,8.506238,-0.282416,0.272564,-0.167484,0.17241,-0.476181,0.463045,0.141208,0.147776,-0.54843,0.53201,-0.394078,0.399004
43172.53033,-120.259544,140.259544,45.06539149,8.388035,8.4258,8.318226,8.347781,7.910981,7.906055,8.534973,8.527584,-0.269281,0.259429,-0.170768,0.175694,-0.476181,0.463045,0.147776,0.154344,-0.545146,0.528726,-0.394078,0.399004
43172.53034,-120.797653,140.797653,45.23828591,8.392139,8.429904,8.331362,8.360917,7.932327,7.927401,8.553035,8.545646,-0.265997,0.256145,-0.170768,0.175694,-0.476181,0.463045,0.15106,0.157628,-0.54843,0.53201,-0.397362,0.402288
43172.53036,-121.126076,141.126076,45.34380822,8.40856,8.446325,8.342855,8.37241,7.948746,7.94382,8.571096,8.563707,-0.256145,0.246293,-0.170768,0.175694,-0.476181,0.463045,0.157628,0.164196,-0.54843,0.53201,-0.397362,0.402288
43172.53037,-121.297134,141.297134,45.39876915,8.413486,8.451251,8.351066,8.380621,7.96024,7.955314,8.58259,8.575201,-0.259429,0.249577,-0.170768,0.175694,-0.476181,0.463045,0.157628,0.164196,-0.54843,0.53201,-0.400646,0.405572
43172.53038,-122.472443,142.472443,45.77639594,8.433189,8.470954,8.37077,8.400325,7.998005,7.993079,8.60722,8.599831,-0.272564,0.262712,-0.170768,0.175694,-0.476181,0.463045,0.164195,0.170763,-0.54843,0.53201,-0.397362,0.402288
43172.53039,-122.472443,142.472443,45.77639594,8.449609,8.487374,8.379801,8.409356,8.017709,8.012783,8.625282,8.617893,-0.272564,0.262712,-0.170768,0.175694,-0.476181,0.463045,0.167479,0.174047,-0.54843,0.53201,-0.397362,0.402288
43172.5304,-122.346642,142.346642,45.73597607,8.464387,8.502152,8.393757,8.423312,8.032487,8.027561,8.635134,8.627745,-0.275848,0.265996,-0.170768,0.175694,-0.495885,0.482749,0.167479,0.174047,-0.54843,0.53201,-0.440054,0.44498
43172.53041,-122.597816,142.597816,45.81667828,8.472597,8.510362,8.402788,8.432343,8.042338,8.037412,8.646627,8.639238,-0.267639,0.257787,-0.170768,0.175694,-0.643666,0.63053,0.174047,0.180615,-0.54843,0.53201,-0.581266,0.586192
43172.53043,-123.114288,143.114288,45.98262073,8.485733,8.523498,8.415103,8.444658,8.062042,8.057116,8.659763,8.652374,-0.265997,0.256145,-0.170768,0.175694,-0.643666,0.63053,0.169121,0.175689,-0.546788,0.530368,-0.581266,0.586192
43172.53044,-123.676453,143.676453,46.16324435,8.493943,8.531708,8.483245,8.5128,8.088314,8.083388,8.684394,8.677005,-0.272564,0.262712,-0.170768,0.175694,-0.643666,0.63053,0.180615,0.187183,-0.545146,0.528726,-0.582908,0.587834
43172.53045,-124.007523,144.007523,46.26961714,8.513647,8.551412,8.551388,8.580943,8.111301,8.106375,8.702456,8.695067,-0.272564,0.262712,-0.170768,0.175694,-0.643666,0.63053,0.174047,0.180615,-0.551714,0.535294,-0.58455,0.589476
43172.53046,-124.310791,144.310791,46.36705715,8.521856,8.559621,8.554671,8.584226,8.137573,8.132647,8.717233,8.709844,-0.275848,0.265996,-0.170768,0.175694,-0.643666,0.63053,0.187183,0.193751,-0.54843,0.53201,-0.58455,0.589476
43172.53047,-124.207275,144.207275,46.33379746,8.526783,8.564548,8.54482,8.574375,8.145783,8.140857,8.720517,8.713128,-0.275848,0.265996,-0.170768,0.175694,-0.643666,0.63053,0.187183,0.193751,-0.54843,0.53201,-0.58455,0.589476
43172.53048,-124.774292,144.774292,46.51598002,8.543202,8.580967,8.564524,8.594079,8.172054,8.167128,8.743505,8.736116,-0.269281,0.259429,-0.170768,0.175694,-0.64695,0.633814,0.190467,0.197035,-0.54843,0.53201,-0.591118,0.596044
43172.5305,-125.302689,145.302689,46.68575398,8.557981,8.595746,8.562881,8.592436,8.188475,8.183549,8.759925,8.752536,-0.269281,0.259429,-0.170768,0.175694,-0.643666,0.63053,0.188825,0.195393,-0.545146,0.528726,-0.591118,0.596044
43172.53051,-125.402229,145.402229,46.71773618,8.561264,8.599029,8.585869,8.615424,8.204894,8.199968,8.771419,8.76403,-0.269281,0.259429,-0.170768,0.175694,-0.643666,0.63053,0.188825,0.195393,-0.54843,0.53201,-0.591118,0.596044
43172.53052,-125.377068,145.377068,46.70965195,8.5744,8.612165,8.589153,8.618708,8.213104,8.208178,8.779629,8.77224,-0.279132,0.26928,-0.170768,0.175694,-0.643666,0.63053,0.193751,0.200319,-0.54843,0.53201,-0.587834,0.59276
43172.53053,-125.59845,145.59845,46.78078199,8.576042,8.613807,8.600647,8.630202,8.219672,8.214746,8.788659,8.78127,-0.265997,0.256145,-0.170768,0.175694,-0.643666,0.63053,0.200318,0.206886,-0.54843,0.53201,-0.591118,0.596044
43172.53054,-126.166794,146.166794,46.96339091,8.595746,8.633511,8.612141,8.641696,8.25087,8.245944,8.809184,8.801795,-0.262713,0.252861,-0.170768,0.175694,-0.643666,0.63053,0.198676,0.205244,-0.545146,0.528726,-0.594402,0.599328
43172.53055,-126.404282,146.404282,47.03969581,8.594104,8.631869,8.608036,8.637591,8.262363,8.257437,8.819036,8.811647,-0.262713,0.252861,-0.170768,0.175694,-0.643666,0.63053,0.213454,0.220022,-0.545146,0.528726,-0.591118,0.596044
43172.53057,-126.605133,146.605133,47.10422923,8.618734,8.656499,8.63677,8.666325,8.288635,8.283709,8.843666,8.836277,-0.265997,0.256145,-0.170768,0.175694,-0.64695,0.633814,0.200318,0.206886,-0.54843,0.53201,-0.594402,0.599328
43172.53058,-127.328423,147.328423,47.33662231,8.626944,8.664709,8.646623,8.676178,8.300129,8.295203,8.853518,8.846129,-0.269281,0.259429,-0.170768,0.175694,-0.643666,0.63053,0.213454,0.220022,-0.54843,0.53201,-0.591118,0.596044
43172.53059,-128.146835,148.146835,47.59957809,8.64829,8.686055,8.672894,8.702449,8.329684,8.324758,8.874864,8.867475,-0.269281,0.259429,-0.170768,0.175694,-0.643666,0.63053,0.213454,0.220022,-0.54843,0.53201,-0.600969,0.605895
43172.5306,-128.249908,148.249908,47.63269544,8.672919,8.710684,8.679462,8.709017,8.355956,8.35103,8.899493,8.892104,-0.269281,0.259429,-0.170768,0.175694,-0.643666,0.63053,0.220022,0.22659,-0.54843,0.53201,-0.607538,0.612464
43172.53061,-128.764618,148.764618,47.79807176,8.677846,8.715611,8.70245,8.732005,8.372375,8.367449,8.909346,8.901957,-0.262713,0.252861,-0.170768,0.175694,-0.643666,0.63053,0.223306,0.229874,-0.54843,0.53201,-0.610821,0.615747
43172.53062,-129.190598,149.190598,47.93493914,8.684414,8.722179,8.700808,8.730363,8.392079,8.387153,8.919197,8.911808,-0.279132,0.26928,-0.170768,0.175694,-0.643666,0.63053,0.22659,0.233158,-0.54843,0.53201,-0.610821,0.615747
43172.53063,-129.663818,149.663818,48.08698472,8.712327,8.750092,8.714765,8.74432,8.408499,8.403573,8.940543,8.933154,-0.274206,0.264354,-0.170768,0.175694,-0.64695,0.633814,0.239725,0.246293,-0.551714,0.535294,-0.615747,0.620673
43172.53065,-129.487015,149.487015,48.03017792,8.713969,8.751734,8.723796,8.753351,8.410141,8.405215,8.945469,8.93808,-0.265997,0.256145,-0.174052,0.178978,-0.643666,0.63053,0.243009,0.249577,-0.54843,0.53201,-0.623957,0.628883
43172.53066,-130.465683,150.465683,48.34462395,8.733673,8.771438,8.750068,8.779623,8.431486,8.42656,8.973383,8.965994,-0.269281,0.259429,-0.170768,0.175694,-0.643666,0.63053,0.243009,0.249577,-0.54843,0.53201,-0.623957,0.628883
43172.53067,-130.694565,150.694565,48.41816373,8.745167,8.782932,8.750068,8.779623,8.446264,8.441338,8.99637,8.988981,-0.262713,0.252861,-0.170768,0.175694,-0.64695,0.633814,0.246293,0.252861,-0.551714,0.535294,-0.623957,0.628883
43172.53068,-131.475235,151.475235,48.66899301,8.764871,8.802636,8.781265,8.81082,8.474178,8.469252,9.016074,9.008685,-0.265997,0.256145,-0.170768,0.175694,-0.643666,0.63053,0.249577,0.256145,-0.54843,0.53201,-0.630525,0.635451
43172.53069,-132.173584,152.173584,48.89337254,8.792785,8.83055,8.809179,8.838734,8.503734,8.498808,9.039062,9.031673,-0.275848,0.265996,-0.170768,0.175694,-0.643666,0.63053,0.259429,0.265997,-0.54843,0.53201,-0.630525,0.635451
43172.5307,-131.97316,151.97316,48.82897631,8.791142,8.828907,8.810821,8.840376,8.511943,8.507017,9.047272,9.039883,-0.279132,0.26928,-0.170768,0.175694,-0.643666,0.63053,0.259429,0.265997,-0.54843,0.53201,-0.630525,0.635451
43172.53072,-132.164963,152.164963,48.89060261,8.796069,8.833834,8.805895,8.83545,8.520153,8.515227,9.058766,9.051377,-0.272564,0.262712,-0.170768,0.175694,-0.643666,0.63053,0.262713,0.269281,-0.54843,0.53201,-0.630525,0.635451
43172.53073,-132.620972,152.620972,49.0371183,8.819057,8.856822,8.821494,8.851049,8.533289,8.528363,9.075186,9.067797,-0.269281,0.259429,-0.170768,0.175694,-0.643666,0.63053,0.275848,0.282416,-0.54843,0.53201,-0.633809,0.638735
43172.53074,-133.689896,153.689896,49.38056358,8.837118,8.874883,8.830524,8.860079,8.556276,8.55135,9.101458,9.094069,-0.265997,0.256145,-0.170768,0.175694,-0.643666,0.63053,0.272564,0.279132,-0.545146,0.528726,-0.633809,0.638735
43172.53075,-133.721024,153.721024,49.39056501,8.846971,8.884736,8.853513,8.883068,8.574338,8.569412,9.119519,9.11213,-0.272564,0.262712,-0.170768,0.175694,-0.643666,0.63053,0.2857,0.292268,-0.54843,0.53201,-0.640377,0.645303
43172.53076,-133.921432,153.921432,49.4549561,8.861749,8.899514,8.873217,8.902772,8.595684,8.590758,9.131013,9.123624,-0.272564,0.262712,-0.170768,0.175694,-0.640382,0.627246,0.288984,0.295552,-0.545146,0.528726,-0.650229,0.655155
43172.53077,-134.69812,154.69812,49.70450596,8.884736,8.922501,8.886353,8.915908,8.612103,8.607177,9.150717,9.143328,-0.262713,0.252861,-0.170768,0.175694,-0.643666,0.63053,0.298836,0.305404,-0.54843,0.53201,-0.653513,0.658439
43172.53079,-135.941635,155.941635,50.10404733,8.901156,8.938921,8.90113,8.930685,8.644943,8.640017,9.186841,9.179452,-0.256145,0.246293,-0.167484,0.17241,-0.643666,0.63053,0.302119,0.308687,-0.545146,0.528726,-0.653513,0.658439
43172.5308,-135.675018,155.675018,50.01838328,8.915934,8.953699,8.927402,8.956957,8.659721,8.654795,9.198335,9.190946,-0.262713,0.252861,-0.167484,0.17241,-0.64695,0.633814,0.311971,0.318539,-0.54843,0.53201,-0.663365,0.668291
43172.53081,-136.327011,156.327011,50.22786863,8.935637,8.973402,8.938895,8.96845,8.677783,8.672857,9.219681,9.212292,-0.262713,0.252861,-0.170768,0.175694,-0.643666,0.63053,0.325107,0.331675,-0.54843,0.53201,-0.666649,0.671575
43172.53082,-137.064651,157.064651,50.46487237,8.958626,8.996391,8.948748,8.978303,8.699128,8.694202,9.242668,9.235279,-0.272564,0.262712,-0.167484,0.17241,-0.643666,0.63053,0.328391,0.334959,-0.545146,0.528726,-0.673217,0.678143
43172.53083,-137.381805,157.381805,50.56677395,8.979972,9.017737,8.978303,9.007858,8.735251,8.730325,9.339545,9.332156,-0.269281,0.259429,-0.170768,0.175694,-0.643666,0.63053,0.338242,0.34481,-0.54843,0.53201,-0.676501,0.681427
43172.53084,-137.766968,157.766968,50.69052682,8.996391,9.034156,8.978303,9.007858,8.751672,8.746746,9.377311,9.369922,-0.269281,0.259429,-0.167484,0.17241,-0.640382,0.627246,0.338242,0.34481,-0.54843,0.53201,-0.676501,0.681427
43172.53086,-138.272842,158.272842,50.85306413,9.009527,9.047292,9.006217,9.035772,8.769733,8.764807,9.406867,9.399478,-0.275848,0.265996,-0.167484,0.17241,-0.643666,0.63053,0.338242,0.34481,-0.54843,0.53201,-0.676501,0.681427
43172.53087,-139.032333,159.032333,51.09708859,9.025948,9.063713,9.019353,9.048908,8.799289,8.794363,9.436422,9.429033,-0.279132,0.26928,-0.167484,0.17241,-0.64695,0.633814,0.328391,0.334959,-0.54843,0.53201,-0.676501,0.681427
43172.53088,-139.634003,159.634003,51.29040516,9.057145,9.09491,9.040699,9.070254,8.825561,8.820635,9.464336,9.456947,-0.275848,0.265996,-0.167484,0.17241,-0.643666,0.63053,0.34481,0.351378,-0.545146,0.528726,-0.683069,0.687995
43172.53089,-139.832642,159.832642,51.35422787,9.071923,9.109688,9.055476,9.085031,8.84198,8.837054,9.479115,9.471726,-0.292268,0.282416,-0.167484,0.17241,-0.643666,0.63053,0.338242,0.34481,-0.54843,0.53201,-0.689637,0.694563
43172.5309,-140.095291,160.095291,51.438617,9.088343,9.126108,9.070254,9.099809,8.861684,8.856758,9.505386,9.497997,-0.282416,0.272564,-0.167484,0.17241,-0.643666,0.63053,0.341526,0.348094,-0.54843,0.53201,-0.696205,0.701131
43172.53091,-140.972641,160.972641,51.72050955,9.096553,9.134318,9.089958,9.119513,8.892881,8.887955,9.534942,9.527553,-0.295552,0.2857,-0.167484,0.17241,-0.64695,0.633814,0.341526,0.348094,-0.54843,0.53201,-0.699489,0.704415
43172.53093,-141.486252,161.486252,51.88553277,9.126108,9.163873,9.09981,9.129365,8.912585,8.907659,9.553003,9.545614,-0.295552,0.2857,-0.167484,0.17241,-0.643666,0.63053,0.341526,0.348094,-0.545146,0.528726,-0.696205,0.701131
43172.53094,-142.049515,162.049515,52.06650917,9.155664,9.193429,9.145785,9.17534,8.947066,8.94214,9.587485,9.580096,-0.298836,0.288984,-0.167484,0.17241,-0.643666,0.63053,0.34481,0.351378,-0.54843,0.53201,-0.696205,0.701131
43172.53095,-142.886688,162.886688,52.33549285,9.183578,9.221343,9.155638,9.185193,8.970055,8.965129,9.610474,9.603085,-0.311971,0.302119,-0.167484,0.17241,-0.643666,0.63053,0.338242,0.34481,-0.545146,0.528726,-0.699489,0.704415
43172.53096,-143.334961,163.334961,52.47952297,9.203282,9.241047,9.178625,9.20818,8.996325,8.991399,9.626893,9.619504,-0.331675,0.321823,-0.1642,0.169126,-0.643666,0.63053,0.334959,0.341527,-0.545146,0.528726,-0.696205,0.701131
43172.53097,-143.797592,163.797592,52.62816631,9.221344,9.259109,9.191761,9.221316,9.017672,9.012746,9.653165,9.645776,-0.331675,0.321823,-0.167484,0.17241,-0.643666,0.63053,0.34481,0.351378,-0.545146,0.528726,-0.699489,0.704415
43172.53098,-144.077011,164.077011,52.71794363,9.232838,9.270603,9.188478,9.218033,9.034091,9.029165,9.667943,9.660554,-0.341527,0.331675,-0.167484,0.17241,-0.64695,0.633814,0.341526,0.348094,-0.54843,0.53201,-0.699489,0.704415
43172.531,-144.89476,164.89476,52.98068639,9.24269,9.280455,9.208181,9.237736,9.055437,9.050511,9.683541,9.676152,-0.336601,0.326749,-0.167484,0.17241,-0.643666,0.63053,0.351378,0.357946,-0.545146,0.528726,-0.696205,0.701131
43172.53101,-145.112167,165.112167,53.05053926,9.255826,9.293591,9.226243,9.255798,9.080067,9.075141,9.702425,9.695036,-0.34481,0.334958,-0.167484,0.17241,-0.643666,0.63053,0.331675,0.338243,-0.54843,0.53201,-0.696205,0.701131
43172.53102,-145.531967,165.531967,53.185421,9.276351,9.314116,9.231169,9.260724,9.101413,9.096487,9.720487,9.713098,-0.357946,0.348094,-0.1642,0.169126,-0.643666,0.63053,0.348094,0.354662,-0.545146,0.528726,-0.696205,0.701131
43172.53103,-145.608337,165.608337,53.20995868,9.293591,9.331356,9.250873,9.280428,9.121116,9.11619,9.741832,9.734443,-0.364514,0.354662,-0.1642,0.169126,-0.643666,0.63053,0.341526,0.348094,-0.54843,0.53201,-0.699489,0.704415
43172.53104,-146.501129,166.501129,53.49681275,9.306727,9.344492,9.267292,9.296847,9.139178,9.134252,9.759894,9.752505,-0.367798,0.357946,-0.1642,0.169126,-0.643666,0.63053,0.341526,0.348094,-0.54843,0.53201,-0.692921,0.697847
43172.53105,-147.558594,167.558594,53.83657625,9.337925,9.37569,9.293564,9.323119,9.173659,9.168733,9.78945,9.782061,-0.371082,0.36123,-0.160916,0.165842,-0.64695,0.633814,0.34481,0.351378,-0.54843,0.53201,-0.699489,0.704415
43172.53106,-147.799393,167.799393,53.91394497,9.357629,9.395394,9.311626,9.341181,9.196647,9.191721,9.807511,9.800122,-0.394069,0.384217,-0.154348,0.159274,-0.643666,0.63053,0.341526,0.348094,-0.54843,0.53201,-0.696205,0.701131
43172.53108,-147.679764,167.679764,53.87550817,9.375691,9.413456,9.316552,9.346107,9.217993,9.213067,9.840351,9.832962,-0.37765,0.367798,-0.151064,0.15599,-0.643666,0.63053,0.338242,0.34481,-0.551714,0.535294,-0.696205,0.701131
43172.53109,-148.850433,168.850433,54.25164412,9.392111,9.429876,9.341182,9.370737,9.234412,9.229486,9.869907,9.862518,-0.384217,0.374365,-0.14778,0.152706,-0.643666,0.63053,0.338242,0.34481,-0.54843,0.53201,-0.699489,0.704415
43172.5311,-149.050629,169.050629,54.3159671,9.400321,9.438086,9.352675,9.38223,9.259042,9.254116,9.894537,9.887148,-0.387501,0.377649,-0.144496,0.149422,-0.64695,0.633814,0.334959,0.341527,-0.54843,0.53201,-0.696205,0.701131
43172.53111,-149.410172,169.410172,54.43148826,9.413457,9.451222,9.369096,9.398651,9.28203,9.277104,9.915883,9.908494,-0.400637,0.390785,-0.141212,0.146138,-0.64695,0.633814,0.348094,0.354662,-0.545146,0.528726,-0.696205,0.701131
43172.53112,-149.980057,169.980057,54.61459231,9.421667,9.459432,9.383873,9.413428,9.291882,9.286956,9.922451,9.915062,-0.407205,0.397353,-0.141212,0.146138,-0.64695,0.633814,0.341526,0.348094,-0.54843,0.53201,-0.696205,0.701131
43172.53113,-150.297897,170.297897,54.71671431,9.438087,9.475852,9.392083,9.421638,9.314869,9.309943,9.940513,9.933124,-0.413773,0.403921,-0.137928,0.142854,-0.643666,0.63053,0.349736,0.356304,-0.545146,0.528726,-0.696205,0.701131
43172.53115,-150.748367,170.748367,54.86145032,9.470926,9.508691,9.407682,9.437237,9.344425,9.339499,9.968427,9.961038,-0.413773,0.403921,-0.134644,0.13957,-0.64695,0.633814,0.34481,0.351378,-0.545146,0.528726,-0.699489,0.704415
43172.53116,-151.67627,171.67627,55.15958555,9.49063,9.528395,9.429849,9.459404,9.364128,9.359202,10.022613,10.015224,-0.426908,0.417056,-0.128076,0.133002,-0.643666,0.63053,0.351378,0.357946,-0.545146,0.528726,-0.697847,0.702773
43172.53117,-152.179276,172.179276,55.32120138,9.511976,9.549741,9.454479,9.484034,9.388759,9.383833,10.07023,10.062841,-0.426908,0.417056,-0.121508,0.126434,-0.643666,0.63053,0.34481,0.351378,-0.54843,0.53201,-0.696205,0.701131
43172.53118,-153.306259,173.306259,55.68330102,9.526754,9.564519,9.464331,9.493886,9.416672,9.411746,10.093218,10.085829,-0.430192,0.42034,-0.118224,0.12315,-0.64695,0.633814,0.338242,0.34481,-0.54843,0.53201,-0.699489,0.704415
43172.53119,-153.2173,173.2173,55.65471849,9.533322,9.571087,9.474182,9.503737,9.428165,9.423239,10.106354,10.098965,-0.440044,0.430192,-0.118224,0.12315,-0.64695,0.633814,0.338242,0.34481,-0.545146,0.528726,-0.696205,0.701131
43172.5312,-153.177582,173.177582,55.6419571,9.553847,9.591612,9.490602,9.520157,9.442944,9.438018,10.124415,10.117026,-0.430192,0.42034,-0.118224,0.12315,-0.643666,0.63053,0.338242,0.34481,-0.545146,0.528726,-0.699489,0.704415
43172.53122,-153.795807,173.795807,55.84059279,9.57273,9.610495,9.510306,9.539861,9.459363,9.454437,10.147403,10.140014,-0.443328,0.433476,-0.118224,0.12315,-0.643666,0.63053,0.348094,0.354662,-0.545146,0.528726,-0.696205,0.701131
43172.53123,-154.982147,174.982147,56.22176383,9.591613,9.629378,9.515232,9.544787,9.482351,9.477425,10.172033,10.164644,-0.433476,0.423624,-0.111656,0.116582,-0.64695,0.633814,0.341526,0.348094,-0.545146,0.528726,-0.699489,0.704415
43172.53124,-155.296677,175.296677,56.32282232,9.60557,9.643335,9.533294,9.562849,9.498771,9.493845,10.188453,10.181064,-0.449896,0.440044,-0.101804,0.10673,-0.64695,0.633814,0.338242,0.34481,-0.545146,0.528726,-0.696205,0.701131
43172.53125,-155.705429,175.705429,56.45415434,9.620348,9.658113,9.549714,9.579269,9.516832,9.511906,10.209799,10.20241,-0.443328,0.433476,-0.09852,0.103446,-0.64695,0.633814,0.341526,0.348094,-0.545146,0.528726,-0.696205,0.701131
43172.53126,-155.617584,175.617584,56.42592974,9.627737,9.665502,9.561208,9.590763,9.5234,9.518474,10.218009,10.21062,-0.449896,0.440044,-0.09852,0.103446,-0.643666,0.63053,0.34481,0.351378,-0.54843,0.53201,-0.692921,0.697847
43172.53127,-156.217941,176.217941,56.61882444,9.649903,9.687668,9.572701,9.602256,9.544746,9.53982,10.234428,10.227039,-0.463031,0.453179,-0.09852,0.103446,-0.643666,0.63053,0.338242,0.34481,-0.545146,0.528726,-0.696205,0.701131
43172.53129,-156.574829,176.574829,56.73349256,9.653188,9.690953,9.589122,9.618677,9.55624,9.551314,10.247564,10.240175,-0.463031,0.453179,-0.09852,0.103446,-0.643666,0.63053,0.34481,0.351378,-0.54843,0.53201,-0.696205,0.701131
43172.5313,-157.26767,177.26767,56.95610237,9.669607,9.707372,9.597331,9.626886,9.569376,9.56445,10.2607,10.253311,-0.466315,0.456463,-0.09852,0.103446,-0.643666,0.63053,0.341526,0.348094,-0.545146,0.528726,-0.699489,0.704415
43172.53131,-157.346893,177.346893,56.98155672,9.690953,9.728718,9.613751,9.643306,9.58087,9.575944,10.280404,10.273015,-0.466315,0.456463,-0.09852,0.103446,-0.643666,0.63053,0.34481,0.351378,-0.545146,0.528726,-0.696205,0.701131
43172.53132,-157.79451,177.79451,57.12537606,9.702447,9.740212,9.638381,9.667936,9.592363,9.587437,10.290257,10.282868,-0.466315,0.456463,-0.095236,0.100162,-0.64695,0.633814,0.34481,0.351378,-0.545146,0.528726,-0.696205,0.701131
43172.53133,-158.172592,178.172592,57.24685381,9.711478,9.749243,9.651517,9.681072,9.607141,9.602215,10.30175,10.294361,-0.476167,0.466315,-0.0821,0.087026,-0.643666,0.63053,0.338242,0.34481,-0.545146,0.528726,-0.699489,0.704415
43172.53134,-158.509857,178.509857,57.35521705,9.725435,9.7632,9.661369,9.690924,9.621919,9.616993,10.321454,10.314065,-0.482735,0.472883,-0.072248,0.077174,-0.643666,0.63053,0.34481,0.351378,-0.54843,0.53201,-0.699489,0.704415
43172.53136,-159.069153,179.069153,57.53491886,9.747602,9.785367,9.682714,9.712269,9.636697,9.631771,10.336232,10.328843,-0.482735,0.472883,-0.068964,0.07389,-0.643666,0.63053,0.338242,0.34481,-0.545146,0.528726,-0.696205,0.701131
43172.53137,-159.703934,179.703934,57.73887399,9.768127,9.805892,9.710629,9.740184,9.666252,9.661326,10.357578,10.350189,-0.489302,0.47945,-0.062396,0.067322,-0.64695,0.633814,0.325107,0.331675,-0.545146,0.528726,-0.699489,0.704415
43172.53138,-160.148895,180.148895,57.88183996,9.776337,9.814102,9.727049,9.756604,9.679388,9.674462,10.369072,10.361683,-0.502438,0.492586,-0.062396,0.067322,-0.643666,0.63053,0.318539,0.325107,-0.545146,0.528726,-0.696205,0.701131
43172.53139,-160.148895,180.148895,57.88183996,9.791115,9.82888,9.731975,9.76153,9.687598,9.682672,10.380566,10.373177,-0.518858,0.509006,-0.062396,0.067322,-0.64695,0.633814,0.308687,0.315255,-0.545146,0.528726,-0.699489,0.704415
43172.5314,-160.532501,180.532501,58.00509257,9.807535,9.8453,9.746752,9.776307,9.707302,9.702376,10.388776,10.381387,-0.531993,0.522141,-0.062396,0.067322,-0.643666,0.63053,0.292268,0.298836,-0.541862,0.525442,-0.696205,0.701131
43172.53141,-160.885193,180.885193,58.11841251,9.822312,9.860077,9.76974,9.799295,9.736857,9.731931,10.406837,10.399448,-0.551697,0.541845,-0.078816,0.083742,-0.643666,0.63053,0.265997,0.272565,-0.541862,0.525442,-0.689637,0.694563
43172.53143,-161.230621,181.230621,58.22939853,9.838733,9.876498,9.789444,9.818999,9.751636,9.74671,10.418331,10.410942,-0.551697,0.541845,-0.078816,0.083742,-0.643666,0.63053,0.259429,0.265997,-0.538578,0.522158,-0.686353,0.691279
43172.53144,-161.227524,181.227524,58.22840346,9.850226,9.887991,9.799295,9.82885,9.761487,9.756561,10.428184,10.420795,-0.558265,0.548413,-0.085384,0.09031,-0.643666,0.63053,0.246293,0.252861,-0.538578,0.522158,-0.686353,0.691279
43172.53145,-161.89917,181.89917,58.44420332,9.860079,9.897844,9.807506,9.837061,9.771338,9.766412,10.441319,10.43393,-0.553339,0.543487,-0.078816,0.083742,-0.643666,0.63053,0.243009,0.249577,-0.538578,0.522158,-0.687995,0.692921
43172.53146,-162.64563,182.64563,58.68404092,9.87814,9.915905,9.825567,9.855122,9.795969,9.791043,10.457739,10.45035,-0.561548,0.551696,-0.0821,0.087026,-0.640382,0.627246,0.239725,0.246293,-0.535294,0.518874,-0.679785,0.684711
43172.53147,-162.48848,182.48848,58.63354862,9.889634,9.927399,9.830494,9.860049,9.802537,9.797611,10.465949,10.45856,-0.558265,0.548413,-0.078816,0.083742,-0.64695,0.633814,0.220022,0.22659,-0.535294,0.518874,-0.679785,0.684711
43172.53148,-163.136719,183.136719,58.84182781,9.904412,9.942177,9.854302,9.883857,9.815672,9.810746,10.487295,10.479906,-0.574684,0.564832,-0.0821,0.087026,-0.643666,0.63053,0.216738,0.223306,-0.535294,0.518874,-0.679785,0.684711
43172.5315,-163.882965,183.882965,59.08159665,9.924116,9.961881,9.868259,9.897814,9.832092,9.827166,10.551332,10.543943,-0.586178,0.576326,-0.078816,0.083742,-0.643666,0.63053,0.203602,0.21017,-0.535294,0.518874,-0.676501,0.681427
43172.53151,-164.468964,184.468964,59.26987813,9.942178,9.979943,9.883038,9.912593,9.856722,9.851796,10.562826,10.555437,-0.600955,0.591103,-0.0821,0.087026,-0.643666,0.63053,0.193751,0.200319,-0.535294,0.518874,-0.676501,0.681427
43172.53152,-164.731171,184.731171,59.35412524,9.963524,10.001289,9.904383,9.933938,9.8715,9.866574,10.577604,10.570215,-0.627227,0.617375,-0.078816,0.083742,-0.640382,0.627246,0.167479,0.174047,-0.53201,0.51559,-0.676501,0.681427
43172.53153,-165.067322,185.067322,59.46213056,9.978302,10.016067,9.907667,9.937222,9.882994,9.878068,10.59074,10.583351,-0.637078,0.627226,-0.078816,0.083742,-0.643666,0.63053,0.152702,0.15927,-0.535294,0.518874,-0.673217,0.678143
43172.53154,-165.41098,185.41098,59.57254787,9.994722,10.032487,9.937222,9.966777,9.892845,9.887919,10.603876,10.596487,-0.643646,0.633794,-0.078816,0.083742,-0.643666,0.63053,0.141208,0.147776,-0.53201,0.51559,-0.669933,0.674859
43172.53155,-165.849548,185.849548,59.71345977,10.002932,10.040697,9.938865,9.96842,9.905981,9.901055,10.617012,10.609623,-0.66335,0.653498,-0.078816,0.083742,-0.643666,0.63053,0.118221,0.124789,-0.53201,0.51559,-0.663365,0.668291
43172.53156,-166.245728,186.245728,59.84075241,10.014426,10.052191,9.950358,9.979913,9.924043,9.919117,10.630148,10.622759,-0.669917,0.660065,-0.078816,0.083742,-0.643666,0.63053,0.121505,0.128073,-0.53201,0.51559,-0.656797,0.661723
43172.53158,-166.86087,186.86087,60.03839753,10.040698,10.078463,9.963494,9.993049,9.938821,9.933895,10.646568,10.639179,-0.679769,0.669917,-0.078816,0.083742,-0.643666,0.63053,0.088665,0.095233,-0.53201,0.51559,-0.653513,0.658439
43172.53159,-167.429871,187.429871,60.22121755,10.060402,10.098167,9.983198,10.012753,9.956882,9.951956,10.667913,10.660524,-0.702757,0.692905,-0.072248,0.077174,-0.643666,0.63053,0.07553,0.082098,-0.528726,0.512306,-0.653513,0.658439
43172.5316,-167.450394,187.450394,60.22781159,10.071896,10.109661,9.997976,10.027531,9.974944,9.970018,10.682692,10.675303,-0.735596,0.725744,-0.072248,0.077174,-0.643666,0.63053,0.045975,0.052543,-0.525442,0.509022,-0.650229,0.655155
43172.53161,-168.201492,188.201492,60.46913938,10.089957,10.127722,9.999619,10.029174,9.993006,9.98808,10.700753,10.693364,-0.72246,0.712608,-0.062396,0.067322,-0.64695,0.633814,0.032839,0.039407,-0.512306,0.495886,-0.637093,0.642019
43172.53162,-168.391083,188.391083,60.53005497,10.098167,10.135932,10.020143,10.049698,10.01271,10.007784,10.722099,10.71471,-0.745447,0.735595,-0.062396,0.067322,-0.643666,0.63053,0.009852,0.01642,-0.479466,0.463046,-0.623957,0.628883
43172.53163,-168.636749,188.636749,60.60898745,10.116229,10.153994,10.02589,10.055445,10.022562,10.017636,10.735235,10.727846,-0.761867,0.752015,-0.059112,0.064038,-0.643666,0.63053,-0.019703,0.013135,-0.44991,0.43349,-0.600969,0.605895
43172.53165,-169.05632,189.05632,60.74379562,10.137575,10.17534,10.045594,10.075149,10.035697,10.030771,10.807483,10.800094,-0.78157,0.771718,-0.026272,0.031198,-0.643666,0.63053,-0.039407,0.032839,-0.403933,0.387513,-0.591118,0.596044
43172.53166,-169.461121,189.461121,60.87385818,10.155637,10.193402,10.071866,10.101421,10.050475,10.045549,10.832113,10.824724,-0.801274,0.791422,-0.019704,0.02463,-0.643666,0.63053,-0.065678,0.05911,-0.357957,0.341537,-0.577982,0.582908
43172.53167,-170.513931,190.513931,61.21212603,10.175341,10.213106,10.07515,10.104705,10.070179,10.065253,10.851817,10.844428,-0.820977,0.811125,0,0.004926,-0.643666,0.63053,-0.085382,0.078814,-0.325117,0.308697,-0.538574,0.5435
43172.53168,-170.481705,190.481705,61.20177182,10.195045,10.23281,10.093211,10.122766,10.086598,10.081672,10.866594,10.859205,-0.840681,0.830829,0.026272,0.021346,-0.643666,0.63053,-0.111653,0.105085,-0.288993,0.272573,-0.512302,0.517228
43172.53169,-170.820511,190.820511,61.31063018,10.216391,10.254156,10.111273,10.140828,10.109587,10.104661,10.891225,10.883836,-0.860384,0.850532,0.068964,0.064038,-0.643666,0.63053,-0.13464,0.128072,-0.223313,0.206893,-0.492598,0.497524
43172.5317,-171.845291,191.845291,61.639892,10.227885,10.26565,10.140829,10.170384,10.129291,10.124365,10.910929,10.90354,-0.899791,0.889939,0.11494,0.110014,-0.643666,0.63053,-0.180615,0.174047,-0.210177,0.193757,-0.46961,0.474536
43172.53172,-172.072189,192.072189,61.71279433,10.241021,10.278786,10.147397,10.176952,10.150636,10.14571,10.930633,10.923244,-0.921136,0.911284,0.137928,0.133002,-0.64695,0.633814,-0.21017,0.203602,-0.144497,0.128077,-0.463042,0.467968
43172.53173,-171.775986,191.775986,61.6176243,10.255798,10.293563,10.167101,10.196656,10.162129,10.157203,10.974966,10.967577,-0.942482,0.93263,0.141212,0.136286,-0.643666,0.63053,-0.233157,0.226589,-0.111656,0.095236,-0.459758,0.464684
43172.53174,-172.736771,192.736771,61.92632452,10.351034,10.388799,10.16628,10.195835,10.17855,10.173624,10.98646,10.979071,-0.955617,0.945765,0.174052,0.169126,-0.643666,0.63053,-0.259429,0.252861,-0.095236,0.078816,-0.456474,0.4614
43172.53175,-172.921951,192.921951,61.98582286,10.378948,10.416713,10.180237,10.209792,10.191686,10.18676,11.00288,10.995491,-0.965469,0.955617,0.193756,0.18883,-0.643666,0.63053,-0.2857,0.279132,-0.078816,0.062396,-0.443338,0.448264
43172.53176,-173.275314,193.275314,62.09935839,10.393726,10.431491,10.196656,10.226211,10.21139,10.206464,11.022584,11.015195,-1.001592,0.99174,0.226596,0.22167,-0.643666,0.63053,-0.311971,0.305403,-0.045976,0.029556,-0.42035,0.425276
43172.53177,-174.506912,194.506912,62.49507083,10.41343,10.451195,10.214719,10.244274,10.240945,10.236019,11.052139,11.04475,-1.018012,1.00816,0.269289,0.264363,-0.64695,0.633814,-0.34481,0.338242,0.019704,0.036124,-0.390794,0.39572
43172.53179,-174.5495,194.5495,62.50875435,10.43806,10.475825,10.234423,10.263978,10.259007,10.254081,11.071843,11.064454,-1.057419,1.047567,0.292277,0.287351,-0.64695,0.633814,-0.384217,0.377649,0.045976,0.062396,-0.390794,0.39572
43172.5318,-175.196869,195.196869,62.71675401,10.451196,10.488961,10.252484,10.282039,10.267217,10.262291,11.086621,11.079232,-1.077122,1.06727,0.308697,0.303771,-0.643666,0.63053,-0.403921,0.397353,0.062396,0.078816,-0.38751,0.392436
43172.53181,-175.429276,195.429276,62.79142638,10.461048,10.498813,10.245916,10.275471,10.277068,10.272142,11.101399,11.09401,-1.080406,1.070554,0.321833,0.316907,-0.643666,0.63053,-0.431834,0.425266,0.072248,0.088668,-0.380942,0.385868
43172.53182,-176.000717,196.000717,62.97503037,10.484035,10.5218,10.262336,10.291891,10.31155,10.306624,11.127671,11.120282,-1.106677,1.096825,0.348105,0.343179,-0.64695,0.633814,-0.466315,0.459747,0.0821,0.09852,-0.380942,0.385868
43172.53183,-175.95105,195.95105,62.95907237,10.498814,10.536579,10.296818,10.326373,10.329612,10.324686,11.144092,11.136703,-1.119813,1.109961,0.361241,0.356315,-0.64695,0.633814,-0.47945,0.472882,0.124792,0.141212,-0.377658,0.382584
43172.53184,-176.796173,196.796173,63.23061038,10.505382,10.543147,10.318164,10.347719,10.344389,10.339463,11.162153,11.154764,-1.139516,1.129664,0.374377,0.369451,-0.64695,0.633814,-0.49587,0.489302,0.170769,0.187189,-0.364523,0.369449
43172.53186,-177.049332,197.049332,63.31195037,10.516876,10.554641,10.316522,10.346077,10.354241,10.349315,11.172005,11.164616,-1.165788,1.155936,0.377661,0.372735,-0.643666,0.63053,-0.528709,0.522141,0.183905,0.200325,-0.367807,0.372733
43172.53187,-177.922714,197.922714,63.59256801,10.543148,10.580913,10.333762,10.363317,10.373945,10.369019,11.194993,11.187604,-1.182207,1.172355,0.397365,0.392439,-0.643666,0.63053,-0.545129,0.538561,0.220029,0.236449,-0.361239,0.366165
43172.53188,-177.856277,197.856277,63.5712218,10.56121,10.598975,10.332942,10.362497,10.382154,10.377228,11.206487,11.199098,-1.188775,1.178923,0.413785,0.408859,-0.643666,0.63053,-0.5714,0.564832,0.229881,0.246301,-0.344819,0.349745
43172.53189,-178.205444,198.205444,63.68340916,10.568599,10.606364,10.34033,10.369885,10.392007,10.387081,11.213055,11.205666,-1.208478,1.198626,0.423637,0.418711,-0.64695,0.633814,-0.600955,0.594387,0.243017,0.259437,-0.321831,0.326757
43172.5319,-178.498993,198.498993,63.77772645,10.575988,10.613753,10.367423,10.396978,10.408426,10.4035,11.229475,11.222086,-1.228182,1.21833,0.430205,0.425279,-0.64695,0.633814,-0.620658,0.61409,0.262721,0.279141,-0.321831,0.326757
43172.53191,-178.876205,198.876205,63.89892467,10.590766,10.628531,10.37235,10.401905,10.416636,10.41171,11.240969,11.23358,-1.224898,1.215046,0.456477,0.451551,-0.643666,0.63053,-0.643646,0.637078,0.282425,0.298845,-0.305411,0.310337
43172.53193,-179.390244,199.390244,64.0640854,10.605543,10.643308,10.409294,10.438849,10.442908,10.437982,11.262315,11.254926,-1.244601,1.234749,0.505737,0.500811,-0.64695,0.633814,-0.660065,0.653497,0.308697,0.325117,-0.305411,0.310337
43172.53194,-179.606339,199.606339,64.13351672,10.625247,10.663012,10.419967,10.449522,10.46918,10.464254,11.285302,11.277913,-1.267589,1.257737,0.535293,0.530367,-0.64695,0.633814,-0.686336,0.679768,0.351389,0.367809,-0.292275,0.297201
43172.53195,-180.625153,200.625153,64.46086166,10.641667,10.679432,10.436387,10.465942,10.483957,10.479031,11.303365,11.295976,-1.284008,1.274156,0.554997,0.550071,-0.64695,0.633814,-0.725743,0.719175,0.397366,0.413786,-0.279139,0.284065
43172.53196,-181.104553,201.104553,64.61489288,10.656446,10.694211,10.449523,10.479078,10.500378,10.495452,11.316501,11.309112,-1.306996,1.297144,0.564849,0.559923,-0.64695,0.633814,-0.752015,0.745447,0.453194,0.469614,-0.264361,0.269287
43172.53197,-180.958664,200.958664,64.56801874,10.669581,10.707346,10.465942,10.495497,10.520082,10.515156,11.327994,11.320605,-1.329983,1.320131,0.577985,0.573059,-0.64695,0.633814,-0.768434,0.761866,0.463046,0.479466,-0.256151,0.261077
43172.53198,-181.412003,201.412003,64.71367656,10.68436,10.722125,10.482363,10.511918,10.533217,10.528291,11.34113,11.333741,-1.343119,1.333267,0.597689,0.592763,-0.64695,0.633814,-0.797989,0.791421,0.505738,0.522158,-0.252867,0.257793
43172.532,-182.286713,202.286713,64.99472089,10.697495,10.73526,10.485646,10.515201,10.551279,10.546353,11.360834,11.353445,-1.367748,1.357896,0.660085,0.655159,-0.643666,0.63053,-0.829186,0.822618,0.561566,0.577986,-0.236447,0.241373
43172.53201,-182.268387,202.268387,64.98883274,10.710631,10.748396,10.506992,10.536547,10.569341,10.564415,11.37397,11.366581,-1.385809,1.375957,0.702778,0.697852,-0.64695,0.633814,-0.853816,0.847248,0.650235,0.666655,-0.200323,0.205249
43172.53202,-182.14743,202.14743,64.94996926,10.715557,10.753322,10.51356,10.543115,10.608748,10.603822,11.395316,11.387927,-1.4285,1.418648,0.74547,0.740544,-0.64695,0.633814,-0.922778,0.91621,0.758607,0.775027,-0.160915,0.165841
43172.53203,-182.57077,202.57077,65.0859884,10.728693,10.766458,10.528338,10.557893,10.638304,10.633378,11.410094,11.402705,-1.464623,1.454771,0.765174,0.760248,-0.64695,0.633814,-0.965468,0.9589,0.775027,0.791447,-0.157631,0.162557
43172.53204,-183.115494,203.115494,65.26100822,10.740187,10.777952,10.553789,10.583344,10.666218,10.661292,11.429798,11.422409,-1.497462,1.48761,0.784878,0.779952,-0.64695,0.633814,-0.996666,0.990098,0.791447,0.807867,-0.144495,0.149421
43172.53205,-183.146393,203.146393,65.27093607,10.751681,10.789446,10.550505,10.58006,10.667859,10.662933,11.436366,11.428977,-1.517166,1.507314,0.801298,0.796372,-0.64695,0.633814,-1.021295,1.014727,0.804583,0.821003,-0.137927,0.142853
43172.53207,-183.111969,203.111969,65.25987564,10.756607,10.794372,10.559536,10.589091,10.672786,10.66786,11.444575,11.437186,-1.517166,1.507314,0.81115,0.806224,-0.64695,0.633814,-1.040998,1.03443,0.807867,0.824287,-0.137927,0.142853
43172.53208,-183.634171,203.634171,65.42765914,10.768101,10.805866,10.57924,10.608795,10.692489,10.687563,11.464279,11.45689,-1.530301,1.520449,0.830854,0.825928,-0.64695,0.633814,-1.070553,1.063985,0.817719,0.834139,-0.128075,0.133001
43172.53209,-184.550369,204.550369,65.72203356,10.797657,10.835422,10.594018,10.623573,10.712193,10.707267,11.485625,11.478236,-1.559856,1.550004,0.850558,0.845632,-0.64695,0.633814,-1.090257,1.083689,0.843992,0.860412,-0.111656,0.116582
43172.5321,-184.550369,204.550369,65.72203356,10.810793,10.848558,10.610437,10.639992,10.730254,10.725328,11.502046,11.494657,-1.576276,1.566424,0.857126,0.8522,-0.64695,0.633814,-1.113244,1.106676,0.906388,0.922808,-0.09852,0.103446
43172.53211,-185.420425,205.420425,66.00158255,10.823929,10.861694,10.635067,10.664622,10.763094,10.758168,11.528317,11.520928,-1.595979,1.586127,0.90967,0.904744,-0.643666,0.63053,-1.169071,1.162503,0.968784,0.985204,-0.072248,0.077174
43172.53212,-185.462814,205.462814,66.01520214,10.833781,10.871546,10.644919,10.674474,10.789366,10.78444,11.544737,11.537348,-1.615683,1.605831,0.97535,0.970424,-0.643666,0.63053,-1.205194,1.198626,1.008192,1.024612,-0.059112,0.064038
43172.53213,-186.134674,206.134674,66.23107076,10.858411,10.896176,10.664623,10.694178,10.820563,10.815637,11.575935,11.568546,-1.658374,1.648522,1.011474,1.006548,-0.63053,0.617394,-1.2446,1.238032,1.073873,1.090293,-0.03284,0.037766
43172.53215,-186.772324,206.772324,66.4359477,10.873189,10.910954,10.68679,10.716345,10.846835,10.841909,11.607133,11.599744,-1.687929,1.678077,1.057451,1.052525,-0.600973,0.587837,-1.300427,1.293859,1.154331,1.170751,0,0.004926
43172.53216,-186.869659,206.869659,66.46722144,10.887967,10.925732,10.704031,10.733586,10.874749,10.869823,11.653109,11.64572,-1.737187,1.727335,1.100143,1.095217,-0.581269,0.568133,-1.402228,1.39566,1.241357,1.257777,0.042692,0.037766
43172.53217,-183.884247,203.884247,65.50800856,10.897819,10.935584,10.717167,10.746722,10.884601,10.879675,11.874778,11.867389,-1.84063,1.830778,1.221651,1.216725,-0.476181,0.463045,-1.641953,1.635385,1.605883,1.622303,0.269287,0.264361
43172.53218,-183.899261,203.899261,65.51283256,10.896176,10.933941,10.702389,10.731944,10.889526,10.8846,11.910902,11.903513,-1.84063,1.830778,1.221651,1.216725,-0.476181,0.463045,-1.691211,1.684643,1.622303,1.638723,0.275855,0.270929
43172.53219,-185.321548,205.321548,65.96981337,10.899461,10.937226,10.724556,10.754111,10.920724,10.915798,11.961803,11.954414,-1.86526,1.855408,1.228219,1.223293,-0.476181,0.463045,-1.750322,1.743754,1.66828,1.6847,0.285707,0.280781
43172.5322,-185.240997,205.240997,65.94393234,10.891251,10.929016,10.727019,10.756574,10.938787,10.933861,11.988075,11.980686,-1.883321,1.873469,1.231503,1.226577,-0.476181,0.463045,-1.797938,1.79137,1.70112,1.71754,0.288991,0.284065
43172.53222,-185.422867,205.422867,66.00236717,10.904387,10.942152,10.741796,10.771351,10.971625,10.966699,12.011064,12.003675,-1.904667,1.894815,1.234787,1.229861,-0.476181,0.463045,-1.852123,1.845555,1.7668,1.78322,0.341535,0.336609
43172.53223,-185.92984,205.92984,66.16525759,10.927375,10.96514,10.771353,10.800908,11.043873,11.038947,12.053756,12.046367,-1.957209,1.947357,1.297183,1.292257,-0.476181,0.463045,-1.95885,1.952282,1.921149,1.937569,0.394079,0.389153
43172.53224,-184.741074,204.741074,65.78330708,10.927375,10.96514,10.777921,10.807476,11.14075,11.135824,12.063607,12.056218,-2.024529,2.014677,1.339875,1.334949,-0.472897,0.459761,-2.091848,2.08528,2.059078,2.075498,0.410498,0.405572
43172.53225,-184.680817,204.680817,65.7639465,10.927375,10.96514,10.7615,10.791055,11.194935,11.190009,12.076743,12.069354,-2.068862,2.05901,1.353011,1.348085,-0.476181,0.463045,-2.157526,2.150958,2.114906,2.131326,0.413783,0.408857
43172.53226,-185.145203,205.145203,65.91315372,10.925733,10.963498,10.786131,10.815686,11.245836,11.24091,12.098089,12.0907,-2.091849,2.081997,1.372716,1.36779,-0.476181,0.463045,-2.233056,2.226488,2.177303,2.193723,0.413783,0.408857
43172.53227,-184.852081,204.852081,65.81897363,10.927375,10.96514,10.791057,10.820612,11.270467,11.265541,12.103015,12.095626,-2.124688,2.114836,1.376,1.371074,-0.476181,0.463045,-2.288882,2.282314,2.187155,2.203575,0.417066,0.41214
43172.53229,-184.862244,204.862244,65.822239,10.927375,10.96514,10.774636,10.804191,11.285244,11.280318,12.116151,12.108762,-2.150959,2.141107,1.389136,1.38421,-0.476181,0.463045,-2.315153,2.308585,2.203575,2.219995,0.417066,0.41214
43172.5323,-185.623932,205.623932,66.06696935,10.935584,10.973349,10.804193,10.833748,11.311516,11.30659,12.137497,12.130108,-2.167379,2.157527,1.418692,1.413766,-0.476181,0.463045,-2.35456,2.347992,2.226563,2.242983,0.423634,0.418708
43172.53231,-185.918152,205.918152,66.16150224,10.952004,10.989769,10.805835,10.83539,11.341072,11.336146,12.163769,12.15638,-2.183799,2.173947,1.44168,1.436754,-0.472897,0.459761,-2.390683,2.384115,2.249551,2.265971,0.426918,0.421992
43172.53232,-186.542114,206.542114,66.36198123,10.970066,11.007831,10.830464,10.860019,11.359134,11.354208,12.18101,12.173621,-2.21007,2.200218,1.461384,1.456458,-0.476181,0.463045,-2.436658,2.43009,2.28896,2.30538,0.43677,0.431844
43172.53233,-187.567337,207.567337,66.69138538,10.986486,11.024251,10.850989,10.880544,11.393615,11.388689,12.208103,12.200714,-2.233057,2.223205,1.527064,1.522138,-0.476181,0.463045,-2.485916,2.479348,2.348072,2.364492,0.449906,0.44498
43172.53234,-187.941452,207.941452,66.81158853,10.999622,11.037387,10.864125,10.89368,11.419887,11.414961,12.229448,12.222059,-2.262612,2.25276,1.569756,1.56483,-0.476181,0.463045,-2.531891,2.525323,2.377628,2.394048,0.456474,0.451548
43172.53236,-188.270538,208.270538,66.91732386,11.0144,11.052165,10.890397,10.919952,11.441233,11.436307,12.255721,12.248332,-2.2856,2.275748,1.609164,1.604238,-0.476181,0.463045,-2.577865,2.571297,2.446592,2.463012,0.45319,0.448264
43172.53237,-188.350662,208.350662,66.9430677,11.025894,11.063659,10.910922,10.940477,11.460937,11.456011,12.272141,12.264752,-2.321723,2.311871,1.638721,1.633795,-0.476181,0.463045,-2.617272,2.610704,2.499137,2.515557,0.45319,0.448264
43172.53238,-188.855209,208.855209,67.10517865,11.043956,11.081721,10.949509,10.979064,11.48064,11.475714,12.293487,12.286098,-2.36113,2.351278,1.707685,1.702759,-0.469613,0.456477,-2.671457,2.664889,2.548397,2.564817,0.463042,0.458116
43172.53239,-184.287491,204.287491,65.63757086,11.234427,11.272192,11.436358,11.465913,11.738431,11.733505,12.334537,12.327148,-3.239574,3.229722,2.676469,2.671543,0.311981,0.325117,-3.512136,3.505568,3.425231,3.441651,1.172384,1.167458
43172.5324,-180.68718,200.68718,64.48079093,11.232786,11.270551,11.474124,11.503679,11.738431,11.733505,12.334537,12.327148,-3.251068,3.241216,2.676469,2.671543,0.311981,0.325117,-3.533481,3.526913,3.425231,3.441651,1.178952,1.174026
43172.53241,-181.184677,201.184677,64.64063672,11.232786,11.270551,11.50368,11.533235,11.739252,11.734326,12.332894,12.325505,-3.257636,3.247784,2.676469,2.671543,0.311981,0.325117,-3.530197,3.523629,3.421947,3.438367,1.175668,1.170742
43172.53242,-183.01088,203.01088,65.22739574,11.234427,11.272192,11.526669,11.556224,11.738431,11.733505,12.334537,12.327148,-3.251068,3.241216,2.676469,2.671543,0.308697,0.321833,-3.520345,3.513777,3.425231,3.441651,1.182236,1.17731
43172.53244,-184.663818,204.663818,65.75848472,11.232786,11.270551,11.559508,11.589063,11.740073,11.735147,12.334537,12.327148,-3.247784,3.237932,2.676469,2.671543,0.311981,0.325117,-3.526913,3.520345,3.425231,3.441651,1.188804,1.183878
43172.53245,-185.797195,205.797195,66.12263875,11.232786,11.270551,11.61041,11.639965,11.740073,11.735147,12.34603,12.338641,-3.251068,3.241216,2.676469,2.671543,0.308697,0.321833,-3.530197,3.523629,3.421947,3.438367,1.221644,1.216718
43172.53246,-185.797195,205.797195,66.12263875,11.238533,11.276298,11.637503,11.667058,11.754851,11.749925,12.360808,12.353419,-3.260919,3.251067,2.676469,2.671543,0.308697,0.321833,-3.533481,3.526913,3.425231,3.441651,1.23478,1.229854
43172.53247,-187.004288,207.004288,66.51047773,11.246743,11.284508,11.65146,11.681015,11.772913,11.767987,12.372302,12.364913,-3.254352,3.2445,2.676469,2.671543,0.311981,0.325117,-3.523629,3.517061,3.435083,3.451503,1.241348,1.236422
43172.53248,-187.519882,207.519882,66.67613809,11.270552,11.308317,11.697435,11.72699,11.799185,11.794259,12.396933,12.389544,-3.254352,3.2445,2.676469,2.671543,0.308697,0.321833,-3.538407,3.531839,3.448219,3.464639,1.254484,1.249558
43172.53249,-188.783478,208.783478,67.08213148,11.290256,11.328021,11.736843,11.766398,11.823814,11.818888,12.423204,12.415815,-3.254352,3.2445,2.679753,2.674827,0.311981,0.325117,-3.553184,3.546616,3.464639,3.481059,1.274188,1.269262
43172.53251,-188.752808,208.752808,67.07227721,11.298466,11.336231,11.7508,11.780355,11.840235,11.835309,12.437983,12.430594,-3.257636,3.247784,2.683037,2.678111,0.315265,0.328401,-3.563036,3.556468,3.474492,3.490912,1.287324,1.282398
43172.53252,-189.357788,209.357788,67.26665728,11.316527,11.354292,11.769683,11.799238,11.863222,11.858296,12.457686,12.450297,-3.274055,3.264203,2.686321,2.681395,0.311981,0.325117,-3.595875,3.589307,3.487628,3.504048,1.307028,1.302102
43172.53253,-190.19606,210.19606,67.53599408,11.331306,11.369071,11.796776,11.826331,11.884568,11.879642,12.474106,12.466717,-3.313462,3.30361,2.683037,2.678111,0.311981,0.325117,-3.661553,3.654985,3.520468,3.536888,1.330016,1.32509
43172.53254,-190.80304,210.80304,67.73101675,11.352652,11.390417,11.832079,11.861634,11.91084,11.905914,12.50202,12.494631,-3.372572,3.36272,2.697815,2.692889,0.315265,0.328401,-3.737083,3.730515,3.586149,3.602569,1.339868,1.334942
43172.53255,-191.383957,211.383957,67.91766538,11.369072,11.406837,11.851783,11.881338,11.933827,11.928901,12.528292,12.520903,-3.402127,3.392275,2.732297,2.727371,0.315265,0.328401,-3.783057,3.776489,3.664965,3.681385,1.356288,1.351362
43172.53256,-191.860703,211.860703,68.07084387,11.380566,11.418331,11.863276,11.892831,11.948606,11.94368,12.544712,12.537323,-3.43825,3.428398,2.765137,2.760211,0.315265,0.328401,-3.832316,3.825748,3.684669,3.701089,1.36614,1.361214
43172.53258,-192.395935,212.395935,68.24281392,11.401091,11.438856,11.900221,11.929776,11.979803,11.974877,12.572626,12.565237,-3.477657,3.467805,2.809472,2.804546,0.311981,0.325117,-3.897994,3.891426,3.75035,3.76677,1.379276,1.37435
43172.53259,-192.909988,212.909988,68.40797914,11.411763,11.449528,11.946198,11.975753,11.996222,11.991296,12.593972,12.586583,-3.5302,3.520348,2.85709,2.852164,0.315265,0.328401,-3.971882,3.965314,3.822598,3.839018,1.402264,1.397338
43172.5326,-192.909988,212.909988,68.40797914,11.421616,11.459381,11.943734,11.973289,12.00279,11.997864,12.605466,12.598077,-3.563039,3.553187,2.880078,2.875152,0.315265,0.328401,-4.003079,3.996511,3.845586,3.862006,1.412116,1.40719
43172.53261,-193.149246,213.149246,68.48485274,11.436394,11.474159,11.947839,11.977394,12.024137,12.019211,12.620244,12.612855,-3.579458,3.569606,2.903066,2.89814,0.315265,0.328401,-4.035918,4.02935,3.911267,3.927687,1.412116,1.40719
43172.53262,-193.428665,213.428665,68.57463006,11.451171,11.488936,11.976574,12.006129,12.048766,12.04384,12.64159,12.634201,-3.605729,3.595877,2.932622,2.927696,0.311981,0.325117,-4.065473,4.058905,3.944107,3.960527,1.43182,1.426894
43172.53263,-194.268494,214.268494,68.84446712,11.465949,11.503714,12.011877,12.041432,12.07668,12.071754,12.66622,12.658831,-3.635284,3.625432,2.968746,2.96382,0.311981,0.325117,-4.124583,4.118015,3.980232,3.996652,1.451523,1.446597
43172.53265,-194.946533,214.946533,69.06232105,11.487295,11.52506,12.040611,12.070166,12.102952,12.098026,12.692492,12.685103,-3.687827,3.677975,3.008155,3.003229,0.311981,0.325117,-4.177125,4.170557,4.039344,4.055764,1.451523,1.446597
43172.53266,-196.094925,216.094925,69.4312994,11.503716,11.541481,12.076735,12.10629,12.125939,12.121013,12.71548,12.708091,-3.717382,3.70753,3.047563,3.042637,0.311981,0.325117,-4.226384,4.219816,4.108308,4.124728,1.464659,1.459733
43172.53267,-195.709778,215.709778,69.30755167,11.516851,11.554616,12.084946,12.114501,12.148928,12.144002,12.731899,12.72451,-3.740369,3.730517,3.093539,3.088613,0.315265,0.328401,-4.272358,4.26579,4.134581,4.151001,1.477795,1.472869
43172.53268,-196.302612,216.302612,69.49802924,11.529987,11.567752,12.089871,12.119426,12.165347,12.160421,12.751603,12.744214,-3.78306,3.773208,3.132947,3.128021,0.315265,0.328401,-4.328185,4.321617,4.170705,4.187125,1.490931,1.486005
43172.53269,-196.662384,216.662384,69.61362398,11.541481,11.579246,12.119428,12.148983,12.178483,12.173557,12.768845,12.761456,-3.822467,3.812615,3.159219,3.154293,0.315265,0.328401,-4.370875,4.364307,4.279078,4.295498,1.513919,1.508993
43172.5327,-197.555405,217.555405,69.90055163,11.561185,11.59895,12.155551,12.185106,12.218712,12.213786,12.795938,12.788549,-3.865158,3.855306,3.238036,3.23311,0.311981,0.325117,-4.420134,4.413566,4.367747,4.384167,1.536907,1.531981
43172.53272,-197.322098,217.322098,69.82559009,11.575963,11.613728,12.222873,12.252428,12.231027,12.226101,12.815641,12.808252,-3.932478,3.922626,3.303716,3.29879,0.311981,0.325117,-4.482528,4.47596,4.433427,4.449847,1.543475,1.538549
43172.53273,-197.510376,217.510376,69.88608381,11.587457,11.625222,12.254071,12.283626,12.243341,12.238415,12.827135,12.819746,-3.970243,3.960391,3.320136,3.31521,0.311981,0.325117,-4.528503,4.521935,4.462984,4.479404,1.550043,1.545117
43172.53274,-198.410889,218.410889,70.17541864,11.603877,11.641642,12.283627,12.313182,12.262224,12.257298,12.845198,12.837809,-4.012933,4.003081,3.359544,3.354618,0.311981,0.325117,-4.577761,4.571193,4.512244,4.528664,1.556611,1.551685
43172.53275,-198.653687,218.653687,70.25342963,11.620297,11.658062,12.324677,12.354232,12.280286,12.27536,12.874753,12.867364,-4.049056,4.039204,3.398952,3.394026,0.311981,0.325117,-4.628662,4.622094,4.564788,4.581208,1.579599,1.574673
43172.53276,-199.0289,219.0289,70.37398557,11.626865,11.66463,12.358337,12.387892,12.313126,12.3082,12.899384,12.891995,-4.11145,4.101598,3.441645,3.436719,0.313623,0.326759,-4.69434,4.687772,4.627185,4.643605,1.582883,1.577957
43172.53277,-199.36351,219.36351,70.48149576,11.635076,11.672841,12.369831,12.399386,12.332829,12.327903,12.910877,12.903488,-4.131154,4.121302,3.458065,3.453139,0.311981,0.325117,-4.730463,4.723895,4.650173,4.666593,1.592735,1.587809
43172.53278,-199.762115,219.762115,70.60956755,11.648211,11.685976,12.406776,12.436331,12.350891,12.345965,12.927298,12.919909,-4.163993,4.154141,3.471201,3.466275,0.311981,0.325117,-4.768228,4.76166,4.692865,4.709285,1.602587,1.597661
43172.5328,-200.217682,220.217682,70.75594123,11.672841,11.710606,12.449469,12.479024,12.367311,12.362385,12.953569,12.94618,-4.216535,4.206683,3.513893,3.508967,0.311981,0.325117,-4.837189,4.830621,4.781534,4.797954,1.609155,1.604229
43172.53281,-200.716049,220.716049,70.91606654,11.684335,11.7221,12.46753,12.497085,12.393583,12.388657,12.971631,12.964242,-4.255942,4.24609,3.546733,3.541807,0.311981,0.325117,-4.896299,4.889731,4.820943,4.837363,1.612439,1.607513
43172.53282,-200.915359,220.915359,70.98010485,11.705681,11.743446,12.50037,12.529925,12.418213,12.413287,12.996261,12.988872,-4.272362,4.26251,3.599278,3.594352,0.311981,0.325117,-4.942274,4.935706,4.886623,4.903043,1.619007,1.614081
43172.53283,-201.491653,221.491653,71.16526811,11.722101,11.759866,12.526642,12.556197,12.4412,12.436274,13.022533,13.015144,-4.305201,4.295349,3.635402,3.630476,0.311981,0.325117,-4.991533,4.984965,4.958872,4.975292,1.638711,1.633785
43172.53284,-202.220673,222.220673,71.39950223,11.738521,11.776286,12.561124,12.590679,12.47404,12.469114,13.052089,13.0447,-4.357743,4.347891,3.697798,3.692872,0.311981,0.325117,-5.067062,5.060494,5.040973,5.057393,1.664983,1.660057
43172.53285,-203.399292,223.399292,71.77819252,11.773003,11.810768,12.61531,12.644865,12.50688,12.501954,13.086571,13.079182,-4.403718,4.393866,3.760195,3.755269,0.315265,0.328401,-5.122889,5.116321,5.116506,5.132926,1.684687,1.679761
43172.53287,-204.005386,224.005386,71.97293052,11.789423,11.827188,12.649792,12.679347,12.526584,12.521658,13.107917,13.100528,-4.449692,4.43984,3.779899,3.774973,0.315265,0.328401,-5.198418,5.19185,5.155914,5.172334,1.691255,1.686329
43172.53288,-204.3806,224.3806,72.09348678,11.804201,11.841966,12.674421,12.703976,12.559423,12.554497,13.139114,13.131725,-4.492383,4.482531,3.825875,3.820949,0.313623,0.326759,-5.2838,5.277232,5.224878,5.241298,1.701107,1.696181
43172.53289,-204.567764,224.567764,72.15362257,11.810769,11.848534,12.687557,12.717112,12.572559,12.567633,13.150609,13.14322,-4.528506,4.518654,3.855431,3.850505,0.315265,0.328401,-5.333058,5.32649,5.274139,5.290559,1.720811,1.715885
43172.5329,-205.160614,225.160614,72.34410528,11.833756,11.871521,12.741743,12.771298,12.608684,12.603758,13.186732,13.179343,-4.567913,4.558061,3.924396,3.91947,0.315265,0.328401,-5.392168,5.3856,5.362808,5.379228,1.737231,1.732305
43172.53291,-205.270309,225.270309,72.37935028,11.851819,11.889584,12.766374,12.795929,12.636597,12.631671,13.216289,13.2089,-4.604036,4.594184,3.953952,3.949026,0.315265,0.328401,-5.444711,5.438143,5.402216,5.418636,1.747083,1.742157
43172.53292,-206.012802,226.012802,72.61791328,11.863313,11.901078,12.795929,12.825484,12.656301,12.651375,13.240919,13.23353,-4.623739,4.613887,3.980224,3.975298,0.315265,0.328401,-5.500537,5.493969,5.441625,5.458045,1.753651,1.748725
43172.53294,-206.66214,226.66214,72.82654558,11.874806,11.912571,12.818917,12.848472,12.68093,12.676004,13.265549,13.25816,-4.663146,4.653294,4.006496,4.00157,0.315265,0.328401,-5.546512,5.539944,5.487601,5.504021,1.760219,1.755293
43172.53295,-207.252991,227.252991,73.01638601,11.892869,11.930634,12.864893,12.894448,12.705561,12.700635,13.296746,13.289357,-4.695985,4.686133,4.055757,4.050831,0.315265,0.328401,-5.615473,5.608905,5.556566,5.572986,1.786491,1.781565
43172.53296,-207.002045,227.002045,72.93575706,11.899437,11.937202,12.873103,12.902658,12.725265,12.720339,13.316451,13.309062,-4.72554,4.715688,4.085313,4.080387,0.311981,0.325117,-5.651596,5.645028,5.618962,5.635382,1.806195,1.801269
43172.53297,-207.882477,227.882477,73.21863986,11.919141,11.956906,12.912511,12.942066,12.743326,12.7384,13.339438,13.332049,-4.755095,4.745243,4.141141,4.136215,0.315265,0.328401,-5.707422,5.700854,5.664939,5.681359,1.822615,1.817689
43172.53298,-208.708176,228.708176,73.48393695,11.94377,11.981535,12.955203,12.984758,12.781092,12.776166,13.377205,13.369816,-4.78465,4.774798,4.183833,4.178907,0.315265,0.328401,-5.7731,5.766532,5.743755,5.760175,1.842319,1.837393
43172.53299,-208.792938,228.792938,73.51117098,11.963475,12.00124,12.995432,13.024987,12.805721,12.800795,13.405119,13.39773,-4.815847,4.805995,4.269218,4.264292,0.315265,0.328401,-5.832211,5.825643,5.832425,5.848845,1.875159,1.870233
43172.53301,-209.709122,229.709122,73.8055409,11.988105,12.02587,13.027451,13.057006,12.825425,12.820499,13.433033,13.425644,-4.847044,4.837192,4.315194,4.310268,0.315265,0.328401,-5.881469,5.874901,5.894821,5.911241,1.88501,1.880084
43172.53302,-210.309921,230.309921,73.99857762,12.014377,12.052142,13.081636,13.111191,12.868117,12.863191,13.475724,13.468335,-4.91929,4.909438,4.387443,4.382517,0.315265,0.328401,-5.979986,5.973418,5.986774,6.003194,1.90143,1.896504
43172.53303,-210.785782,230.785782,74.15147176,12.024229,12.061994,13.129254,13.158809,12.894389,12.889463,13.506923,13.499534,-4.961981,4.952129,4.446555,4.441629,0.315265,0.328401,-6.035812,6.029244,6.068875,6.085295,1.937554,1.932628
43172.53304,-210.785782,230.785782,74.15147176,12.030797,12.068562,13.160452,13.190007,12.905883,12.900957,13.523342,13.515953,-4.991536,4.981684,4.505667,4.500741,0.318549,0.331685,-6.071935,6.065367,6.108284,6.124704,1.953974,1.949048
43172.53305,-210.883774,230.883774,74.18295659,12.043933,12.081698,13.173588,13.203143,12.925587,12.920661,13.551256,13.543867,-5.01124,5.001388,4.54836,4.543434,0.318549,0.331685,-6.111342,6.104774,6.147692,6.164112,1.963826,1.9589
43172.53306,-211.31131,231.31131,74.3203239,12.063637,12.101402,13.201502,13.231057,12.948574,12.943648,13.585738,13.578349,-5.05393,5.044078,4.571348,4.566422,0.315265,0.328401,-6.172094,6.165526,6.223225,6.239645,1.98353,1.978604
43172.53307,-212.204758,232.204758,74.60738875,12.088266,12.126031,13.254046,13.283601,12.97813,12.973204,13.639924,13.632535,-5.116324,5.106472,4.696141,4.691215,0.315265,0.328401,-6.262401,6.255833,6.298758,6.315178,2.029506,2.02458
43172.53309,-212.152237,232.152237,74.59051375,12.106329,12.144094,13.288528,13.318083,13.009328,13.004402,13.684258,13.676869,-5.155731,5.145879,4.817649,4.812723,0.325117,0.338253,-6.328079,6.321511,6.413699,6.430119,2.072198,2.067272
43172.5331,-212.842636,232.842636,74.81233895,12.084983,12.122748,13.269645,13.2992,13.049557,13.044631,13.779494,13.772105,-5.362617,5.352765,4.983493,4.978567,0.643666,0.656802,-6.536606,6.530038,6.627161,6.643581,2.444932,2.440006
43172.53311,-181.891846,201.891846,64.86785012,12.019302,12.057067,13.181798,13.211353,13.075007,13.070081,15.580772,15.573383,-6.196727,6.186875,5.793005,5.788079,1.970408,1.983544,-8.249158,8.24259,9.533538,9.549958,5.855367,5.850441
43172.53312,-180.571304,200.571304,64.44355998,12.02587,12.063635,13.17523,13.204785,13.07665,13.071724,15.631674,15.624285,-6.193444,6.183592,5.786437,5.781511,1.967124,1.98026,-8.249158,8.24259,9.566379,9.582799,5.888206,5.88328
43172.53313,-181.895599,201.895599,64.86905596,12.020945,12.05871,13.189187,13.218742,13.07665,13.071724,15.657947,15.650558,-6.200011,6.190159,5.789721,5.784795,1.967124,1.98026,-8.262294,8.255726,9.576231,9.592651,5.932541,5.927615
43172.53314,-181.486618,201.486618,64.73765036,12.02587,12.063635,13.188366,13.217921,13.07665,13.071724,15.676008,15.668619,-6.193444,6.183592,5.786437,5.781511,1.967124,1.98026,-8.275429,8.268861,9.638628,9.655048,5.976875,5.971949
43172.53316,-182.237045,202.237045,64.97876256,12.024229,12.061994,13.176872,13.206427,13.07665,13.071724,15.749899,15.74251,-6.19016,6.180308,5.786437,5.781511,1.967124,1.98026,-8.291848,8.28528,9.6649,9.68132,6.009715,6.004789
