TimeStamp,Kyowa PG 500 KUM _Load in bar_(bar),Load in kN,Stud2_Axial-O,Stud2_Axial,Stud3_Axial-O,Stud3_Axial,Stud4_Axial-O,Stud4_Axial,Stud5_Axial-O,Stud5_Axial,Stud3_Top-O,Stud3_Top,Stud4_Top-O,Stud4_Top,Stud3_Mid-O,Stud3_Mid,Stud4_Mid-O,Stud4_Mid,Stud3_Bottom-O,Stud3_Bottom,Stud4_Bottom-O,Stud4_Bottom,Stud1_Axial-O,Stud1_Axial,Stud6_Axial-O,Stud6_Axial,Stud1_Mid-O,Stud1_Mid,Stud2_Mid-O,Stud2_Mid,Stud5_Mid-O,Stud5_Mid,Stud6_Mid-O,Stud6_Mid
19:46.5,0.000662,0,0.072246,0,0.021345,0,-0.238904,0,0.01642,0,0.045975,0,-0.190471,0,-0.042692,0,-0.694552,0,0.045976,0,0.238084,0,0.049705,0,0.014201,0,-0.027739,0,0.041607,0,0.013867,0,0.027731,0
19:46.5,0.000662,6.425787299,0.072246,0,0.021345,0,-0.238904,0,0.01642,0,0.045975,0,-0.190471,0,-0.042692,0,-0.694552,0,0.045976,0,0.238084,0,0.049705,0,0.014201,0,-0.027739,0,0.041607,0,0.013867,0,0.027731,0
19:47.5,0.000662,6.425787299,-0.001642,-0.073888,0.001642,-0.019703,-0.022166,0.216738,0,-0.01642,0,-0.045975,0.013136,0.203607,0,0.042692,-0.004926,0.689626,0,-0.045976,-0.001642,-0.239726,0.124263,0.074558,0.007101,-0.0071,-0.006935,0.020804,-0.034673,-0.07628,0.017333,0.003466,-0.017332,-0.045063
19:48.5,-0.000441,6.426141693,-0.001642,-0.073888,0,-0.021345,-0.005747,0.233157,0,-0.01642,0,-0.045975,0.006568,0.197039,0,0.042692,-0.011494,0.683058,0,-0.045976,-0.001642,-0.239726,0.124263,0.074558,0.014201,0,-0.006935,0.020804,-0.006935,-0.048542,0,-0.013867,0.034664,0.006933
19:49.5,-0.000441,6.426141693,-0.001642,-0.073888,0.001642,-0.019703,-0.027092,0.211812,0,-0.01642,0,-0.045975,0.009852,0.200323,0,0.042692,-0.050901,0.643651,0,-0.045976,0.004926,-0.233158,0.291131,0.241426,0.00355,-0.010651,0.034674,0.062413,0.031206,-0.010401,0.017333,0.003466,0.024265,-0.003466
19:50.5,0.004194,6.424652468,0,-0.072246,0.001642,-0.019703,0.009031,0.247935,0,-0.01642,0,-0.045975,0.013136,0.203607,0,0.042692,-0.00821,0.686342,0,-0.045976,-0.004926,-0.24301,-0.017752,-0.067457,0.007101,-0.0071,-0.01387,0.013869,0.041607,0,0.0104,-0.003467,0.020798,-0.006933
19:51.5,0,6.426,0,-0.072246,0.003284,-0.018061,-0.017241,0.221663,0,-0.01642,0.003284,-0.042691,0.009852,0.200323,0,0.042692,-0.02463,0.669922,0.003284,-0.042692,-0.004926,-0.24301,0.152666,0.102961,0.007101,-0.0071,0.01387,0.041609,0.020804,-0.020803,-0.006933,-0.0208,0.027731,0
19:52.5,0.000441,6.425858307,-0.001642,-0.073888,0.001642,-0.019703,-0.022166,0.216738,0,-0.01642,0,-0.045975,0.003284,0.193755,-0.003284,0.039408,-0.070605,0.623947,0.003284,-0.042692,-0.014778,-0.252862,0.197046,0.147341,-0.014201,-0.028402,-0.010402,0.017337,-0.006935,-0.048542,-0.006933,-0.0208,0.020798,-0.006933
19:53.5,0.001104,6.425645285,-0.001642,-0.073888,0.001642,-0.019703,-0.002463,0.236441,0.001642,-0.014778,-0.003284,-0.049259,0.003284,0.193755,-0.003284,0.039408,0.011494,0.706046,0.003284,-0.042692,0.004926,-0.233158,0.097635,0.04793,-0.00355,-0.017751,-0.027739,0,0,-0.041607,-0.0208,-0.034667,0.020798,-0.006933
19:54.5,-0.001766,6.426567416,0.001642,-0.070604,0.001642,-0.019703,-0.009031,0.229873,0,-0.01642,0.003284,-0.042691,0.009852,0.200323,0,0.042692,0.011494,0.706046,0.003284,-0.042692,-0.001642,-0.239726,0.228999,0.179294,-0.00355,-0.017751,0.01387,0.041609,0.034673,-0.006934,0.0104,-0.003467,0.051996,0.024265
19:55.5,0.003973,6.424723475,0,-0.072246,0,-0.021345,-0.026271,0.212633,0,-0.01642,0,-0.045975,0.003284,0.193755,0,0.042692,-0.013136,0.681416,0.003284,-0.042692,-0.001642,-0.239726,0.163317,0.113612,-0.00355,-0.017751,-0.006935,0.020804,0.013869,-0.027738,-0.0208,-0.034667,0.027731,0
19:56.5,0.008387,6.423305257,0,-0.072246,0,-0.021345,-0.02545,0.213454,0.003284,-0.013136,0,-0.045975,0.006568,0.197039,-0.003284,0.039408,0.073889,0.768441,0,-0.045976,0.014778,-0.223306,0.159767,0.110062,-0.00355,-0.017751,-0.010402,0.017337,0.048542,0.006935,0,-0.013867,0.041596,0.013865
19:57.5,0.00309,6.425007183,0,-0.072246,0,-0.021345,-0.018882,0.220022,0,-0.01642,0,-0.045975,0.009852,0.200323,-0.003284,0.039408,0.034481,0.729033,0.003284,-0.042692,-0.001642,-0.239726,0.186395,0.13669,-0.017752,-0.031953,-0.006935,0.020804,0.006935,-0.034672,-0.013867,-0.027734,0.027731,0
19:58.5,0.001986,6.425361898,-0.001642,-0.073888,0.001642,-0.019703,-0.009031,0.229873,0.001642,-0.014778,0,-0.045975,0.003284,0.193755,0,0.042692,0.078814,0.773366,0.003284,-0.042692,-0.004926,-0.24301,0.259177,0.209472,-0.001775,-0.015976,-0.017337,0.010402,0.055477,0.01387,-0.003467,-0.017334,0.034664,0.006933
19:59.5,-0.002649,6.426851124,-0.001642,-0.073888,0.003284,-0.018061,-0.010673,0.228231,0,-0.01642,0,-0.045975,0,0.190471,0,0.042692,-0.054185,0.640367,0.003284,-0.042692,-0.001642,-0.239726,0.220123,0.170418,-0.007101,-0.021302,-0.006935,0.020804,0.048542,0.006935,0,-0.013867,0.027731,0
20:00.5,0.001986,6.425361898,-0.001642,-0.073888,0,-0.021345,-0.012315,0.226589,0,-0.01642,0,-0.045975,0.006568,0.197039,0,0.042692,-0.001642,0.69291,0,-0.045976,0.011494,-0.22659,0.18462,0.134915,-0.00355,-0.017751,-0.006935,0.020804,0.020804,-0.020803,-0.0208,-0.034667,0.020798,-0.006933
20:01.5,0.001986,6.425361898,0,-0.072246,0.003284,-0.018061,-0.009031,0.229873,0,-0.01642,-0.003284,-0.049259,0.006568,0.197039,0,0.042692,-0.021346,0.673206,0.003284,-0.042692,0.011494,-0.22659,0.346161,0.296456,-0.007101,-0.021302,-0.006935,0.020804,0.052009,0.010402,-0.003467,-0.017334,0.031197,0.003466
20:02.5,0.004856,6.424439767,0,-0.072246,0,-0.021345,-0.017241,0.221663,0,-0.01642,0,-0.045975,0.006568,0.197039,-0.003284,0.039408,-0.004926,0.689626,0.003284,-0.042692,0.001642,-0.236442,0.204147,0.154442,0,-0.014201,-0.017337,0.010402,0.034673,-0.006934,0.006933,-0.006934,0.034664,0.006933
20:03.6,-0.002869,6.42692181,0,-0.072246,0.002463,-0.018882,-0.021345,0.217559,0.001642,-0.014778,0,-0.045975,0.004926,0.195397,0,0.042692,0.057469,0.752021,0,-0.045976,-0.001642,-0.239726,0.23965,0.189945,0.007101,-0.0071,-0.020804,0.006935,0.027738,-0.013869,0.006933,-0.006934,0.024265,-0.003466
20:04.6,-0.005076,6.427630919,0,-0.072246,0,-0.021345,-0.024629,0.214275,0,-0.01642,0,-0.045975,0.006568,0.197039,-0.001642,0.04105,-0.10016,0.594392,0,-0.045976,-0.001642,-0.239726,0.374564,0.324859,0.00355,-0.010651,-0.006935,0.020804,0.024271,-0.017336,0.0208,0.006933,0,-0.027731
20:05.6,-0.001324,6.426425401,0,-0.072246,0.001642,-0.019703,-0.010673,0.228231,0,-0.01642,0,-0.045975,0.006568,0.197039,0,0.042692,0.006568,0.70112,0,-0.045976,0.009852,-0.228232,0.113612,0.063907,0.014201,0,-0.034674,-0.006935,0.024271,-0.017336,-0.0104,-0.024267,0.013866,-0.013865
20:06.6,0.004856,6.424439767,0,-0.072246,0,-0.021345,-0.022987,0.215917,0,-0.01642,0.003284,-0.042691,0.013136,0.203607,0,0.042692,-0.044333,0.650219,0.006568,-0.039408,0.018062,-0.220022,0.269829,0.220124,0.021302,0.007101,0.006935,0.034674,0.024271,-0.017336,0,-0.013867,0.013866,-0.013865
20:07.6,-0.007504,6.428411035,-0.001642,-0.073888,0,-0.021345,-0.012315,0.226589,0,-0.01642,0,-0.045975,0.009852,0.200323,-0.003284,0.039408,-0.039407,0.655145,0.004926,-0.04105,0.004926,-0.233158,0.248526,0.198821,0.010651,-0.00355,-0.01387,0.013869,0.013869,-0.027738,-0.006933,-0.0208,-0.006933,-0.034664
20:08.6,-0.005739,6.427843941,0,-0.072246,0.001642,-0.019703,-0.002463,0.236441,0,-0.01642,-0.003284,-0.049259,0.006568,0.197039,0,0.042692,-0.00821,0.686342,0.003284,-0.042692,-0.001642,-0.239726,0.049705,0,0.024852,0.010651,-0.006935,0.020804,0.058944,0.017337,0.0104,-0.003467,0.006933,-0.020798
20:09.6,-0.004635,6.427489226,-0.001642,-0.073888,0.001642,-0.019703,-0.000821,0.238083,0.003284,-0.013136,0,-0.045975,0.006568,0.197039,0,0.042692,0.001642,0.696194,0.003284,-0.042692,0.018062,-0.220022,0.298232,0.248527,0.00355,-0.010651,0.01387,0.041609,0.010402,-0.031205,0.013867,0,0.006933,-0.020798
20:10.6,0.094908,6.39550606,-0.000821,-0.073067,0.001642,-0.019703,-0.027913,0.210991,-0.001642,-0.018062,0,-0.045975,0.004926,0.195397,-0.003284,0.039408,-0.045975,0.648577,0.003284,-0.042692,-0.00821,-0.246294,0.028403,-0.021302,0.014201,0,-0.045076,-0.017337,0,-0.041607,-0.003467,-0.017334,0.013866,-0.013865
20:11.6,0.366609,6.308208528,-0.001642,-0.073888,0.001642,-0.019703,-0.024629,0.214275,0,-0.01642,0,-0.045975,0.009852,0.200323,-0.003284,0.039408,0,0.694552,0.003284,-0.042692,0.001642,-0.236442,0.145566,0.095861,0.012426,-0.001775,-0.006935,0.020804,0.027738,-0.013869,0.013867,0,0.034664,0.006933
20:12.6,0.469463,6.275161538,0.001642,-0.070604,0,-0.021345,-0.032018,0.206886,0,-0.01642,0,-0.045975,0.013136,0.203607,0,0.042692,-0.011494,0.683058,0.003284,-0.042692,0.001642,-0.236442,0.078108,0.028403,0.012426,-0.001775,0.010402,0.038141,0.006935,-0.034672,0.0104,-0.003467,-0.006933,-0.034664
20:13.6,0.228,6.3527436,0,-0.072246,0.001642,-0.019703,-0.022166,0.216738,0,-0.01642,0,-0.045975,0.003284,0.193755,0,0.042692,-0.064037,0.630515,0,-0.045976,0.00821,-0.229874,0.175744,0.126039,0.00355,-0.010651,-0.027739,0,0.045075,0.003468,0.0104,-0.003467,0.017332,-0.010399
20:14.6,0.343434,6.315654656,-0.001642,-0.073888,0,-0.021345,-0.009852,0.229052,0,-0.01642,0,-0.045975,0.009852,0.200323,-0.003284,0.039408,-0.029555,0.664997,0.003284,-0.042692,0.001642,-0.236442,0.127814,0.078109,0.005326,-0.008875,0.006935,0.034674,0.003467,-0.03814,0.006933,-0.006934,0.010399,-0.017332
20:15.6,0.431721,6.287288043,-0.001642,-0.073888,0.001642,-0.019703,-0.018061,0.220843,0,-0.01642,0,-0.045975,0.003284,0.193755,0,0.042692,-0.026271,0.668281,0,-0.045976,-0.004926,-0.24301,0.110062,0.060357,-0.010651,-0.024852,-0.003467,0.024272,0.024271,-0.017336,-0.006933,-0.0208,0.027731,0
20:16.6,0.427085,6.28877759,-0.001642,-0.073888,0.001642,-0.019703,-0.00821,0.230694,0,-0.01642,-0.001642,-0.047617,0.006568,0.197039,-0.003284,0.039408,-0.067321,0.627231,0,-0.045976,0.006568,-0.231516,0.264503,0.214798,-0.005326,-0.019527,-0.01387,0.013869,0.055477,0.01387,0.006933,-0.006934,0.031197,0.003466
20:17.6,0.421126,6.290692216,0,-0.072246,0.001642,-0.019703,-0.023808,0.215096,0,-0.01642,0,-0.045975,0,0.190471,-0.003284,0.039408,-0.050901,0.643651,0.003284,-0.042692,-0.001642,-0.239726,0.023077,-0.026628,0.005326,-0.008875,0.031207,0.058946,0.006935,-0.034672,-0.013867,-0.027734,0.020798,-0.006933
20:18.6,-3.391302,7.515625333,0.162554,0.090308,0.047617,0.026272,-0.017241,0.221663,0.096875,0.080455,-0.009852,-0.055827,0.01642,0.206891,-0.026272,0.01642,0.044333,0.738885,0,-0.045976,0.00821,-0.229874,0.234325,0.18462,-0.008876,-0.023077,0,0.027739,0.020804,-0.020803,0,-0.013867,0.055462,0.027731
20:19.6,-3.592153,7.580158759,0.197036,0.12479,0.073888,0.052543,-0.024629,0.214275,0.123147,0.106727,-0.019704,-0.065679,0.013136,0.203607,-0.036124,0.006568,0.036123,0.730675,0,-0.045976,0.014778,-0.223306,0.159767,0.110062,-0.007101,-0.021302,0.006935,0.034674,0.020804,-0.020803,-0.0208,-0.034667,0.013866,-0.013865
20:20.6,-4.96611,8.021611143,0.262714,0.190468,0.123147,0.101802,-0.010673,0.228231,0.182257,0.165837,-0.022988,-0.068963,0.013136,0.203607,-0.045975,-0.003283,0.01642,0.710972,-0.003284,-0.04926,0.006568,-0.231516,0.081659,0.031954,0.012426,-0.001775,-0.006935,0.020804,0.031206,-0.010401,-0.013867,-0.027734,0.048529,0.020798
20:21.6,-7.010161,8.678364729,0.577972,0.505726,0.208529,0.187184,0.017241,0.256145,0.313613,0.297193,-0.022988,-0.068963,0.00821,0.198681,-0.052543,-0.009851,0.119864,0.814416,-0.019704,-0.06568,0.064036,-0.174048,0.278704,0.228999,-0.017752,-0.031953,0,0.027739,0.013869,-0.027738,-0.003467,-0.017334,0.034664,0.006933
20:22.6,-7.010161,8.678364729,0.622305,0.550059,0.256146,0.234801,0.114937,0.353841,0.364514,0.348094,-0.026272,-0.072247,0.019704,0.210175,-0.052543,-0.009851,0.019704,0.714256,-0.019704,-0.06568,0.064036,-0.174048,0.124263,0.074558,-0.008876,-0.023077,-0.017337,0.010402,0.006935,-0.034672,-0.013867,-0.027734,0.041596,0.013865
20:23.6,-7.998307,8.995856039,0.65186,0.579614,0.285701,0.264356,0.20196,0.440864,0.394069,0.377649,-0.02463,-0.070605,0.011494,0.201965,-0.057469,-0.014777,0.054185,0.748737,-0.01642,-0.062396,0.093592,-0.144492,0.253852,0.204147,-0.007101,-0.021302,0,0.027739,0.020804,-0.020803,-0.013867,-0.027734,0.031197,0.003466
20:24.6,-9.01051,9.321076863,0.704403,0.632157,0.339886,0.318541,0.315255,0.554159,0.459747,0.443327,-0.022988,-0.068963,0.006568,0.197039,-0.059111,-0.016419,0.170765,0.865317,-0.022988,-0.068964,0.123147,-0.114937,0.342611,0.292906,-0.005326,-0.019527,0.003467,0.031206,0.006935,-0.034672,-0.0104,-0.024267,0.020798,-0.006933
20:25.6,-10.367251,9.756997746,0.771724,0.699478,0.413774,0.392429,0.406384,0.645288,0.543487,0.527067,-0.019704,-0.065679,0.003284,0.193755,-0.078815,-0.036123,0.119864,0.814416,-0.022988,-0.068964,0.136283,-0.101801,0.195271,0.145566,-0.00355,-0.017751,-0.017337,0.010402,0.055477,0.01387,-0.006933,-0.0208,0.041596,0.013865
20:26.6,-11.608338,10.155759,0.8686,0.796354,0.515575,0.49423,0.522962,0.761866,0.637078,0.620658,-0.013136,-0.059111,0.011494,0.201965,-0.098519,-0.055827,0.206888,0.90144,-0.022988,-0.068964,0.172406,-0.065678,0.330185,0.28048,0.00355,-0.010651,0.003467,0.031206,0.027738,-0.013869,0,-0.013867,0.006933,-0.020798
20:27.6,-11.594653,10.15136201,0.901439,0.829193,0.550057,0.528712,0.580431,0.819335,0.666634,0.650214,-0.009852,-0.055827,0.013136,0.203607,-0.105087,-0.062395,0.155987,0.850539,-0.022988,-0.068964,0.17569,-0.062394,0.255627,0.205922,0.007101,-0.0071,-0.006935,0.020804,0.041607,0,0.006933,-0.006934,0.006933,-0.020798
20:28.6,-12.828236,10.54771223,0.93592,0.863674,0.597673,0.576328,0.618196,0.8571,0.702757,0.686337,-0.006568,-0.052543,0.006568,0.197039,-0.111655,-0.068963,0.188826,0.883378,-0.022988,-0.068964,0.201961,-0.036123,0.294681,0.244976,0.005326,-0.008875,-0.045076,-0.017337,0.055477,0.01387,0,-0.013867,0.027731,0
20:29.6,-12.836843,10.55047766,1.12803,1.055784,0.690444,0.669099,0.723281,0.962185,0.775003,0.758583,-0.003284,-0.049259,0.006568,0.197039,-0.137926,-0.095234,0.172407,0.866959,-0.022988,-0.068964,0.224949,-0.013135,0.264503,0.214798,0.014201,0,0.006935,0.034674,-0.003467,-0.045074,-0.013867,-0.027734,-0.013866,-0.041597
20:30.6,-15.136483,11.28935199,1.233116,1.16087,0.748734,0.727389,0.749552,0.988456,0.845607,0.829187,0,-0.045975,0.003284,0.193755,-0.137926,-0.095234,0.22495,0.919502,-0.01642,-0.062396,0.218381,-0.019703,0.307107,0.257402,0.007101,-0.0071,-0.024272,0.003467,0.058944,0.017337,0,-0.013867,0.041596,0.013865
20:31.6,-14.212566,10.99249746,1.282375,1.210129,0.82098,0.799635,0.795527,1.034431,0.891582,0.875162,0,-0.045975,0.003284,0.193755,-0.134642,-0.09195,0.185542,0.880094,0.036124,-0.009852,0.221665,-0.016419,0.223674,0.173969,0.017752,0.003551,-0.01387,0.013869,0.027738,-0.013869,-0.0104,-0.024267,0.013866,-0.013865
20:32.6,-14.212566,10.99249746,1.407165,1.334919,0.962189,0.940844,0.880909,1.119813,0.985173,0.968753,0.003284,-0.042691,0.006568,0.197039,-0.091951,-0.049259,0.226592,0.921144,0.062396,0.01642,0.228233,-0.009851,0.13669,0.086985,0.024852,0.010651,0.006935,0.034674,0.017336,-0.024271,0.0208,0.006933,0.013866,-0.013865
20:33.6,-15.161645,11.29743654,1.423584,1.351338,0.983534,0.962189,0.91539,1.154294,0.995025,0.978605,0.003284,-0.042691,0.006568,0.197039,-0.078815,-0.036123,0.178974,0.873526,0.062396,0.01642,0.221665,-0.016419,0.296456,0.246751,0.010651,-0.00355,-0.003467,0.024272,0.034673,-0.006934,-0.003467,-0.017334,0.045063,0.017332
20:34.7,-16.136328,11.61060219,1.531954,1.459708,1.178928,1.157583,0.987636,1.22654,1.095184,1.078764,-0.003284,-0.049259,0.006568,0.197039,-0.062395,-0.019703,0.149419,0.843971,0.134644,0.088668,0.185542,-0.052542,0.063907,0.014202,0.023077,0.008876,-0.010402,0.017337,0.034673,-0.006934,-0.006933,-0.0208,-0.010399,-0.03813
20:35.7,-16.136328,11.61060219,1.551658,1.479412,1.265952,1.244607,1.031969,1.270873,1.121455,1.105035,-0.006568,-0.052543,0.009852,0.200323,-0.059111,-0.016419,0.146135,0.840687,0.183904,0.137928,0.142851,-0.095233,0.147341,0.097636,0.008876,-0.005325,0.006935,0.034674,0.034673,-0.006934,0.0104,-0.003467,0.013866,-0.013865
20:36.7,-16.468946,11.71747235,1.591065,1.518819,1.336556,1.315211,1.046746,1.28565,1.165788,1.149368,-0.013136,-0.059111,0.006568,0.197039,-0.052543,-0.009851,0.218382,0.912934,0.223312,0.177336,0.106727,-0.131357,0.273379,0.223674,0.001775,-0.012426,0.003467,0.031206,0.024271,-0.017336,0.003467,-0.0104,0.03813,0.010399
20:37.7,-16.791634,11.821152,1.624726,1.55248,1.387457,1.366112,1.079585,1.318489,1.196985,1.180565,-0.01642,-0.062395,0.01642,0.206891,-0.049259,-0.006567,0.201962,0.896514,0.249584,0.203608,0.077172,-0.160912,0.042605,-0.0071,0.010651,-0.00355,-0.027739,0,0.010402,-0.031205,-0.006933,-0.0208,0.020798,-0.006933
20:38.7,-17.905365,12.17899377,1.758546,1.6863,1.526203,1.504858,1.160862,1.399766,1.316848,1.300428,-0.042691,-0.088666,0.011494,0.201965,-0.039408,0.003284,0.110012,0.804564,0.343178,0.297202,0.018062,-0.220022,0.237875,0.18817,0.00355,-0.010651,0,0.027739,0.031206,-0.010401,0.0104,-0.003467,0.010399,-0.017332
20:39.7,-19.620991,12.73022441,2.006483,1.934237,1.587776,1.566431,1.215047,1.453951,1.362823,1.346403,-0.055827,-0.101802,0.01642,0.206891,-0.03284,0.009852,0.004926,0.699478,0.403932,0.357956,-0.041049,-0.279133,0.101186,0.051481,0.010651,-0.00355,0.006935,0.034674,0.027738,-0.013869,-0.003467,-0.017334,0.013866,-0.013865
20:40.7,-18.354082,12.32316655,2.07052,1.998274,1.612406,1.591061,1.248707,1.487611,1.379243,1.362823,-0.065679,-0.111654,0.006568,0.197039,-0.029556,0.013136,-0.02463,0.669922,0.433488,0.387512,-0.064036,-0.30212,0.028403,-0.021302,0.010651,-0.00355,-0.034674,-0.006935,0.034673,-0.006934,-0.003467,-0.017334,0.034664,0.006933
20:41.7,-19.95052,12.83610208,2.205162,2.132916,1.705998,1.684653,1.325879,1.564783,1.489254,1.472834,-0.095235,-0.14121,0.01642,0.206891,-0.003284,0.039408,0.106728,0.80128,0.512304,0.466328,-0.152702,-0.390786,0.205922,0.156217,0,-0.014201,0.01387,0.041609,-0.010402,-0.052009,0.006933,-0.006934,0.058928,0.031197
20:42.7,-21.025629,13.1815346,2.265914,2.193668,1.760182,1.738837,1.414544,1.653448,1.566426,1.550006,-0.098519,-0.144494,0.019704,0.210175,0,0.042692,-0.073889,0.620663,0.548428,0.502452,-0.198677,-0.436761,0.072783,0.023078,-0.001775,-0.015976,-0.01387,0.013869,0.020804,-0.020803,-0.013867,-0.027734,0.024265,-0.003466
20:43.7,-20.8815,13.13522595,2.428469,2.356223,1.855416,1.834071,1.481865,1.720769,1.68793,1.67151,-0.105087,-0.151062,0.013136,0.203607,0.01642,0.059112,-0.019704,0.674848,0.620676,0.5747,-0.264356,-0.50244,0.18817,0.138465,-0.00355,-0.017751,0,0.027739,0.020804,-0.020803,-0.006933,-0.0208,0.027731,0
20:44.7,-20.717951,13.08267766,2.546691,2.474445,1.940799,1.919454,1.557395,1.796299,1.809435,1.793015,-0.108371,-0.154346,0.009852,0.200323,0.039408,0.0821,-0.036123,0.658429,0.67322,0.627244,-0.330034,-0.568118,0.189945,0.14024,0.014201,0,0.003467,0.031206,-0.010402,-0.052009,-0.0208,-0.034667,0.020798,-0.006933
20:45.7,-20.717951,13.08267766,2.622222,2.549976,1.97528,1.953935,1.591876,1.83078,2.047519,2.031099,-0.101803,-0.147778,0.013136,0.203607,0.062395,0.105087,-0.10016,0.594392,0.748752,0.702776,-0.395712,-0.633796,0.23255,0.182845,-0.00355,-0.017751,-0.006935,0.020804,0.031206,-0.010401,-0.003467,-0.017334,0.086659,0.058928
20:46.7,-22.521862,13.66227426,2.765073,2.692827,2.032748,2.011403,1.64606,1.884964,2.196937,2.180517,-0.095235,-0.14121,0.013136,0.203607,0.045975,0.088667,-0.011494,0.683058,0.784876,0.7389,-0.4187,-0.656784,0.163317,0.113612,-0.007101,-0.021302,-0.003467,0.024272,-0.006935,-0.048542,-0.006933,-0.0208,0.034664,0.006933
20:47.7,-21.953077,13.47952364,2.799555,2.727309,2.078723,2.057378,1.683825,1.922729,2.254406,2.237986,-0.098519,-0.144494,0.013136,0.203607,0.045975,0.088667,-0.080456,0.614096,0.807864,0.761888,-0.454823,-0.692907,0.228999,0.179294,-0.00355,-0.017751,0,0.027739,0.03814,-0.003467,-0.013867,-0.027734,0.045063,0.017332
20:48.7,-22.373541,13.61461872,2.93748,2.865234,2.141118,2.119773,1.742936,1.98184,2.328294,2.311874,-0.098519,-0.144494,0.013136,0.203607,0.049259,0.091951,-0.073889,0.620663,0.817716,0.77174,-0.471243,-0.709327,0.358588,0.308883,-0.005326,-0.019527,-0.020804,0.006935,0.048542,0.006935,-0.013867,-0.027734,0.069327,0.041596
20:49.7,-24.204821,14.20300899,3.001517,2.929271,2.183809,2.162464,1.808614,2.047518,2.379195,2.362775,-0.101803,-0.147778,0.013136,0.203607,0.045975,0.088667,-0.077172,0.61738,0.821,0.775024,-0.497514,-0.735598,0.122488,0.072783,0.00355,-0.010651,-0.006935,0.020804,0.020804,-0.020803,-0.017333,-0.0312,0.024265,-0.003466
20:50.7,-25.769697,14.70580365,3.085258,3.013012,2.290537,2.269192,1.912057,2.150961,2.566378,2.549958,-0.098519,-0.144494,0.006568,0.197039,0.042692,0.085384,-0.067321,0.627231,0.857124,0.811148,-0.533637,-0.771721,0.402967,0.353262,-0.00355,-0.017751,-0.027739,0,0.041607,0,0,-0.013867,0.020798,-0.006933
20:51.7,-26.224152,14.85182004,3.172282,3.100036,2.456375,2.43503,2.00647,2.245374,2.725648,2.709228,-0.088667,-0.134642,0,0.190471,0.039408,0.0821,-0.047617,0.646935,0.906384,0.860408,-0.559908,-0.797992,0.237875,0.18817,0.00355,-0.010651,-0.020804,0.006935,0.034673,-0.006934,-0.0208,-0.034667,0.034664,0.006933
20:52.7,-26.204508,14.84550842,3.185418,3.113172,2.474437,2.453092,2.036846,2.27575,2.742068,2.725648,-0.088667,-0.134642,0.006568,0.197039,0.039408,0.0821,-0.021346,0.673206,0.916236,0.87026,-0.559908,-0.797992,0.2361,0.186395,0.017752,0.003551,-0.031207,-0.003468,0.041607,0,0.0104,-0.003467,0.024265,-0.003466
20:53.7,-26.849882,15.05286709,3.224825,3.152579,2.543399,2.522054,2.095957,2.334861,2.814314,2.797894,-0.085383,-0.131358,0.009852,0.200323,0.03284,0.075532,-0.034481,0.660071,0.945792,0.899816,-0.576328,-0.814412,0.321309,0.271604,0.007101,-0.0071,-0.01387,0.013869,0.034673,-0.006934,-0.0208,-0.034667,0.013866,-0.013865
20:54.7,-28.212141,15.4905609,3.30364,3.231394,2.630424,2.609079,2.175591,2.414495,2.912831,2.896411,-0.072247,-0.118222,0.006568,0.197039,0.02463,0.067322,0.018062,0.712614,0.978633,0.932657,-0.600957,-0.839041,0.120713,0.071008,0.021302,0.007101,-0.034674,-0.006935,0.041607,0,0,-0.013867,0.020798,-0.006933
20:55.7,-29.186382,15.80358454,3.395591,3.323345,2.69446,2.673115,2.247017,2.485921,3.003139,2.986719,-0.068963,-0.114938,0.00821,0.198681,0.026272,0.068964,0.003284,0.697836,1.011473,0.965497,-0.625587,-0.863671,0.266278,0.216573,0.010651,-0.00355,-0.020804,0.006935,0.055477,0.01387,0,-0.013867,0.006933,-0.020798
20:56.7,-30.282679,16.15582476,3.448134,3.375888,2.779842,2.758497,2.320905,2.559809,3.086879,3.070459,-0.059111,-0.105086,0,0.190471,0.026272,0.068964,0.054185,0.748737,1.044313,0.998337,-0.648574,-0.886658,0.300007,0.250302,0.005326,-0.008875,0.010402,0.038141,0.027738,-0.013869,0.027733,0.013866,-0.006933,-0.034664
20:57.7,-30.106989,16.09937557,3.472763,3.400517,2.797904,2.776559,2.34225,2.581154,3.100015,3.083595,-0.055827,-0.101802,-0.001642,0.188829,0.022988,0.06568,0.004926,0.699478,1.042671,0.996695,-0.648574,-0.886658,0.209472,0.159767,0.024852,0.010651,-0.038142,-0.010403,0.020804,-0.020803,0.003467,-0.0104,0.010399,-0.017332
20:58.7,-31.435699,16.52629009,3.709207,3.636961,2.909558,2.888213,2.427632,2.666536,3.223162,3.206742,-0.055827,-0.101802,-0.009852,0.180619,0.029556,0.072248,0.047617,0.742169,1.116561,1.070585,-0.689623,-0.927707,0.145566,0.095861,0.010651,-0.00355,0,0.027739,0.03814,-0.003467,0.034667,0.0208,0.024265,-0.003466
20:59.7,-32.445694,16.85080148,3.81101,3.738764,3.001508,2.980163,2.542569,2.781473,3.357803,3.341383,-0.059111,-0.105086,-0.03284,0.157631,0.029556,0.072248,0.052543,0.747095,1.146117,1.100141,-0.717537,-0.955621,0.18462,0.134915,0.014201,0,-0.006935,0.020804,0.027738,-0.013869,0.006933,-0.006934,0.020798,-0.006933
21:00.7,-32.445694,16.85080148,3.891466,3.81922,3.100026,3.078681,2.650938,2.889842,3.48095,3.46453,-0.072247,-0.118222,-0.068964,0.121507,0.01642,0.059112,0.070605,0.765157,1.152685,1.106709,-0.750376,-0.98846,0.181069,0.131364,0.010651,-0.00355,-0.017337,0.010402,0.048542,0.006935,0.006933,-0.006934,0.027731,0
21:01.7,-33.761826,17.27367469,3.991627,3.919381,3.264222,3.242877,2.754382,2.993286,3.576183,3.559763,-0.252865,-0.29884,-0.210175,-0.019704,-0.095235,-0.052543,0.182258,0.87681,1.155969,1.109993,-0.855461,-1.093545,0.101186,0.051481,0.010651,-0.00355,0.010402,0.038141,0.006935,-0.034672,-0.003467,-0.017334,0.003466,-0.024265
21:02.7,-34.372547,17.46989935,4.01954,3.947294,3.310197,3.288852,2.783937,3.022841,3.654998,3.638578,-0.252865,-0.29884,-0.210175,-0.019704,-0.095235,-0.052543,0.110012,0.804564,1.155969,1.109993,-0.862029,-1.100113,0.218348,0.168643,-0.001775,-0.015976,-0.006935,0.020804,0.03814,-0.003467,-0.006933,-0.0208,0.027731,0
21:03.7,-36.779232,18.24316724,4.091787,4.019541,3.38737,3.366025,2.864393,3.103297,3.809342,3.792922,-0.249581,-0.295556,-0.220027,-0.029556,-0.088667,-0.045975,0.159271,0.853823,1.155969,1.109993,-0.855461,-1.093545,0.131364,0.081659,0.010651,-0.00355,0.010402,0.038141,0.048542,0.006935,0.006933,-0.006934,0.024265,-0.003466
21:04.7,-36.779232,18.24316724,4.157466,4.08522,3.443197,3.421852,2.946491,3.185395,3.986674,3.970254,-0.239729,-0.285704,-0.220027,-0.029556,-0.078815,-0.036123,0.241369,0.935921,1.162537,1.116561,-0.855461,-1.093545,0.017752,-0.031953,0.008876,-0.005325,-0.006935,0.020804,0.013869,-0.027738,0.0104,-0.003467,0.010399,-0.017332
21:05.7,-38.480072,18.78964713,4.27733,4.205084,3.538431,3.517086,3.038441,3.277345,4.165648,4.149228,-0.229877,-0.275852,-0.213459,-0.022988,-0.075531,-0.032839,0.087024,0.781576,1.211797,1.165821,-0.963831,-1.201915,0.181069,0.131364,0.014201,0,0.006935,0.034674,0.006935,-0.034672,-0.0208,-0.034667,0.041596,0.013865
21:06.7,-40.309143,19.37732765,4.430034,4.357788,3.605752,3.584407,3.104119,3.343023,4.308498,4.292078,-0.226593,-0.272568,-0.216743,-0.026272,-0.072247,-0.029555,0.159271,0.853823,1.277477,1.231501,-1.067274,-1.305358,0.046155,-0.00355,0,-0.014201,-0.006935,0.020804,0.027738,-0.013869,0,-0.013867,0.013866,-0.013865
21:07.7,-42.017929,19.92636059,4.507207,4.434961,3.682924,3.661579,3.199353,3.438257,4.515386,4.498966,-0.216741,-0.262716,-0.267645,-0.077174,-0.026272,0.01642,0.134641,0.829193,1.353009,1.307033,-1.124743,-1.362827,0.134914,0.085209,-0.007101,-0.021302,-0.020804,0.006935,0.034673,-0.006934,-0.006933,-0.0208,0.041596,0.013865
21:08.7,-43.41153,20.37412459,4.609009,4.536763,3.778158,3.756813,3.296228,3.535132,4.663162,4.646742,-0.220025,-0.266,-0.288991,-0.09852,-0.009852,0.03284,0.146135,0.840687,1.367787,1.321811,-1.16415,-1.402234,0.264503,0.214798,-0.017752,-0.031953,0,0.027739,0.010402,-0.031205,-0.0208,-0.034667,0.034664,0.006933
21:09.8,-45.821747,21.14852731,4.715738,4.643492,3.866824,3.845479,3.394746,3.63365,4.781384,4.764964,-0.229877,-0.275852,-0.313621,-0.12315,-0.003284,0.039408,0.103444,0.797996,1.379281,1.333305,-1.190421,-1.428505,-0.014202,-0.063907,0,-0.014201,-0.024272,0.003467,0.024271,-0.017336,-0.013867,-0.027734,0.031197,0.003466
21:10.8,-45.305714,20.98272591,4.753503,4.681257,3.912799,3.891454,3.425943,3.664847,4.832284,4.815864,-0.229877,-0.275852,-0.295559,-0.105088,-0.003284,0.039408,0.175691,0.870243,1.379281,1.333305,-1.190421,-1.428505,0.342611,0.292906,-0.00355,-0.017751,0.020804,0.048543,0.027738,-0.013869,-0.013867,-0.027734,0.027731,0
21:11.8,-46.491402,21.36368746,4.848738,4.776492,4.011318,3.989973,3.599991,3.838895,4.934086,4.917666,-0.351383,-0.397358,-0.466326,-0.275855,-0.101803,-0.059111,0.323468,1.01802,1.513925,1.467949,-1.210124,-1.448208,0.18817,0.138465,0,-0.014201,0,0.027739,0.020804,-0.020803,-0.0208,-0.034667,0.020798,-0.006933
21:12.8,-46.491402,21.36368746,4.85859,4.786344,4.024453,4.003108,3.621337,3.860241,4.94558,4.92916,-0.367803,-0.413778,-0.499166,-0.308695,-0.111655,-0.068963,0.307048,1.0016,1.520493,1.474517,-1.219976,-1.45806,0.19172,0.142015,0.015977,0.001776,-0.010402,0.017337,0.072813,0.031206,-0.006933,-0.0208,0.024265,-0.003466
21:13.8,-48.232849,21.92321438,4.90867,4.836424,4.081922,4.060577,3.706718,3.945622,5.003049,4.986629,-0.367803,-0.413778,-0.499166,-0.308695,-0.111655,-0.068963,0.333319,1.027871,1.520493,1.474517,-1.249532,-1.487616,0.330185,0.28048,0,-0.014201,0.01387,0.041609,-0.013869,-0.055476,0,-0.013867,0.020798,-0.006933
21:14.8,-49.099159,22.20155979,4.96696,4.894714,4.167305,4.14596,3.765829,4.004733,5.081863,5.065443,-0.364519,-0.410494,-0.505734,-0.315263,-0.108371,-0.065679,0.297196,0.991748,1.527061,1.481085,-1.262667,-1.500751,0.207697,0.157992,-0.00355,-0.017751,-0.038142,-0.010403,0.058944,0.017337,0.003467,-0.0104,0.027731,0
21:15.8,-51.131073,22.85441375,5.09175,5.019504,4.28881,4.267465,3.865989,4.104893,5.186949,5.170529,-0.364519,-0.410494,-0.505734,-0.315263,-0.111655,-0.068963,0.303764,0.998316,1.563185,1.517209,-1.33163,-1.569714,0.248526,0.198821,0,-0.014201,-0.01387,0.013869,0.048542,0.006935,-0.006933,-0.0208,0.020798,-0.006933
21:16.8,-54.048054,23.79163975,5.185343,5.113097,4.390612,4.369267,3.954655,4.193559,5.303528,5.287108,-0.361235,-0.40721,-0.509018,-0.318547,-0.111655,-0.068963,0.265999,0.960551,1.640359,1.594383,-1.420295,-1.658379,0.202371,0.152666,0.014201,0,0.006935,0.034674,0.013869,-0.027738,0.027733,0.013866,0.020798,-0.006933
21:17.8,-54.805992,24.03516523,5.301923,5.229677,4.500624,4.479279,4.104073,4.342977,5.402046,5.385626,-0.33989,-0.385865,-0.50245,-0.311979,-0.108371,-0.065679,0.330035,1.024587,1.697829,1.651853,-1.485974,-1.724058,0.323084,0.273379,0.012426,-0.001775,-0.01387,0.013869,0.045075,0.003468,-0.006933,-0.0208,0.017332,-0.010399
21:18.8,-54.983891,24.09232418,5.454627,5.382381,4.620488,4.599143,4.272374,4.511278,5.507132,5.490712,-0.302124,-0.348099,-0.505734,-0.315263,-0.065679,-0.022987,0.30048,0.995032,1.793066,1.74709,-1.582849,-1.820933,0.138465,0.08876,0.014201,0,0,0.027739,0.013869,-0.027738,0,-0.013867,-0.003466,-0.031197
21:19.8,-57.892487,25.02685607,5.49896,5.426714,4.682883,4.661538,4.296183,4.535087,5.546539,5.530119,-0.292272,-0.338247,-0.509018,-0.318547,-0.055827,-0.013135,0.257789,0.952341,1.809486,1.76351,-1.607479,-1.845563,0.230774,0.181069,0.007101,-0.0071,-0.027739,0,0.062411,0.020804,0.006933,-0.006934,0.006933,-0.020798
21:20.8,-58.039482,25.07408557,5.590911,5.518665,4.837228,4.815883,4.370071,4.608975,5.648341,5.631921,-0.239729,-0.285704,-0.443338,-0.252867,0.039408,0.0821,0.136283,0.830835,1.898154,1.852178,-1.747045,-1.985129,0.301782,0.252077,0.010651,-0.00355,-0.020804,0.006935,0.041607,0,-0.003467,-0.017334,0.03813,0.010399
21:21.8,-60.21508,25.7731052,5.651665,5.579419,4.901265,4.87992,4.443959,4.682863,5.718946,5.702526,-0.239729,-0.285704,-0.45319,-0.262719,0.045975,0.088667,0.093592,0.788144,1.967118,1.921142,-1.811082,-2.049166,0.104736,0.055031,0.024852,0.010651,0,0.027739,0.034673,-0.006934,0.0312,0.017333,0.024265,-0.003466
21:22.8,-60.7757,25.95323241,5.679578,5.607332,4.932462,4.911117,4.475157,4.714061,5.746038,5.729618,-0.239729,-0.285704,-0.449906,-0.259435,0.062395,0.105087,0.147777,0.842329,2.003242,1.957266,-1.850489,-2.088573,0.360363,0.310658,0.010651,-0.00355,-0.003467,0.024272,0.027738,-0.013869,0.003467,-0.0104,0.051996,0.024265
21:23.8,-60.937927,26.00535595,5.702566,5.63032,4.953808,4.932463,4.51128,4.750184,5.768205,5.751785,-0.236445,-0.28242,-0.449906,-0.259435,0.078815,0.121507,0.165839,0.860391,2.029514,1.983538,-1.896463,-2.134547,0.163317,0.113612,0.017752,0.003551,-0.006935,0.020804,0.006935,-0.034672,-0.013867,-0.027734,0.020798,-0.006933
21:24.8,-63.300468,26.76444037,5.764961,5.692715,5.032623,5.011278,4.576958,4.815862,5.842093,5.825673,-0.220025,-0.266,-0.446622,-0.256151,0.137926,0.180618,0.044333,0.738885,2.105046,2.05907,-1.991697,-2.229781,-0.024853,-0.074558,0.00355,-0.010651,-0.027739,0,0.010402,-0.031205,0.0208,0.006933,0.003466,-0.024265
21:25.8,-63.323204,26.77174545,5.865122,5.792876,5.085166,5.063821,4.6451,4.884004,5.886426,5.870006,-0.19047,-0.236445,-0.430202,-0.239731,0.256149,0.298841,-0.026271,0.668281,2.193715,2.147739,-2.096782,-2.334866,0.255627,0.205922,0.00355,-0.010651,0.01387,0.041609,0,-0.041607,0.006933,-0.006934,0.027731,0
21:26.8,-63.323204,26.77174545,5.952147,5.879901,5.132783,5.111438,4.677118,4.916022,5.91434,5.89792,-0.170766,-0.216741,-0.42035,-0.229879,0.266001,0.308693,-0.080456,0.614096,2.239691,2.193715,-2.131263,-2.369347,0.033729,-0.015976,0.021302,0.007101,-0.020804,0.006935,0.027738,-0.013869,0.003467,-0.0104,0.017332,-0.010399
21:27.8,-64.619247,27.18816406,5.989913,5.917667,5.165622,5.144277,4.719809,4.958713,5.940611,5.924191,-0.14121,-0.187185,-0.410498,-0.220027,0.272569,0.315261,-0.146135,0.548417,2.275815,2.229839,-2.165745,-2.403829,0.102961,0.053256,0.007101,-0.0071,-0.006935,0.020804,0.013869,-0.027738,-0.013867,-0.027734,0.034664,0.006933
21:28.8,-67.312866,28.05362385,6.072011,5.999765,5.260857,5.239512,4.79534,5.034244,6.022709,6.006289,-0.068963,-0.114938,-0.374374,-0.183903,0.3481,0.390792,-0.119864,0.574688,2.321791,2.275815,-2.241275,-2.479359,0.225449,0.175744,0,-0.014201,0.024272,0.052011,-0.010402,-0.052009,-0.003467,-0.017334,0.013866,-0.013865
21:29.8,-68.704262,28.50067938,6.149184,6.076938,5.336387,5.315042,4.874154,5.113058,6.078536,6.062116,-0.003284,-0.049259,-0.302127,-0.111656,0.453187,0.495879,-0.205246,0.489306,2.446583,2.400607,-2.297101,-2.535185,0.134914,0.085209,-0.015977,-0.030178,-0.024272,0.003467,0.013869,-0.027738,-0.027733,-0.0416,0.020798,-0.006933
21:30.8,-68.180939,28.3325357,6.185308,6.113062,5.379078,5.357733,4.90453,5.143434,6.108091,6.091671,0.009852,-0.036123,-0.292275,-0.101804,0.479459,0.522151,-0.226591,0.467961,2.459719,2.413743,-2.313521,-2.551605,0.076333,0.026628,0.005326,-0.008875,0.017337,0.045076,0.020804,-0.020803,0.003467,-0.0104,0.03813,0.010399
21:31.8,-71.551056,29.41535429,6.288753,6.216507,5.520288,5.498943,5.006332,5.245236,6.213177,6.196757,0.029556,-0.016419,-0.285707,-0.095236,0.564842,0.607534,-0.280776,0.413776,2.492559,2.446583,-2.36278,-2.600864,0.152666,0.102961,-0.001775,-0.015976,0.006935,0.034674,0.006935,-0.034672,-0.013867,-0.027734,0.034664,0.006933
21:32.8,-71.191948,29.29997289,6.323234,6.250988,5.569547,5.548202,5.058053,5.296957,6.244375,6.227955,0.062395,0.01642,-0.275855,-0.085384,0.587829,0.630521,-0.313616,0.380936,2.551672,2.505696,-2.398903,-2.636987,0.213023,0.163318,0.001775,-0.012426,0,0.027739,0.055477,0.01387,-0.0208,-0.034667,0.041596,0.013865
21:33.8,-73.525139,30.04962716,6.364284,6.292038,5.633584,5.612239,5.109776,5.34868,6.285424,6.269004,0.118222,0.072247,-0.266003,-0.075532,0.617385,0.660077,-0.344813,0.349739,2.604216,2.55824,-2.418606,-2.65669,0.181069,0.131364,0.007101,-0.0071,0.01387,0.041609,0.020804,-0.020803,-0.0104,-0.024267,0.024265,-0.003466
21:34.8,-74.901741,30.49192938,6.420111,6.347865,5.700905,5.67956,5.156571,5.395475,6.341251,6.324831,0.177334,0.131359,-0.226595,-0.036124,0.656793,0.699485,-0.280776,0.413776,2.637056,2.59108,-2.461297,-2.699381,0.269829,0.220124,-0.012426,-0.026627,-0.003467,0.024272,0.034673,-0.006934,-0.0208,-0.034667,0.006933,-0.020798
21:35.8,-74.732231,30.43746582,6.449667,6.377421,5.745238,5.723893,5.202547,5.441451,6.369164,6.352744,0.220025,0.17405,-0.213459,-0.022988,0.689632,0.732324,-0.431837,0.262715,2.65676,2.610784,-2.484284,-2.722368,0.227224,0.177519,-0.00355,-0.017751,0.006935,0.034674,0.041607,0,0,-0.013867,0.034664,0.006933
21:36.8,-76.500168,31.00550398,6.51042,6.438174,5.842115,5.82077,5.283823,5.522727,6.436485,6.420065,0.262717,0.216742,-0.190471,0,0.755312,0.798004,-0.431837,0.262715,2.748712,2.702736,-2.530259,-2.768343,0.106511,0.056806,0.015977,0.001776,-0.003467,0.024272,0.027738,-0.013869,-0.0208,-0.034667,0.020798,-0.006933
21:37.8,-79.189377,31.86954683,6.576099,6.503853,5.943917,5.922572,5.353607,5.592511,6.498879,6.482459,0.305408,0.259433,-0.164199,0.026272,0.866966,0.909658,-0.530355,0.164197,2.814392,2.768416,-2.58937,-2.827454,0.417169,0.367464,-0.015977,-0.030178,0,0.027739,0.055477,0.01387,0.034667,0.0208,0.072794,0.045063
21:38.8,-79.891029,32.09498762,6.631927,6.559681,6.02109,5.999745,5.438989,5.677893,6.554707,6.538287,0.413779,0.367804,-0.072248,0.118223,0.955634,0.998326,-0.550059,0.144493,2.942469,2.896493,-2.655048,-2.893132,0.181069,0.131364,0.001775,-0.012426,-0.01387,0.013869,0.027738,-0.013869,0,-0.013867,0.020798,-0.006933
21:39.8,-81.321053,32.55445433,6.796124,6.723878,6.091695,6.07035,5.509594,5.748498,6.600682,6.584262,0.433483,0.387508,-0.06568,0.124791,1.004893,1.047585,-0.5008,0.193752,2.991729,2.945753,-2.651764,-2.889848,0.28048,0.230775,0.00355,-0.010651,-0.006935,0.020804,0.041607,0,0.006933,-0.006934,0.034664,0.006933
21:40.8,-82.508057,32.93583871,6.893002,6.820756,6.154089,6.132744,5.565421,5.804325,6.64994,6.63352,0.449902,0.403927,-0.06568,0.124791,1.054152,1.096844,-0.50901,0.185542,3.031137,2.985161,-2.668184,-2.906268,0.440246,0.390541,0.007101,-0.0071,-0.020804,0.006935,0.024271,-0.017336,-0.027733,-0.0416,0.041596,0.013865
21:41.8,-83.552269,33.27134403,6.940619,6.868373,6.226336,6.204991,5.624531,5.863435,6.700842,6.684422,0.479458,0.433483,-0.055828,0.134643,1.073856,1.116548,-0.599318,0.095234,3.054125,3.008149,-2.678035,-2.916119,0.14024,0.090535,0.010651,-0.00355,-0.048544,-0.020805,0.041607,0,-0.0208,-0.034667,0.020798,-0.006933
21:42.8,-83.832573,33.3614057,6.966891,6.894645,6.255892,6.234547,5.644235,5.883139,6.727113,6.710693,0.522149,0.476174,-0.03284,0.157631,1.116548,1.15924,-0.586182,0.10837,3.073829,3.027853,-2.704307,-2.942391,0.342611,0.292906,0.017752,0.003551,0.003467,0.031206,0.017336,-0.024271,-0.006933,-0.0208,0.003466,-0.024265
21:43.8,-84.932182,33.71471008,6.998088,6.925842,6.310077,6.288732,5.670506,5.90941,6.755027,6.738607,0.535285,0.48931,-0.019704,0.170767,1.152671,1.195363,-0.60917,0.085382,3.100101,3.054125,-2.714159,-2.952243,0.237875,0.18817,0.010651,-0.00355,-0.01387,0.013869,0.048542,0.006935,0,-0.013867,0.020798,-0.006933
21:44.8,-84.932182,33.71471008,7.027644,6.955398,6.349484,6.328139,5.723049,5.961953,6.789508,6.773088,0.564841,0.518866,0.042692,0.233163,1.198647,1.241339,-0.658429,0.036123,3.136225,3.090249,-2.737146,-2.97523,0.221899,0.172194,0.014201,0,-0.041609,-0.01387,0.031206,-0.010401,0.013867,0,0.027731,0
21:45.8,-86.16996,34.11240815,7.053916,6.98167,6.383966,6.362621,5.749321,5.988225,6.822347,6.805927,0.584545,0.53857,0.0821,0.272571,1.215067,1.257759,-0.605886,0.088666,3.162497,3.116521,-2.750282,-2.988366,0.193496,0.143791,0.026628,0.012427,0,0.027739,0.010402,-0.031205,0.017333,0.003466,-0.013866,-0.041597
21:46.9,-87.152809,34.42819753,7.085114,7.012868,6.423373,6.402028,5.795296,6.0342,6.848619,6.832199,0.594397,0.548422,0.085384,0.275855,1.238055,1.280747,-0.674848,0.019704,3.188769,3.142793,-2.763417,-3.001501,0.170418,0.120713,0.012426,-0.001775,-0.006935,0.020804,0.062411,0.020804,0.006933,-0.006934,0.020798,-0.006933
21:47.9,-88.03479,34.71157803,7.124521,7.052275,6.475916,6.454571,5.833882,6.072786,6.8831,6.86668,0.640372,0.594397,0.124792,0.315263,1.297166,1.339858,-0.70933,-0.014778,3.238029,3.192053,-2.792973,-3.031057,0.159767,0.110062,0.007101,-0.0071,0,0.027739,0.020804,-0.020803,0.006933,-0.006934,0.020798,-0.006933
21:48.9,-88.014702,34.70512375,7.139299,7.067053,6.49562,6.474275,5.842913,6.081817,6.897878,6.881458,0.660076,0.614101,0.160915,0.351386,1.326722,1.369414,-0.720823,-0.026271,3.251166,3.20519,-2.819244,-3.057328,0.063907,0.014202,0.010651,-0.00355,-0.01387,0.013869,0.003467,-0.03814,0.017333,0.003466,-0.013866,-0.041597
21:49.9,-89.025803,35.0299905,7.172139,7.099893,6.533386,6.512041,5.880678,6.119582,6.929075,6.912655,0.66336,0.617385,0.144495,0.334966,1.343142,1.385834,-0.727391,-0.032839,3.290574,3.244598,-2.825812,-3.063896,0.257402,0.207697,0.008876,-0.005325,0,0.027739,0.024271,-0.017336,-0.0104,-0.024267,0.041596,0.013865
21:50.9,-89.495926,35.18104102,7.196768,7.124522,6.572793,6.551448,5.933221,6.172125,6.950421,6.934001,0.666644,0.620669,0.151063,0.341534,1.366129,1.408821,-0.829193,-0.134641,3.310278,3.264302,-2.848799,-3.086883,0.014202,-0.035503,0.007101,-0.0071,0.006935,0.034674,0.003467,-0.03814,0.024267,0.0104,0,-0.027731
21:51.9,-89.943321,35.32478904,7.21483,7.142584,6.594139,6.572794,5.939789,6.178693,6.965199,6.948779,0.666644,0.620669,0.151063,0.341534,1.392401,1.435093,-0.779934,-0.085382,3.333266,3.28729,-2.878354,-3.116438,0.145566,0.095861,0.00355,-0.010651,-0.006935,0.020804,0.034673,-0.006934,0,-0.013867,0.020798,-0.006933
21:52.9,-90.880257,35.62582657,7.250133,7.177887,6.626978,6.605633,5.99069,6.229594,6.996396,6.979976,0.77173,0.725755,0.193755,0.384226,1.441661,1.484353,-0.825909,-0.131357,3.359538,3.313562,-2.904626,-3.14271,0.248526,0.198821,-0.00355,-0.017751,0,0.027739,0.031206,-0.010401,0,-0.013867,0.034664,0.006933
21:53.9,-91.491646,35.82226586,7.275583,7.203337,6.656534,6.635189,6.021887,6.260791,7.021026,7.004606,0.78815,0.742175,0.220027,0.410498,1.45808,1.500772,-0.852181,-0.157629,3.372674,3.326698,-2.917761,-3.155845,-0.00355,-0.053255,0,-0.014201,-0.003467,0.024272,-0.006935,-0.048542,-0.0208,-0.034667,0.020798,-0.006933
21:54.9,-91.680359,35.88289935,7.292003,7.219757,6.691015,6.66967,6.030097,6.269001,7.040729,7.024309,0.794718,0.748743,0.249583,0.440054,1.4745,1.517192,-0.88502,-0.190468,3.375958,3.329982,-2.947317,-3.185401,0.440246,0.390541,0.10296,0.088759,0.020804,0.048543,-0.013869,-0.055476,0,-0.013867,0.131722,0.103991
21:55.9,-91.953163,35.97055127,7.311707,7.239461,6.710719,6.689374,6.061294,6.300198,7.060433,7.044013,0.794718,0.748743,0.246299,0.43677,1.494204,1.536896,-0.970402,-0.27585,3.405514,3.359538,-2.970304,-3.208388,0.362138,0.312433,0.152664,0.138463,0.034674,0.062413,0.027738,-0.013869,-0.027733,-0.0416,0.124789,0.097058
21:56.9,-92.320869,36.08869521,7.336337,7.264091,6.740274,6.718929,6.086745,6.325649,7.078495,7.062075,0.814422,0.768447,0.259435,0.449906,1.504056,1.546748,-0.880094,-0.185542,3.415366,3.36939,-2.996575,-3.234659,0.289356,0.239651,0.149114,0.134913,0.031207,0.058946,0.027738,-0.013869,-0.013867,-0.027734,0.131722,0.103991
21:57.9,-93.371483,36.42625749,7.367535,7.295289,6.779682,6.758337,6.126973,6.365877,7.101482,7.085062,0.853829,0.807854,0.292275,0.482746,1.52376,1.566452,-0.906366,-0.211814,3.454774,3.408798,-3.019563,-3.257647,0.491726,0.442021,0.143789,0.129588,0.069348,0.097087,0.041607,0,-0.0208,-0.034667,0.162919,0.135188
21:58.9,-93.559975,36.48681997,7.390522,7.318276,6.812521,6.791176,6.156528,6.395432,7.11626,7.09984,0.870249,0.824274,0.308695,0.499166,1.550031,1.592723,-1.00981,-0.315258,3.500751,3.454775,-3.04255,-3.280634,0.406518,0.356813,0.143789,0.129588,0.027739,0.055478,0.03814,-0.003467,-0.0416,-0.055467,0.135188,0.107457
21:59.9,-89.746666,35.26160379,7.420078,7.347832,6.833867,6.812522,6.187726,6.42663,7.117902,7.101482,0.975336,0.929361,0.367807,0.558278,1.770057,1.812749,-1.128031,-0.433479,3.612407,3.566431,-3.101661,-3.339745,0.443796,0.394091,0.156215,0.142014,0.041609,0.069348,0.041607,0,0.006933,-0.006934,0.15252,0.124789
22:00.9,-91.334053,35.77163123,7.44635,7.374104,6.835509,6.814164,6.187726,6.42663,7.114618,7.098198,0.972052,0.926077,0.377659,0.56813,1.773341,1.816033,-1.118179,-0.423627,3.612407,3.566431,-3.098377,-3.336461,0.539656,0.489951,0.193493,0.179292,0.055479,0.083218,0.010402,-0.031205,-0.0208,-0.034667,0.149054,0.121323
22:01.9,-92.4842,36.14117346,7.479189,7.406943,6.850287,6.828942,6.19101,6.429914,7.122828,7.106408,0.975336,0.929361,0.364523,0.554994,1.776625,1.819317,-1.114895,-0.420343,3.612407,3.566431,-3.124648,-3.362732,0.576935,0.52723,0.236097,0.221896,0.027739,0.055478,0.062411,0.020804,-0.034667,-0.048534,0.180251,0.15252
22:02.9,-93.211685,36.37491439,7.508745,7.436499,6.883126,6.861781,6.235343,6.474247,7.145815,7.129395,0.97862,0.932645,0.371091,0.561562,1.779909,1.822601,-1.128031,-0.433479,3.612407,3.566431,-3.111512,-3.349596,0.495277,0.445572,0.237872,0.223671,0.048544,0.076283,0.020804,-0.020803,-0.0312,-0.045067,0.138655,0.110924
22:03.9,-94.624046,36.82870598,7.536659,7.464413,6.91104,6.889695,6.26654,6.505444,7.167161,7.150741,0.981904,0.935929,0.367807,0.558278,1.793045,1.835737,-1.167438,-0.472886,3.632111,3.586135,-3.160771,-3.398855,0.560958,0.511253,0.243198,0.228997,0.041609,0.069348,0.045075,0.003468,-0.013867,-0.027734,0.166386,0.138655
22:04.9,-95.018463,36.95543216,7.57114,7.498894,6.945521,6.924176,6.328935,6.567839,7.196716,7.180296,0.988472,0.942497,0.387511,0.577982,1.812749,1.855441,-1.137883,-0.443331,3.678087,3.632111,-3.200178,-3.438262,0.702973,0.653268,0.227221,0.21302,0.048544,0.076283,0.041607,0,-0.006933,-0.0208,0.169852,0.142121
22:05.9,-96.011246,37.27441334,7.590844,7.518598,6.966867,6.945522,6.353564,6.592468,7.211494,7.195074,1.018027,0.972052,0.423634,0.614105,1.85544,1.898132,-1.16087,-0.466318,3.707643,3.661667,-3.272424,-3.510508,0.647942,0.598237,0.339057,0.324856,0.034674,0.062413,0.024271,-0.017336,-0.013867,-0.027734,0.180251,0.15252
22:06.9,-96.560829,37.45099436,7.6204,7.548154,6.996423,6.975078,6.414317,6.653221,7.242692,7.226272,1.060719,1.014744,0.443338,0.633809,1.891564,1.934256,-1.239685,-0.545133,3.733915,3.687939,-3.30198,-3.540064,0.834335,0.78463,0.351483,0.337282,0.027739,0.055478,0.024271,-0.017336,-0.027733,-0.0416,0.232247,0.204516
22:07.9,-96.560829,37.45099436,7.640104,7.567858,7.017768,6.996423,6.429095,6.667999,7.262395,7.245975,1.083707,1.037732,0.463042,0.653513,1.917836,1.960528,-1.272524,-0.577972,3.763471,3.717495,-3.34467,-3.582754,0.734926,0.685221,0.369234,0.355033,0.041609,0.069348,0.041607,0,-0.006933,-0.0208,0.235713,0.207982
22:08.9,-97.24659,37.67132937,7.66966,7.597414,7.045682,7.024337,6.499699,6.738603,7.277173,7.260753,1.100126,1.054151,0.50245,0.692921,1.963811,2.006503,-1.295512,-0.60096,3.789744,3.743768,-3.374226,-3.61231,0.557408,0.507703,0.385211,0.37101,0.034674,0.062413,0.031206,-0.010401,0.006933,-0.006934,0.221848,0.194117
22:09.9,-97.39624,37.71941191,7.692647,7.620401,7.067028,7.045683,6.535822,6.774726,7.29195,7.27553,1.11983,1.073855,0.512302,0.702773,1.973663,2.016355,-1.311931,-0.617379,3.80288,3.756904,-3.390645,-3.628729,0.816584,0.766879,0.367459,0.353258,0.052011,0.07975,0.045075,0.003468,0.0104,-0.003467,0.249578,0.221847
22:10.9,-98.357018,38.02810988,7.718919,7.646673,7.099867,7.078522,6.571946,6.81085,7.31658,7.30016,1.142818,1.096843,0.558278,0.748749,1.999935,2.042627,-1.351339,-0.656787,3.8193,3.773324,-3.423484,-3.661568,0.617764,0.568059,0.376335,0.362134,0.048544,0.076283,0.013869,-0.027738,0,-0.013867,0.221848,0.194117
22:11.9,-98.991356,38.23192268,7.745191,7.672945,7.132707,7.111362,6.585082,6.823986,7.341209,7.324789,1.155954,1.109979,0.58455,0.775021,2.049195,2.091887,-1.451498,-0.756946,3.85214,3.806164,-3.457965,-3.696049,0.699422,0.649717,0.411838,0.397637,0.055479,0.083218,0.034673,-0.006934,0.006933,-0.006934,0.235713,0.207982
22:12.9,-99.190437,38.29588741,7.776389,7.704143,7.158978,7.137633,6.640908,6.879812,7.362555,7.346135,1.192077,1.146102,0.646946,0.837417,2.085318,2.12801,-1.420301,-0.725749,3.888264,3.842288,-3.489162,-3.727246,0.731375,0.68167,0.424264,0.410063,0.072816,0.100555,0.006935,-0.034672,-0.013867,-0.027734,0.242646,0.214915
22:13.9,-100.234642,38.63139047,7.793629,7.721383,7.178682,7.157337,6.674569,6.913473,7.382259,7.365839,1.188793,1.142818,0.640378,0.830849,2.124726,2.167418,-1.518819,-0.824267,3.927672,3.881696,-3.518718,-3.756802,0.628415,0.57871,0.422489,0.408288,0.048544,0.076283,0.027738,-0.013869,-0.013867,-0.027734,0.259978,0.232247
22:14.9,-100.032913,38.56657495,7.805944,7.733698,7.191818,7.170473,6.683599,6.922503,7.397037,7.380617,1.218349,1.172374,0.676502,0.866973,2.150998,2.19369,-1.499115,-0.804563,3.940808,3.894832,-3.538421,-3.776505,0.697647,0.647942,0.420714,0.406513,0.058946,0.086685,-0.013869,-0.055476,0,-0.013867,0.242646,0.214915
22:15.9,-100.664818,38.76960602,7.828932,7.756686,7.216447,7.195102,6.703303,6.942207,7.418382,7.401962,1.224917,1.178942,0.68307,0.873541,2.173985,2.216677,-1.56151,-0.866958,3.947376,3.9014,-3.567976,-3.80606,0.692321,0.642616,0.426039,0.411838,0.048544,0.076283,0.006935,-0.034672,-0.0208,-0.034667,0.235713,0.207982
22:16.9,-100.924828,38.85314724,7.85192,7.779674,7.246003,7.224658,6.741068,6.979972,7.434802,7.418382,1.287312,1.241337,0.738897,0.929368,2.203541,2.246233,-1.56151,-0.866958,3.96708,3.921104,-3.590964,-3.829048,0.766879,0.717174,0.456217,0.442016,0.055479,0.083218,0,-0.041607,-0.0208,-0.034667,0.291175,0.263444
22:17.9,-101.411728,39.00958821,7.879834,7.807588,7.273917,7.252572,6.778834,7.017738,7.464357,7.447937,1.316868,1.270893,0.784873,0.975344,2.233097,2.275789,-1.594349,-0.899797,3.990068,3.944092,-3.627087,-3.865171,0.690546,0.640841,0.493495,0.479294,0.114424,0.142163,-0.010402,-0.052009,0.013867,0,0.270377,0.242646
22:18.9,-102.724541,39.43139502,7.899537,7.827291,7.30183,7.280485,6.780476,7.01938,7.493913,7.477493,1.333288,1.287313,0.814429,1.0049,2.259369,2.302061,-1.666596,-0.972044,4.013056,3.96708,-3.673062,-3.911146,0.800607,0.750902,0.470418,0.456217,0.090153,0.117892,0.020804,-0.020803,-0.017333,-0.0312,0.273843,0.246112
22:19.9,-102.239853,39.27566477,7.915957,7.843711,7.314966,7.293621,6.834661,7.073565,7.520184,7.503764,1.352991,1.307016,0.850553,1.041024,2.298776,2.341468,-1.725707,-1.031155,4.029477,3.983501,-3.735456,-3.97354,0.759778,0.710073,0.489945,0.475744,0.083218,0.110957,0.027738,-0.013869,-0.0208,-0.034667,0.270377,0.242646
22:20.9,-102.992935,39.51763002,7.938945,7.866699,7.351089,7.329744,6.849438,7.088342,7.546456,7.530036,1.356275,1.3103,0.857121,1.047592,2.331616,2.374308,-1.768398,-1.073846,4.068885,4.022909,-3.781431,-4.019515,0.731375,0.68167,0.493495,0.479294,0.065881,0.09362,-0.006935,-0.048542,-0.034667,-0.048534,0.249578,0.221847
22:21.9,-103.199966,39.58414908,7.955365,7.883119,7.362584,7.341239,6.874068,7.112972,7.566159,7.549739,1.408819,1.362844,0.903097,1.093568,2.36774,2.410432,-1.766756,-1.072204,4.111577,4.065601,-3.807702,-4.045786,1.013628,0.963923,0.511247,0.497046,0.097087,0.124826,0.024271,-0.017336,-0.027733,-0.0416,0.277309,0.249578
22:22.9,-103.938919,39.82157467,7.973427,7.901181,7.378182,7.356837,6.888845,7.127749,7.584221,7.567801,1.46793,1.421955,0.949073,1.139544,2.413715,2.456407,-1.812731,-1.118179,4.131281,4.085305,-3.853677,-4.091761,0.775755,0.72605,0.53965,0.525449,0.104022,0.131761,0.03814,-0.003467,-0.006933,-0.0208,0.284242,0.256511
22:23.9,-104.015068,39.84604135,8.00134,7.929094,7.405275,7.38393,6.913475,7.152379,7.612134,7.595714,1.490918,1.444943,0.962209,1.15268,2.469543,2.512235,-1.8702,-1.175648,4.183825,4.137849,-3.916071,-4.154155,0.93197,0.882265,0.580478,0.566277,0.104022,0.131761,0.020804,-0.020803,-0.0104,-0.024267,0.30504,0.277309
22:24.9,-104.588051,40.03014079,8.027612,7.955366,7.436472,7.415127,6.943851,7.182755,7.62527,7.60885,1.490918,1.444943,0.973703,1.164174,2.472827,2.515519,-1.9211,-1.226548,4.183825,4.137849,-3.932491,-4.170575,1.113037,1.063332,0.575153,0.560952,0.097087,0.124826,0.013869,-0.027738,-0.027733,-0.0416,0.322372,0.294641
22:26.0,-105.484375,40.31812969,8.076872,8.004626,7.470954,7.449609,6.985722,7.224626,7.663035,7.646615,1.510622,1.464647,1.02132,1.211791,2.505666,2.548358,-1.955582,-1.26103,4.213381,4.167405,-3.971898,-4.209982,0.894691,0.844986,0.592904,0.578703,0.07975,0.107489,0.027738,-0.013869,-0.0208,-0.034667,0.256511,0.22878
22:27.0,-105.705315,40.38911771,8.103144,8.030898,7.512003,7.490658,7.023487,7.262391,7.692591,7.676171,1.523757,1.477782,1.05416,1.244631,2.551642,2.594334,-2.011409,-1.316857,4.256073,4.210097,-4.019515,-4.257599,1.137889,1.088184,0.635508,0.621307,0.128294,0.156033,0.010402,-0.031205,-0.0208,-0.034667,0.308507,0.280776
22:28.0,-106.828094,40.7498666,8.139267,8.067021,7.544843,7.523498,7.06782,7.306724,7.727072,7.710652,1.546745,1.50077,1.083716,1.274187,2.600901,2.643593,-2.077087,-1.382535,4.295482,4.249506,-4.080267,-4.318351,1.136114,1.086409,0.685212,0.671011,0.110957,0.138696,0.020804,-0.020803,-0.0208,-0.034667,0.311973,0.284242
22:29.0,-108.542618,41.30074316,8.181959,8.109713,7.58425,7.562905,7.099839,7.338743,7.769763,7.753343,1.623918,1.577943,1.178952,1.369423,2.663297,2.705989,-2.132914,-1.438362,4.336532,4.290556,-4.152513,-4.390597,1.077534,1.027829,0.690538,0.676337,0.114424,0.142163,0.027738,-0.013869,-0.024267,-0.038134,0.318906,0.291175
22:30.0,-108.31263,41.22684802,8.208231,8.135985,7.615448,7.594103,7.136783,7.375687,7.799319,7.782899,1.628844,1.582869,1.18552,1.375991,2.687927,2.730619,-2.150976,-1.456424,4.377582,4.331606,-4.231327,-4.469411,1.058007,1.008302,0.685212,0.671011,0.124827,0.152566,0.034673,-0.006934,-0.027733,-0.0416,0.298107,0.270376
22:31.0,-109.529442,41.61780971,8.24107,8.168824,7.643362,7.622017,7.179474,7.418378,7.830517,7.814097,1.678104,1.632129,1.228212,1.418683,2.73226,2.774952,-2.195309,-1.500757,4.403854,4.357878,-4.293721,-4.531805,1.136114,1.086409,0.702964,0.688763,0.117892,0.145631,0.041607,0,-0.055467,-0.069334,0.311973,0.284242
22:32.0,-109.662529,41.66057057,8.287045,8.214799,7.689337,7.667992,7.223807,7.462711,7.881418,7.864998,1.697807,1.651832,1.28404,1.474511,2.804508,2.8472,-2.31353,-1.618978,4.492523,4.446547,-4.385671,-4.623755,1.082859,1.033154,0.706514,0.692313,0.090153,0.117892,0.020804,-0.020803,-0.0208,-0.034667,0.291175,0.263444
22:33.0,-110.934074,42.06911798,8.326453,8.254207,7.728745,7.7074,7.253363,7.492267,7.924109,7.907689,1.720795,1.67482,1.336584,1.527055,2.866903,2.909595,-2.438319,-1.743767,4.554919,4.508943,-4.471053,-4.709137,1.107711,1.058006,0.752668,0.738467,0.131761,0.1595,-0.006935,-0.048542,0,-0.013867,0.332771,0.30504
22:34.0,-111.177086,42.14719773,8.349442,8.277196,7.753374,7.732029,7.282918,7.521822,7.95038,7.93396,1.793042,1.747067,1.375992,1.566463,2.903027,2.945719,-2.533553,-1.839001,4.599253,4.553277,-4.540015,-4.778099,1.187594,1.137889,0.745567,0.731366,0.117892,0.145631,0.017336,-0.024271,-0.003467,-0.017334,0.325838,0.298107
22:35.0,-111.842766,42.36108072,8.382281,8.310035,7.796065,7.77472,7.309189,7.548093,7.989788,7.973368,1.829166,1.783191,1.415399,1.60587,2.975274,3.017966,-2.586096,-1.891544,4.623883,4.577907,-4.615545,-4.853629,0.99055,0.940845,0.742017,0.727816,0.145631,0.17337,0.027738,-0.013869,0,-0.013867,0.311973,0.284242
22:36.0,-112.304939,42.5095769,8.421689,8.349443,7.825621,7.804276,7.363375,7.602279,8.024269,8.007849,1.878425,1.83245,1.438387,1.628858,3.063941,3.106633,-2.627145,-1.932593,4.666575,4.620599,-4.677939,-4.916023,1.072208,1.022503,0.756218,0.742017,0.124827,0.152566,0.027738,-0.013869,-0.006933,-0.0208,0.332771,0.30504
22:37.0,-112.364975,42.52886647,8.451244,8.378998,7.848609,7.827264,7.369942,7.608846,8.042331,8.025911,1.911265,1.86529,1.507351,1.697822,3.086929,3.129621,-2.661627,-1.967075,4.68628,4.640304,-4.707494,-4.945578,1.276352,1.226647,0.797047,0.782846,0.145631,0.17337,0.006935,-0.034672,0,-0.013867,0.3813,0.353569
22:38.0,-113.598335,42.92514504,8.498862,8.426616,7.886374,7.865029,7.415917,7.654821,8.078454,8.062034,1.970376,1.924401,1.553327,1.743798,3.165745,3.208437,-2.750293,-2.055741,4.755244,4.709268,-4.786308,-5.024392,1.031379,0.981674,0.814798,0.800597,0.152566,0.180305,0.017336,-0.024271,-0.003467,-0.017334,0.3813,0.353569
22:39.0,-113.479813,42.88706392,8.53006,8.457814,7.920856,7.899511,7.440547,7.679451,8.111294,8.094874,2.0065,1.960525,1.599303,1.789774,3.21172,3.254412,-2.776564,-2.082012,4.797936,4.75196,-4.825715,-5.063799,1.207121,1.157416,0.809473,0.795272,0.138696,0.166435,0.013869,-0.027738,-0.013867,-0.027734,0.409031,0.3813
22:40.0,-114.365547,43.17165025,8.559615,8.487369,7.945486,7.924141,7.461893,7.700797,8.140849,8.124429,2.065611,2.019636,1.674835,1.865306,3.254412,3.297104,-2.850452,-2.1559,4.820924,4.774948,-4.873332,-5.111416,1.14854,1.098835,0.811248,0.797047,0.124827,0.152566,0.003467,-0.03814,-0.013867,-0.027734,0.360502,0.332771
22:41.0,-115.305138,43.47354084,8.607233,8.534987,7.996387,7.975042,7.514436,7.75334,8.190108,8.173688,2.111587,2.065612,1.750367,1.940838,3.336511,3.379203,-2.963748,-2.269196,4.880036,4.83406,-4.966923,-5.205007,1.075758,1.026053,0.843201,0.829,0.138696,0.166435,0.013869,-0.027738,-0.017333,-0.0312,0.388233,0.360502
22:42.0,-116.412247,43.82925496,8.630221,8.557975,8.022658,8.001313,7.547275,7.786179,8.227874,8.211454,2.121439,2.075464,1.786491,1.976962,3.375919,3.418611,-3.032711,-2.338159,4.909593,4.863617,-5.045737,-5.283821,1.294104,1.244399,0.89113,0.876929,0.183773,0.211512,-0.027738,-0.069345,-0.006933,-0.0208,0.422896,0.395165
22:43.0,-115.879662,43.6581354,8.651567,8.579321,8.04072,8.019375,7.589966,7.82887,8.421626,8.405206,2.190402,2.144427,1.944122,2.134593,3.503994,3.546686,-3.288857,-2.594305,5.017965,4.971989,-5.29203,-5.530114,1.207121,1.157416,0.875153,0.860952,0.149099,0.176838,0.031206,-0.010401,0,-0.013867,0.429829,0.402098
22:44.0,-115.934837,43.67586313,8.664702,8.592456,8.055498,8.034153,7.637583,7.876487,8.459392,8.442972,2.19697,2.150995,1.990098,2.180569,3.536833,3.579525,-3.361103,-2.666551,5.050806,5.00483,-5.360993,-5.599077,1.235523,1.185818,0.876928,0.862727,0.138696,0.166435,0.027738,-0.013869,-0.006933,-0.0208,0.395165,0.367434
22:45.0,-115.971474,43.6876346,8.686049,8.613803,8.083411,8.062066,7.670423,7.909327,8.498799,8.482379,2.239661,2.193686,2.029506,2.219977,3.579525,3.622217,-3.485893,-2.791341,5.093498,5.047522,-5.462794,-5.700878,1.265701,1.215996,0.880479,0.866278,0.17337,0.201109,0.010402,-0.031205,0.0208,0.006933,0.41943,0.391699
22:46.0,-117.042389,44.03171959,8.720531,8.648285,8.117893,8.096548,7.686842,7.925746,8.544774,8.528354,2.293847,2.247872,2.075482,2.265953,3.678044,3.720736,-3.518732,-2.82418,5.172314,5.126338,-5.548176,-5.78626,1.269251,1.219546,0.855627,0.841426,0.124827,0.152566,0.048542,0.006935,0,-0.013867,0.436762,0.409031
22:47.0,-117.99279,44.33708343,8.743518,8.671272,8.140881,8.119536,7.716398,7.955302,8.569404,8.552984,2.311909,2.265934,2.128026,2.318497,3.710884,3.753576,-3.599188,-2.904636,5.224858,5.178882,-5.636841,-5.874925,1.375761,1.326056,0.905331,0.89113,0.166436,0.194175,0.003467,-0.03814,0.0104,-0.003467,0.422896,0.395165
22:48.0,-118.493156,44.49785102,8.776358,8.704112,8.158942,8.137597,7.732818,7.971722,8.608811,8.592391,2.380872,2.334897,2.18057,2.371041,3.819255,3.861947,-3.67636,-2.981808,5.26755,5.221574,-5.735358,-5.973442,1.42369,1.373985,0.926633,0.912432,0.117892,0.145631,0.013869,-0.027738,0.013867,0,0.48529,0.457559
22:49.0,-118.231384,44.41374368,8.781283,8.709037,8.162227,8.140882,7.741027,7.979931,8.64165,8.62523,2.407144,2.361169,2.239682,2.430153,3.921058,3.96375,-3.833989,-3.139437,5.372639,5.326663,-5.847012,-6.085096,1.599431,1.549726,0.926633,0.912432,0.114424,0.142163,0.020804,-0.020803,-0.013867,-0.027734,0.464492,0.436761
22:50.0,-116.143417,43.74287988,8.789494,8.717248,8.178646,8.157301,7.737743,7.976647,8.66628,8.64986,2.499095,2.45312,2.318497,2.508968,4.045849,4.088541,-4.008037,-3.313485,5.43832,5.392344,-5.984936,-6.22302,1.356234,1.306529,0.940834,0.926633,0.10749,0.135229,0.010402,-0.031205,-0.013867,-0.027734,0.436762,0.409031
22:51.0,-116.244064,43.77521776,8.787851,8.715605,8.180288,8.158943,7.757447,7.996351,8.695836,8.679416,2.515514,2.469539,2.351337,2.541808,4.065553,4.108245,-4.049086,-3.354534,5.448172,5.402196,-6.03091,-6.268994,1.601206,1.551501,0.921307,0.907106,0.100555,0.128294,0.072813,0.031206,0.0208,0.006933,0.488757,0.461026
22:52.0,-118.141998,44.38502396,8.802629,8.730383,8.193424,8.172079,7.761552,8.000456,8.735243,8.718823,2.515514,2.469539,2.354621,2.545092,4.068837,4.111529,-4.050728,-3.356176,5.451456,5.40548,-6.067033,-6.305117,1.668662,1.618957,1.004739,0.990538,0.076283,0.104022,0.034673,-0.006934,0.055467,0.0416,0.513021,0.48529
22:53.0,-118.777657,44.58926119,8.823976,8.75173,8.211486,8.190141,7.779614,8.018518,8.759872,8.743452,2.515514,2.469539,2.344769,2.53524,4.068837,4.111529,-4.055654,-3.361102,5.461308,5.415332,-6.076885,-6.314969,1.556827,1.507122,1.036692,1.022491,0.041609,0.069348,0.020804,-0.020803,0.0624,0.048533,0.530353,0.502622
22:54.0,-118.777657,44.58926119,8.85189,8.779644,8.245968,8.224623,7.806706,8.04561,8.797638,8.781218,2.515514,2.469539,2.357905,2.548376,4.072121,4.114813,-4.073715,-3.379163,5.507284,5.461308,-6.12286,-6.360944,1.750319,1.700614,1.01184,0.997639,0.055479,0.083218,0.027738,-0.013869,0.058933,0.045066,0.513021,0.48529
22:55.0,-120.456207,45.12857931,8.886371,8.814125,8.267313,8.245968,7.841187,8.080091,8.830478,8.814058,2.52865,2.482675,2.348053,2.538524,4.134517,4.177209,-4.175517,-3.480965,5.56968,5.523704,-6.195106,-6.43319,1.567478,1.517773,1.024266,1.010065,0.041609,0.069348,0.034673,-0.006934,0.048533,0.034666,0.478358,0.450627
22:56.0,-120.576714,45.16729821,8.930705,8.858459,8.296869,8.275524,7.846114,8.085018,8.85675,8.84033,2.630453,2.584478,2.436721,2.627192,4.167356,4.210048,-4.198504,-3.503952,5.632077,5.586101,-6.2575,-6.495584,1.65091,1.601205,1.02249,1.008289,0.041609,0.069348,0.013869,-0.027738,0.069333,0.055466,0.513021,0.48529
22:57.0,-121.592674,45.49372616,8.96026,8.888014,8.318214,8.296869,7.881416,8.12032,8.871527,8.855107,2.650157,2.604182,2.472845,2.663316,4.233036,4.275728,-4.234628,-3.540076,5.668201,5.622225,-6.283772,-6.521856,1.673987,1.624282,1.029591,1.01539,0.07975,0.107489,0.006935,-0.034672,0.076267,0.0624,0.537286,0.509555
22:58.0,-121.672127,45.51925441,8.994742,8.922496,8.342844,8.321499,7.908508,8.147412,8.886305,8.869885,2.650157,2.604182,2.466277,2.656748,4.26916,4.311852,-4.267467,-3.572915,5.710893,5.664917,-6.33303,-6.571114,1.563928,1.514223,1.045567,1.031366,0.027739,0.055478,0.055477,0.01387,0.0936,0.079733,0.533819,0.506088
22:59.0,-121.733711,45.53904134,9.021014,8.948768,8.3724,8.351055,7.920002,8.158906,8.91586,8.89944,2.650157,2.604182,2.469561,2.660032,4.305284,4.347976,-4.241195,-3.546643,5.740449,5.694473,-6.359301,-6.597385,1.737893,1.688188,1.111248,1.097047,0.041609,0.069348,0.013869,-0.027738,0.138666,0.124799,0.603146,0.575415
23:00.0,-122.773941,45.87326724,9.062064,8.989818,8.395388,8.374043,7.9512,8.190104,8.937206,8.920786,2.673145,2.62717,2.508969,2.69944,4.377531,4.420223,-4.352849,-3.658297,5.799562,5.753586,-6.418412,-6.656496,1.689964,1.640259,1.111248,1.097047,-0.006935,0.020804,0,-0.041607,0.117866,0.103999,0.596213,0.568482
23:01.1,-121.070015,45.32579582,9.112966,9.04072,8.393745,8.3724,7.837904,8.076808,8.933922,8.917502,2.801219,2.755244,2.663317,2.853788,4.466198,4.50889,-4.346281,-3.651729,5.835686,5.78971,-6.395424,-6.633508,1.714816,1.665111,1.114798,1.100597,-0.003467,0.024272,0.024271,-0.017336,0.142133,0.128266,0.644742,0.617011
23:02.1,-100.107735,38.59061526,7.837142,7.764896,7.231225,7.20988,6.998857,7.237761,7.704085,7.687665,2.830775,2.7848,2.630477,2.820948,3.848811,3.891503,-3.748607,-3.054055,5.093498,5.047522,-5.636841,-5.874925,1.610082,1.560377,1.118348,1.104147,0.010402,0.038141,-0.020804,-0.062411,0.1248,0.110933,0.578882,0.551151
23:03.1,-49.874756,22.4507591,7.635999,7.563753,7.042398,7.021053,6.844512,7.083416,7.477493,7.461073,2.814355,2.76838,2.525389,2.71586,3.668192,3.710884,-3.513806,-2.819254,4.945717,4.899741,-5.439806,-5.67789,1.71304,1.663335,1.091721,1.07752,-0.027739,0,-0.006935,-0.048542,0.104,0.090133,0.589281,0.56155
23:04.1,-38.865883,18.91360821,7.538301,7.466055,6.945521,6.924176,6.643372,6.882276,7.377333,7.360913,2.75196,2.705985,2.403881,2.594352,3.533549,3.576241,-3.223178,-2.528626,4.843913,4.797937,-5.206649,-5.444733,1.693514,1.643809,1.121898,1.107697,-0.006935,0.020804,0,-0.041607,0.1248,0.110933,0.630877,0.603146
23:05.1,-38.680923,18.85418056,7.014508,6.942262,6.334707,6.313362,6.092492,6.331396,6.69099,6.67457,2.098451,2.052476,1.871874,2.062345,2.686285,2.728977,-2.523702,-1.82915,4.029477,3.983501,-4.500608,-4.738692,1.539075,1.48937,1.132549,1.118348,0,0.027739,0,-0.041607,0.1664,0.152533,0.623944,0.596213
23:06.1,-19.087299,12.55874917,6.817471,6.745225,6.086769,6.065424,5.852765,6.091669,6.449621,6.433201,1.756919,1.710944,1.638711,1.829182,2.252801,2.295493,-2.22158,-1.527028,3.612407,3.566431,-4.19192,-4.430004,1.750319,1.700614,1.111248,1.097047,-0.01387,0.013869,0.027738,-0.013869,0.149066,0.135199,0.637809,0.610078
23:07.1,-14.693948,11.14716549,6.714025,6.641779,6.027658,6.006313,5.806789,6.045693,6.393794,6.377374,1.671536,1.625561,1.573031,1.763502,2.088602,2.131294,-2.152617,-1.458065,3.438354,3.392378,-4.086835,-4.324919,1.549726,1.500021,1.130774,1.116573,-0.017337,0.010402,0.006935,-0.034672,0.1456,0.131733,0.620478,0.592747
23:08.1,-11.876287,10.24185101,6.695964,6.623718,6.009596,5.988251,5.771487,6.010391,6.379016,6.362596,1.648548,1.602573,1.550043,1.740514,2.059047,2.101739,-2.12142,-1.426868,3.395662,3.349686,-4.080267,-4.318351,1.697064,1.647359,1.150301,1.1361,-0.01387,0.013869,0,-0.041607,0.152533,0.138666,0.672473,0.644742
23:09.1,-11.521155,10.1277471,6.686112,6.613866,6.003028,5.981683,5.760815,5.999719,6.370806,6.354386,1.628844,1.582869,1.536907,1.727378,2.049195,2.091887,-2.126346,-1.431794,3.379242,3.333266,-4.053996,-4.29208,1.936709,1.887004,1.150301,1.1361,-0.003467,0.024272,0.020804,-0.020803,0.159466,0.145599,0.724468,0.696737
23:10.1,-11.315889,10.06179514,6.67626,6.604014,5.998102,5.976757,5.747679,5.986583,6.363417,6.346997,1.622276,1.576301,1.527055,1.717526,2.042627,2.085319,-2.160827,-1.466275,3.372674,3.326698,-4.050712,-4.288796,1.70594,1.656235,1.164502,1.150301,-0.048544,-0.020805,0.010402,-0.031205,0.152533,0.138666,0.682872,0.655141
23:11.1,-11.163595,10.01286307,6.663124,6.590878,5.989892,5.968547,5.731259,5.970163,6.356029,6.339609,1.618992,1.573017,1.523771,1.714242,2.009787,2.052479,-2.11321,-1.418658,3.359538,3.313562,-4.027724,-4.265808,1.871029,1.821324,1.14675,1.132549,-0.010402,0.017337,0.027738,-0.013869,0.152533,0.138666,0.707136,0.679405
23:12.1,-11.062508,9.98038382,6.65984,6.587594,5.980041,5.958696,5.746037,5.984941,6.351103,6.334683,1.618992,1.573017,1.520487,1.710958,2.003219,2.045911,-2.100075,-1.405523,3.356254,3.310278,-4.008021,-4.246105,1.796473,1.746768,1.164502,1.150301,-0.041609,-0.01387,0.006935,-0.034672,0.1664,0.152533,0.707136,0.679405
23:13.1,-12.290792,10.37503147,6.649988,6.577742,5.971831,5.950486,5.72387,5.962774,6.344535,6.328115,1.615708,1.569733,1.520487,1.710958,1.999935,2.042627,-2.096791,-1.402239,3.346402,3.300426,-4.014589,-4.252673,1.824875,1.77517,1.176928,1.162727,-0.048544,-0.020805,0.041607,0,0.1872,0.173333,0.741799,0.714068
23:14.1,-12.662919,10.49459587,6.64342,6.571174,5.966905,5.94556,5.727975,5.966879,6.336325,6.319905,1.602573,1.556598,1.523771,1.714242,1.993367,2.036059,-2.040964,-1.346412,3.346402,3.300426,-4.021157,-4.259241,1.956236,1.906531,1.203555,1.189354,-0.038142,-0.010403,-0.017336,-0.058943,0.1872,0.173333,0.745265,0.717534
23:15.1,-12.799984,10.53863486,6.645062,6.572816,5.965263,5.943918,5.713197,5.952101,6.336325,6.319905,1.592721,1.546746,1.520487,1.710958,1.990083,2.032775,-2.065593,-1.371041,3.338192,3.292216,-3.993243,-4.231327,1.913632,1.863927,1.185804,1.171603,-0.076283,-0.048544,0.020804,-0.020803,0.194133,0.180266,0.755664,0.727933
23:16.1,-12.936828,10.58260284,6.64342,6.571174,5.963621,5.942276,5.739469,5.978373,6.329757,6.313337,1.586153,1.540178,1.510635,1.701106,1.990083,2.032775,-2.067235,-1.372683,3.33655,3.290574,-4.011305,-4.249389,2.052094,2.002389,1.260359,1.246158,-0.069348,-0.041609,0.034673,-0.006934,0.256533,0.242666,0.845789,0.818058
23:17.1,-12.994434,10.60111164,6.645062,6.572816,5.960337,5.938992,5.721407,5.960311,6.328115,6.311695,1.579585,1.53361,1.510635,1.701106,1.990083,2.032775,-2.073803,-1.379251,3.333266,3.28729,-4.001453,-4.239537,2.00949,1.959785,1.304738,1.290537,-0.09362,-0.065881,-0.006935,-0.048542,0.277332,0.263465,0.876986,0.849255
23:18.1,-13.134148,10.64600175,6.645062,6.572816,5.957053,5.935708,5.704167,5.943071,6.324831,6.308411,1.576301,1.530326,1.517203,1.707674,1.990083,2.032775,-2.085297,-1.390745,3.33655,3.290574,-3.991601,-4.229685,2.12665,2.076945,1.306513,1.292312,-0.072816,-0.045077,0.034673,-0.006934,0.263466,0.249599,0.90125,0.873519
23:19.1,-13.232367,10.67755952,6.641778,6.569532,5.955411,5.934066,5.710734,5.949638,6.321547,6.305127,1.573017,1.527042,1.513919,1.70439,1.986799,2.029491,-2.068877,-1.374325,3.33655,3.290574,-3.962046,-4.20013,2.037893,1.988188,1.310063,1.295862,-0.09362,-0.065881,0.010402,-0.031205,0.277332,0.263465,0.842322,0.814591
23:20.1,-13.275847,10.69152964,6.635211,6.562965,5.953769,5.932424,5.713197,5.952101,6.323189,6.306769,1.569733,1.523758,1.510635,1.701106,1.983515,2.026207,-2.093507,-1.398955,3.333266,3.28729,-3.998169,-4.236253,2.044993,1.995288,1.345566,1.331365,-0.076283,-0.048544,0.020804,-0.020803,0.291199,0.277332,0.894317,0.866586
23:21.1,-13.37539,10.72351281,6.631927,6.559681,5.948843,5.927498,5.696778,5.935682,6.321547,6.305127,1.566449,1.520474,1.513919,1.70439,1.976947,2.019639,-2.075445,-1.380893,3.326698,3.280722,-3.988317,-4.226401,2.222507,2.172802,1.345566,1.331365,-0.076283,-0.048544,0.013869,-0.027738,0.305066,0.291199,0.90125,0.873519
23:22.1,-13.442046,10.74492938,6.633568,6.561322,5.945559,5.924214,5.69842,5.937324,6.318263,6.301843,1.566449,1.520474,1.517203,1.707674,1.976947,2.019639,-2.100075,-1.405523,3.32013,3.274154,-3.975182,-4.213266,1.997064,1.947359,1.345566,1.331365,-0.090153,-0.062414,0.013869,-0.027738,0.287732,0.273865,0.866587,0.838856
23:23.1,-13.481113,10.75748161,6.631927,6.559681,5.943917,5.922572,5.70745,5.946354,6.318263,6.301843,1.563165,1.51719,1.504067,1.694538,1.973663,2.016355,-2.080371,-1.385819,3.313562,3.267586,-3.988317,-4.226401,2.19233,2.142625,1.343791,1.32959,-0.055479,-0.02774,0.013869,-0.027738,0.305066,0.291199,0.894317,0.866586
23:24.1,-13.530774,10.77343769,6.631927,6.559681,5.942275,5.92093,5.704988,5.943892,6.316621,6.300201,1.566449,1.520474,1.504067,1.694538,1.967095,2.009787,-2.016335,-1.321783,3.310278,3.264302,-3.983392,-4.221476,2.037893,1.988188,1.359767,1.345566,-0.083218,-0.055479,0.020804,-0.020803,0.305066,0.291199,0.880452,0.852721
23:25.2,-13.606921,10.79790372,6.631927,6.559681,5.940633,5.919288,5.691852,5.930756,6.31498,6.29856,1.559881,1.513906,1.510635,1.701106,1.967095,2.009787,-2.119778,-1.425226,3.306994,3.261018,-3.971898,-4.209982,2.036117,1.986412,1.462725,1.448524,-0.100555,-0.072816,0.006935,-0.034672,0.405598,0.391731,1.008705,0.980974
23:26.2,-13.660114,10.81499463,6.631927,6.559681,5.937349,5.916004,5.701704,5.940608,6.313337,6.296917,1.553313,1.507338,1.510635,1.701106,1.963811,2.006503,-2.040964,-1.346412,3.306994,3.261018,-3.971898,-4.209982,2.211856,2.162151,1.46095,1.446749,-0.072816,-0.045077,-0.006935,-0.048542,0.415998,0.402131,1.029503,1.001772
23:27.2,-13.702271,10.82853967,6.631927,6.559681,5.937349,5.916004,5.703346,5.94225,6.313337,6.296917,1.553313,1.507338,1.500783,1.691254,1.963811,2.006503,-2.03768,-1.343128,3.306994,3.261018,-3.971898,-4.209982,1.95091,1.901205,1.466275,1.452074,-0.097088,-0.069349,0.034673,-0.006934,0.422931,0.409064,1.03297,1.005239
23:28.2,-13.733392,10.83853885,6.633568,6.561322,5.935707,5.914362,5.683642,5.922546,6.312516,6.296096,1.550029,1.504054,1.500783,1.691254,1.963811,2.006503,-2.073803,-1.379251,3.306994,3.261018,-3.96533,-4.203414,2.115999,2.066294,1.473376,1.459175,-0.069348,-0.041609,-0.013869,-0.055476,0.436798,0.422931,1.046835,1.019104
23:29.2,-13.769368,10.85009794,6.631927,6.559681,5.935707,5.914362,5.701704,5.940608,6.310053,6.293633,1.550029,1.504054,1.497499,1.68797,1.967095,2.009787,-2.0541,-1.359548,3.30371,3.257734,-3.975182,-4.213266,2.183454,2.133749,1.514204,1.500003,-0.052011,-0.024272,0,-0.041607,0.485331,0.471464,1.102296,1.074565
23:30.2,-13.794088,10.85804047,6.631927,6.559681,5.935707,5.914362,5.700062,5.938966,6.310053,6.293633,1.546745,1.50077,1.494215,1.684686,1.963811,2.006503,-2.077087,-1.382535,3.297142,3.251166,-3.971898,-4.209982,2.13375,2.084045,1.505328,1.491127,-0.104022,-0.076283,0.006935,-0.034672,0.488798,0.474931,1.091897,1.064166
23:31.2,-13.839335,10.87257834,6.627001,6.554755,5.932423,5.911078,5.712377,5.951281,6.308412,6.291992,1.548387,1.502412,1.497499,1.68797,1.963811,2.006503,-2.073803,-1.379251,3.297142,3.251166,-3.962046,-4.20013,2.055644,2.005939,1.501778,1.487577,-0.086685,-0.058946,-0.017336,-0.058943,0.474931,0.461064,1.078032,1.050301
23:32.2,-13.854123,10.87732972,6.622075,6.549829,5.930781,5.909436,5.693494,5.932398,6.308412,6.291992,1.546745,1.50077,1.500783,1.691254,1.963811,2.006503,-2.078729,-1.384177,3.297142,3.251166,-3.975182,-4.213266,2.172803,2.123098,1.540831,1.52663,-0.083218,-0.055479,0.006935,-0.034672,0.485331,0.471464,1.143891,1.11616
23:33.2,-13.892307,10.88959824,6.618791,6.546545,5.929139,5.907794,5.692673,5.931577,6.306769,6.290349,1.546745,1.50077,1.490931,1.681402,1.963811,2.006503,-2.026186,-1.331634,3.297142,3.251166,-3.971898,-4.209982,2.288187,2.238482,1.617161,1.60296,-0.086685,-0.058946,-0.013869,-0.055476,0.530397,0.51653,1.240948,1.213217
23:34.2,-13.913496,10.89640626,6.620433,6.548187,5.930781,5.909436,5.686105,5.925009,6.305949,6.289529,1.548387,1.502412,1.490931,1.681402,1.963811,2.006503,-2.03768,-1.343128,3.293858,3.247882,-3.952194,-4.190278,2.162152,2.112447,1.618936,1.604735,-0.07975,-0.052011,-0.027738,-0.069345,0.523464,0.509597,1.206285,1.178554
23:35.2,-13.929387,10.90151204,6.620433,6.548187,5.929139,5.907794,5.69021,5.929114,6.305128,6.288708,1.546745,1.50077,1.497499,1.68797,1.963811,2.006503,-2.014693,-1.320141,3.293858,3.247882,-3.968614,-4.206698,2.304163,2.254458,1.622487,1.608286,-0.058946,-0.031207,0.020804,-0.020803,0.513064,0.499197,1.234015,1.206284
23:36.2,-13.944838,10.90647645,6.622075,6.549829,5.927497,5.906152,5.677074,5.915978,6.301844,6.285424,1.546745,1.50077,1.490931,1.681402,1.957243,1.999935,-2.017977,-1.323425,3.293858,3.247882,-3.962046,-4.20013,2.26511,2.215405,1.618936,1.604735,-0.069348,-0.041609,0.020804,-0.020803,0.554664,0.540797,1.22015,1.192419
23:37.2,-13.960508,10.91151122,6.622075,6.549829,5.927497,5.906152,5.700883,5.939787,6.301844,6.285424,1.546745,1.50077,1.497499,1.68797,1.953959,1.996651,-2.044248,-1.349696,3.290574,3.244598,-3.95712,-4.195204,2.19943,2.149725,1.686391,1.67219,-0.083218,-0.055479,-0.003467,-0.045074,0.544264,0.530397,1.261745,1.234014
23:38.2,-13.982359,10.91853195,6.620433,6.548187,5.924213,5.902868,5.688568,5.927472,6.300201,6.283781,1.546745,1.50077,1.490931,1.681402,1.950675,1.993367,-2.031112,-1.33656,3.297142,3.251166,-3.958762,-4.196846,2.487002,2.437297,1.727219,1.713018,-0.076283,-0.048544,0.03814,-0.003467,0.554664,0.540797,1.310274,1.282543
23:39.2,-13.987877,10.92030488,6.622075,6.549829,5.925855,5.90451,5.682,5.920904,6.29856,6.28214,1.546745,1.50077,1.494215,1.684686,1.950675,1.993367,-1.985137,-1.290585,3.290574,3.244598,-3.955478,-4.193562,2.297063,2.247358,1.732545,1.718344,-0.097088,-0.069349,-0.010402,-0.052009,0.565063,0.551196,1.296408,1.268677
23:40.2,-13.99472,10.92250354,6.622075,6.549829,5.924213,5.902868,5.675432,5.914336,6.296918,6.280498,1.546745,1.50077,1.487647,1.678118,1.950675,1.993367,-2.083655,-1.389103,3.293858,3.247882,-3.962046,-4.20013,2.382269,2.332564,1.721894,1.707693,-0.104022,-0.076283,0.013869,-0.027738,0.56853,0.554663,1.317206,1.289475
23:41.2,-14.015688,10.92924055,6.621253,6.549007,5.925855,5.90451,5.679537,5.918441,6.296918,6.280498,1.543461,1.497486,1.494215,1.684686,1.950675,1.993367,-2.019619,-1.325067,3.290574,3.244598,-3.962046,-4.20013,2.549132,2.499427,1.746745,1.732544,-0.090153,-0.062414,0.041607,0,0.61013,0.596263,1.317206,1.289475
23:42.2,-14.024958,10.93221901,6.622075,6.549829,5.922571,5.901226,5.67379,5.912694,6.295276,6.278856,1.546745,1.50077,1.497499,1.68797,1.950675,1.993367,-2.0541,-1.359548,3.293858,3.247882,-3.94891,-4.186994,2.405346,2.355641,1.771597,1.757396,-0.10749,-0.079751,0.017336,-0.024271,0.540797,0.52693,1.296408,1.268677
23:43.3,-14.027606,10.93306981,6.622075,6.549829,5.924213,5.902868,5.695136,5.93404,6.296918,6.280498,1.543461,1.497486,1.502425,1.692896,1.950675,1.993367,-2.008125,-1.313573,3.293858,3.247882,-3.94891,-4.186994,2.517179,2.467474,1.752071,1.73787,-0.07975,-0.052011,0.013869,-0.027738,0.571997,0.55813,1.254813,1.227082
23:44.3,-14.031137,10.93420432,6.622075,6.549829,5.922571,5.901226,5.683642,5.922546,6.296918,6.280498,1.543461,1.497486,1.490931,1.681402,1.950675,1.993367,-2.080371,-1.385819,3.293858,3.247882,-3.962046,-4.20013,2.442624,2.392919,1.768047,1.753846,-0.097088,-0.069349,0.013869,-0.027738,0.554664,0.540797,1.282543,1.254812
23:45.3,-14.039083,10.93675737,6.622075,6.549829,5.924213,5.902868,5.683642,5.922546,6.296918,6.280498,1.546745,1.50077,1.494215,1.684686,1.950675,1.993367,-2.047532,-1.35298,3.293858,3.247882,-3.955478,-4.193562,2.410671,2.360966,1.768047,1.753846,-0.110957,-0.083218,0.048542,0.006935,0.526931,0.513064,1.24788,1.220149
23:46.3,-14.046146,10.93902671,6.622075,6.549829,5.920929,5.899584,5.685284,5.924188,6.296918,6.280498,1.543461,1.497486,1.490931,1.681402,1.950675,1.993367,-2.001557,-1.307005,3.293858,3.247882,-3.94891,-4.186994,2.45505,2.405345,1.821301,1.8071,-0.069348,-0.041609,0.027738,-0.013869,0.561597,0.54773,1.268678,1.240947
23:47.3,-14.042173,10.93775018,6.622075,6.549829,5.920929,5.899584,5.682,5.920904,6.295276,6.278856,1.546745,1.50077,1.497499,1.68797,1.950675,1.993367,-2.100075,-1.405523,3.28729,3.241314,-3.939059,-4.177143,2.442624,2.392919,1.871004,1.856803,-0.110957,-0.083218,0.048542,0.006935,0.540797,0.52693,1.310274,1.282543
23:48.3,-14.048353,10.93973582,6.622075,6.549829,5.920929,5.899584,5.689389,5.928293,6.293634,6.277214,1.546745,1.50077,1.497499,1.68797,1.950675,1.993367,-2.013051,-1.318499,3.290574,3.244598,-3.955478,-4.193562,2.467476,2.417771,1.871004,1.856803,-0.097088,-0.069349,0.020804,-0.020803,0.55813,0.544263,1.261745,1.234014
23:49.3,-14.053651,10.94143807,6.622075,6.549829,5.919288,5.897943,5.685284,5.924188,6.288708,6.272288,1.543461,1.497486,1.490931,1.681402,1.950675,1.993367,-2.063951,-1.369399,3.290574,3.244598,-3.955478,-4.193562,2.297063,2.247358,1.878105,1.863904,-0.097088,-0.069349,0,-0.041607,0.56853,0.554663,1.268678,1.240947
23:50.3,-14.055416,10.94200516,6.622075,6.549829,5.919288,5.897943,5.685284,5.924188,6.287066,6.270646,1.546745,1.50077,1.494215,1.684686,1.950675,1.993367,-2.049174,-1.354622,3.290574,3.244598,-3.94891,-4.186994,2.488777,2.439072,1.878105,1.863904,-0.104022,-0.076283,0.048542,0.006935,0.575463,0.561596,1.296408,1.268677
23:51.3,-14.055416,10.94200516,6.620433,6.548187,5.919288,5.897943,5.676253,5.915157,6.283782,6.267362,1.546745,1.50077,1.487647,1.678118,1.950675,1.993367,-2.096791,-1.402239,3.290574,3.244598,-3.962046,-4.20013,2.284637,2.234932,1.906507,1.892306,-0.097088,-0.069349,-0.013869,-0.055476,0.540797,0.52693,1.268678,1.240947
23:52.3,-14.057844,10.94278528,6.620433,6.548187,5.917645,5.8963,5.695136,5.93404,6.285424,6.269004,1.546745,1.50077,1.490931,1.681402,1.950675,1.993367,-2.052458,-1.357906,3.290574,3.244598,-3.962046,-4.20013,2.440849,2.391144,1.938459,1.924258,-0.110957,-0.083218,0.020804,-0.020803,0.554664,0.540797,1.331071,1.30334
23:53.3,-14.049458,10.94009086,6.620433,6.548187,5.917645,5.8963,5.685284,5.924188,6.283782,6.267362,1.550029,1.504054,1.500783,1.691254,1.950675,1.993367,-2.047532,-1.35298,3.290574,3.244598,-3.942343,-4.180427,2.504754,2.455049,1.929583,1.915382,-0.110957,-0.083218,0.020804,-0.020803,0.55813,0.544263,1.358801,1.33107
23:54.3,-14.057844,10.94278528,6.622075,6.549829,5.917645,5.8963,5.680358,5.919262,6.283782,6.267362,1.546745,1.50077,1.497499,1.68797,1.950675,1.993367,-2.067235,-1.372683,3.290574,3.244598,-3.952194,-4.190278,2.298838,2.249133,1.947334,1.933133,-0.117892,-0.090153,0,-0.041607,0.54773,0.533863,1.317206,1.289475
23:55.3,-14.062479,10.9442745,6.622075,6.549829,5.917645,5.8963,5.670506,5.90941,6.283782,6.267362,1.546745,1.50077,1.497499,1.68797,1.950675,1.993367,-1.998273,-1.303721,3.290574,3.244598,-3.942343,-4.180427,2.630788,2.581083,1.943784,1.929583,-0.097088,-0.069349,0.017336,-0.024271,0.55813,0.544263,1.372667,1.344936
23:56.3,-14.050781,10.94051594,6.622075,6.549829,5.917645,5.8963,5.668864,5.907768,6.283782,6.267362,1.546745,1.50077,1.490931,1.681402,1.950675,1.993367,-2.014693,-1.320141,3.290574,3.244598,-3.952194,-4.190278,2.449724,2.400019,2.004138,1.989937,-0.104022,-0.076283,0.017336,-0.024271,0.561597,0.54773,1.386532,1.358801
23:57.3,-14.053871,10.94150875,6.623717,6.551471,5.917645,5.8963,5.685284,5.924188,6.283782,6.267362,1.546745,1.50077,1.500783,1.691254,1.950675,1.993367,-2.02126,-1.326708,3.290574,3.244598,-3.942343,-4.180427,2.424873,2.375168,2.014789,2.000588,-0.083218,-0.055479,0.006935,-0.034672,0.57893,0.565063,1.383065,1.355334
23:58.3,-14.042173,10.93775018,6.620433,6.548187,5.917645,5.8963,5.685284,5.924188,6.283782,6.267362,1.546745,1.50077,1.494215,1.684686,1.950675,1.993367,-1.988421,-1.293869,3.293858,3.247882,-3.958762,-4.196846,2.595285,2.54558,1.997038,1.982837,-0.097088,-0.069349,-0.006935,-0.048542,0.54773,0.533863,1.372667,1.344936
23:59.3,-14.045485,10.93881433,6.622075,6.549829,5.917645,5.8963,5.678716,5.91762,6.285424,6.269004,1.546745,1.50077,1.497499,1.68797,1.953959,1.996651,-2.044248,-1.349696,3.28729,3.241314,-3.952194,-4.190278,2.487002,2.437297,2.013014,1.998813,-0.128294,-0.100555,-0.006935,-0.048542,0.54773,0.533863,1.372667,1.344936
24:00.3,-14.038863,10.93668668,6.620433,6.548187,5.919288,5.897943,5.696778,5.935682,6.283782,6.267362,1.546745,1.50077,1.494215,1.684686,1.950675,1.993367,-2.044248,-1.349696,3.28729,3.241314,-3.952194,-4.190278,2.607711,2.558006,2.094669,2.080468,-0.156034,-0.128295,0,-0.041607,0.582397,0.56853,1.393464,1.365733
24:01.3,-14.022309,10.93136788,6.620433,6.548187,5.917645,5.8963,5.672148,5.911052,6.283782,6.267362,1.546745,1.50077,1.497499,1.68797,1.950675,1.993367,-1.988421,-1.293869,3.290574,3.244598,-3.958762,-4.196846,2.703568,2.653863,2.144372,2.130171,-0.162968,-0.135229,-0.024271,-0.065878,0.592797,0.57893,1.386532,1.358801
24:02.3,-14.020323,10.93072978,6.622075,6.549829,5.917645,5.8963,5.675432,5.914336,6.283782,6.267362,1.546745,1.50077,1.499141,1.689612,1.950675,1.993367,-2.078729,-1.384177,3.290574,3.244598,-3.942343,-4.180427,2.694692,2.644987,2.155023,2.140822,-0.18724,-0.159501,0.013869,-0.027738,0.55813,0.544263,1.407329,1.379598
24:03.3,-14.018778,10.93023337,6.622075,6.549829,5.917645,5.8963,5.685284,5.924188,6.283782,6.267362,1.546745,1.50077,1.497499,1.68797,1.950675,1.993367,-2.006483,-1.311931,3.28729,3.241314,-3.955478,-4.193562,2.673391,2.623686,2.176324,2.162123,-0.166436,-0.138697,-0.027738,-0.069345,0.571997,0.55813,1.355335,1.327604
24:04.3,-14.009066,10.92711291,6.620433,6.548187,5.916004,5.894659,5.672148,5.911052,6.285424,6.269004,1.546745,1.50077,1.487647,1.678118,1.950675,1.993367,-2.055742,-1.36119,3.288932,3.242956,-3.942343,-4.180427,2.751496,2.701791,2.224252,2.210051,-0.176838,-0.149099,0,-0.041607,0.575463,0.561596,1.355335,1.327604
24:05.3,-14.001562,10.92470187,6.620433,6.548187,5.916004,5.894659,5.693494,5.932398,6.283782,6.267362,1.546745,1.50077,1.490931,1.681402,1.947392,1.990084,-1.994989,-1.300437,3.290574,3.244598,-3.952194,-4.190278,2.87043,2.820725,2.284606,2.270405,-0.173371,-0.145632,0.013869,-0.027738,0.551197,0.53733,1.331071,1.30334
24:06.3,-13.99472,10.92250354,6.622075,6.549829,5.916004,5.894659,5.683642,5.922546,6.283782,6.267362,1.546745,1.50077,1.500783,1.691254,1.950675,1.993367,-2.034396,-1.339844,3.28729,3.241314,-3.945626,-4.18371,2.755047,2.705342,2.289932,2.275731,-0.18724,-0.159501,-0.072813,-0.11442,0.544264,0.530397,1.251347,1.223616
24:07.3,-14.002444,10.92498526,6.621253,6.549007,5.914361,5.893016,5.679537,5.918441,6.283782,6.267362,1.543461,1.497486,1.499141,1.689612,1.950675,1.993367,-2.032754,-1.338202,3.293858,3.247882,-3.955478,-4.193562,2.929008,2.879303,2.288157,2.273956,-0.180306,-0.152567,0.024271,-0.017336,0.565063,0.551196,1.344936,1.317205
24:08.3,-13.981256,10.91817755,6.620433,6.548187,5.914361,5.893016,5.691852,5.930756,6.283782,6.267362,1.546745,1.50077,1.487647,1.678118,1.950675,1.993367,-2.0541,-1.359548,3.290574,3.244598,-3.955478,-4.193562,2.882855,2.83315,2.399988,2.385787,-0.159501,-0.131762,-0.017336,-0.058943,0.551197,0.53733,1.275611,1.24788
24:09.3,-13.966026,10.91328415,6.622075,6.549829,5.916004,5.894659,5.685284,5.924188,6.283782,6.267362,1.545103,1.499128,1.497499,1.68797,1.950675,1.993367,-2.016335,-1.321783,3.290574,3.244598,-3.942343,-4.180427,2.73197,2.682265,2.42129,2.407089,-0.183773,-0.156034,-0.020804,-0.062411,0.533864,0.519997,1.227082,1.199351
24:10.3,-13.967793,10.91385189,6.620433,6.548187,5.916004,5.894659,5.677074,5.915978,6.285424,6.269004,1.546745,1.50077,1.490931,1.681402,1.950675,1.993367,-2.034396,-1.339844,3.293858,3.247882,-3.942343,-4.180427,3.001788,2.952083,2.42839,2.414189,-0.152566,-0.124827,-0.017336,-0.058943,0.533864,0.519997,1.265212,1.237481
24:11.3,-13.957198,10.91044772,6.622075,6.549829,5.916004,5.894659,5.666401,5.905305,6.285424,6.269004,1.543461,1.497486,1.497499,1.68797,1.950675,1.993367,-2.014693,-1.320141,3.290574,3.244598,-3.943985,-4.182069,2.724869,2.675164,2.42839,2.414189,-0.152566,-0.124827,0.006935,-0.034672,0.554664,0.540797,1.22015,1.192419
24:12.3,-13.946383,10.90697286,6.622075,6.549829,5.916004,5.894659,5.677074,5.915978,6.283782,6.267362,1.543461,1.497486,1.494215,1.684686,1.950675,1.993367,-1.996631,-1.302079,3.290574,3.244598,-3.958762,-4.196846,2.778123,2.728418,2.42839,2.414189,-0.159501,-0.131762,0.010402,-0.031205,0.54773,0.533863,1.227082,1.199351
24:13.3,-13.942851,10.90583803,6.620433,6.548187,5.916004,5.894659,5.675432,5.914336,6.28214,6.26572,1.543461,1.497486,1.490931,1.681402,1.950675,1.993367,-2.017977,-1.323425,3.290574,3.244598,-3.952194,-4.190278,2.998238,2.948533,2.481643,2.467442,-0.10749,-0.079751,-0.006935,-0.048542,0.530397,0.51653,1.237481,1.20975
24:14.3,-13.92409,10.89981012,6.622075,6.549829,5.916004,5.894659,5.682821,5.921725,6.283782,6.267362,1.543461,1.497486,1.490931,1.681402,1.950675,1.993367,-1.973643,-1.279091,3.290574,3.244598,-3.962046,-4.20013,2.747946,2.698241,2.502944,2.488743,-0.159501,-0.131762,0.006935,-0.034672,0.516531,0.502664,1.22015,1.192419
24:15.3,-13.920339,10.89860492,6.620433,6.548187,5.916004,5.894659,5.685284,5.924188,6.283782,6.267362,1.543461,1.497486,1.490931,1.681402,1.950675,1.993367,-2.016335,-1.321783,3.290574,3.244598,-3.958762,-4.196846,2.94676,2.897055,2.497619,2.483418,-0.142164,-0.114425,-0.027738,-0.069345,0.544264,0.530397,1.216684,1.188953
24:16.3,-13.906433,10.89413692,6.622075,6.549829,5.916004,5.894659,5.682,5.920904,6.283782,6.267362,1.541819,1.495844,1.487647,1.678118,1.950675,1.993367,-2.057384,-1.362832,3.290574,3.244598,-3.962046,-4.20013,2.822501,2.772796,2.499394,2.485193,-0.145631,-0.117892,-0.020804,-0.062411,0.526931,0.513064,1.22015,1.192419
24:17.3,-13.903343,10.89314411,6.622075,6.549829,5.916004,5.894659,5.686926,5.92583,6.283782,6.267362,1.543461,1.497486,1.497499,1.68797,1.950675,1.993367,-1.92931,-1.234758,3.290574,3.244598,-3.942343,-4.180427,2.863329,2.813624,2.502944,2.488743,-0.152566,-0.124827,-0.017336,-0.058943,0.526931,0.513064,1.213217,1.185486
24:18.4,-13.888114,10.88825103,6.622075,6.549829,5.916004,5.894659,5.680358,5.919262,6.283782,6.267362,1.543461,1.497486,1.494215,1.684686,1.950675,1.993367,-2.0541,-1.359548,3.290574,3.244598,-3.942343,-4.180427,2.95386,2.904155,2.545547,2.531346,-0.110957,-0.083218,-0.041607,-0.083214,0.519997,0.50613,1.199352,1.171621
