Time in Minutes,Load in kN,O-Stud2-Axial,Stud2-Axial,O-Stud3-Axial,O-Stud3-Axial,Stud3-Axial,O-Stud4-Axial,O-Stud4-Axial,Stud4-Axial,O-Stud5-Axial,Stud5-Axial,O-Stud3-Bottom,Stud3-Bottom,O-Stud4-Bottom,Stud4-Bottom,O-Stud4-Mid,Stud4-Mid,O-Stud3-Mid,Stud3-Mid,Pb1-Mid-Right,Pb1-Pb2-Mid-Right,Pb2-Mid-Right,Pb3-Mid-Right,Pb3-Pb4-Mid-Right,Pb4-Mid-Right,Pb1-Mid-Top,Pb1-Pb2-Mid-Top,Pb2-Mid-Top,Pb3-Mid-Top,Pb3-Pb4-Mid-Top,Pb4-Mid-Top,Pb1-Mid-Mid,Pb1-Pb2-Mid-Mid,Pb2-Mid-Mid,Pb3-Mid-Mid,Pb3-Pb4-Mid-Mid,Pb4-Mid-Mid,Pb1-Mid-Bottom,Pb1-Pb2-Mid-Bottom,Pb2-Mid-Bottom,Pb3-Mid-Bottom,Pb3-Pb4-Mid-Bottom,Pb4-Mid-Bottom,Pb1-Mid-Left,Pb1-Pb2-Mid-Left,Pb2-Mid-Left,Pb3-Mid-Left,Pb3-Pb4-Mid-Left,Pb4-Mid-Left,Stud5-Top-HF,Stud5-Top-CF,Stud5-Mid-HF,Stud5-Mid-CF,Stud5-Bottom-HF,Stud5-Bottom-CF,Stud4-Top-HF,Stud4-Top-CF,Stud4-Mid-HF,Stud4-Mid-CF,Stud4-Bottom-HF,Stud4-Bottom-CF,Stud3-Top-HF,Stud3-Top-CF,Stud3-Mid-HF,Stud3-Mid-CF,Stud3-Bottom-HF,Stud3-Bottom-CF,Stud2-Mid-HF,Stud2-Mid-CF,Average-Pb1,Average-Pb1-Pb2,Average-Pb2,Average-Pb3,Average-Pb3-Pb4,Average-Pb4
0,15.56,-8.49,0,-8.29,0,0,-7.45,0,0,-7.1,0,0,0,0,0,0,0,0,0,2293.7,19.17,19.18,19.48,19.6,19.62,19.4,19.53,19.22,19.17,19.41,19.61,23.67,19.33,20.13,19.97,19.98,20.37,19.79,19.52,19.34,20.14,20.01,19.99,33.09,19.09,19.36,19.37,19.92,19.8,19.924707,19.675383,19.446865,20.42552,19.158724,19.730999,19.31,19.09,19.29,19.19,19.11,19.54,19.86,19.59,19.44,19.78,19.57,19.51,19.95,19.51,28.38,19.28,19.45,19.63,19.92,19.9
1.01,15.52,-8.48,0.01,-8.31,-0.02,0.02,-7.47,-0.02,0.02,-7.13,-0.03,-0.17,-0.17,-0.17,-0.17,-0.39,-0.39,-0.35,-0.35,2293.71,19.31,19.17,19.47,19.58,19.59,19.39,19.53,19.23,19.27,19.39,19.59,378.7,19.35,20.11,19.97,19.95,20.35,20.18,19.55,19.32,20.13,20.02,19.94,191.66,19.16,19.35,19.34,19.97,19.81,19.932354,19.673992,19.433653,20.390549,19.15432,19.730072,19.3,19.08,19.27,19.15,19.12,19.56,19.81,19.59,19.44,19.78,19.54,19.51,19.92,19.5,285.18,19.34,19.44,19.64,19.97,19.87
2.02,15.51,-8.54,-0.05,-8.31,-0.02,0.02,-7.47,-0.02,0.02,-7.15,-0.05,-0.48,-0.48,-0.36,-0.36,-0.71,-0.71,-0.79,-0.79,2293.71,20.98,19.17,19.47,19.58,19.58,19.39,19.56,20.93,22.08,19.38,19.58,485.01,20.52,20.12,20,19.94,20.35,20.25,20.44,19.32,20.11,20,19.93,391.18,21.04,19.39,19.34,19.94,19.79,19.954132,19.665417,19.430872,20.393097,19.145277,19.711302,19.33,19.08,19.26,19.14,19.14,19.56,19.82,19.6,19.42,19.77,19.55,19.51,19.88,19.51,438.1,20.74,19.78,20.2,19.94,19.86
3.04,15.56,-8.54,-0.05,-8.31,-0.02,0.02,-7.47,-0.02,0.02,-7.15,-0.05,-0.16,-0.16,-0.54,-0.54,-0.91,-0.91,-0.99,-0.99,2293.71,31.63,19.19,19.57,19.58,19.6,19.43,19.65,23.66,21.05,19.38,19.59,500.26,29.62,20.15,20.64,19.93,20.37,20.3,26.85,19.34,20.12,19.99,19.94,483.02,29.42,19.49,19.48,19.91,19.75,20.076456,19.702263,19.48905,20.358124,19.222477,19.709448,19.42,19.08,19.26,19.13,19.26,19.53,19.81,19.59,19.48,19.78,19.62,19.5,19.81,19.5,491.64,29.38,20.37,20.17,19.91,19.87
4.05,15.39,-8.52,-0.03,-8.29,0,0,-7.42,0.03,-0.03,-7.13,-0.03,-0.29,-0.29,-0.67,-0.67,-1.15,-1.15,-1.18,-1.18,2293.71,50.24,19.38,19.52,19.57,19.6,19.63,19.78,27.25,22.66,19.36,19.58,539.22,47.78,20.31,20.97,19.92,20.38,20.32,39.8,19.47,20.12,19.97,19.93,523.74,45.82,19.69,19.44,19.87,19.71,20.386612,19.74073,19.69902,20.333111,19.424614,19.704117,19.72,19.08,19.25,19.12,19.58,19.52,19.8,19.6,19.73,19.76,19.84,19.49,19.49,19.52,531.48,45.91,21.22,20.54,19.87,19.87
5.06,15.42,-8.53,-0.04,-8.29,0,0,-7.41,0.04,-0.04,-7.13,-0.03,-0.4,-0.4,-0.81,-0.81,-1.41,-1.41,-1.39,-1.39,811.86,65.07,20.33,19.78,19.57,19.6,20.46,19.89,33.55,24.97,19.39,19.57,605.69,61.6,21.1,20.96,19.91,20.36,20.39,54.01,20.02,20.17,19.95,19.9,545.62,63.59,20.35,19.54,19.87,19.71,21.229336,19.859138,20.395876,20.279606,20.041243,19.728218,20.62,19.12,19.28,19.13,20.3,19.52,19.8,19.66,20.64,19.82,20.47,19.49,18.53,19.56,575.65,61.07,23.07,21.08,19.87,19.86
6.07,15.42,-8.51,-0.02,-8.3,-0.01,0.01,-7.41,0.04,-0.04,-7.14,-0.04,-0.51,-0.51,-0.86,-0.86,-1.48,-1.48,-1.59,-1.59,964.33,71.51,22.78,20.28,19.58,19.6,22.71,19.95,42.52,28.71,19.39,19.57,588.44,68.78,23.37,21.07,19.91,20.38,20.42,62.97,21.51,20.35,19.95,19.91,566.61,71.93,22.18,19.89,19.86,19.74,23.107727,20.086649,21.870693,20.195061,21.267059,19.798429,22.58,19.27,19.38,19.12,21.68,19.6,19.81,19.85,22.35,19.95,21.67,19.57,16.44,19.74,577.53,68.8,26.47,22.06,19.86,19.86
7.08,15.5,-8.51,-0.02,-8.32,-0.03,0.03,-7.41,0.04,-0.04,-7.12,-0.02,-0.66,-0.66,-0.9,-0.9,-1.56,-1.56,-1.77,-1.77,1583.01,74.91,27.12,21.32,19.56,19.59,26.8,19.97,52.02,28.63,19.38,19.57,605.73,72.16,26.9,21.91,19.89,20.39,20.43,67.52,24.66,20.85,19.93,19.91,578.83,75.95,25.91,20.68,19.87,19.74,26.288845,20.546173,24.222219,19.957376,23.210079,19.944633,25.66,19.61,19.62,19.11,23.78,19.72,19.8,20.34,24.93,20.3,23.49,19.76,12.98,20.19,592.28,72.63,31.32,22.68,19.87,19.86
8.1,14.37,-8.3,0.19,-8.18,0.11,-0.11,-7.23,0.22,-0.22,-6.86,0.24,-0.77,-0.77,-1.02,-1.02,-1.71,-1.71,-1.89,-1.89,2293.71,77.32,32.83,22.81,19.58,19.61,32.11,19.98,58.58,34.53,19.39,19.63,620.25,74.87,32.02,23.36,19.89,20.4,20.45,70.85,28.44,21.63,19.92,19.91,613.97,80.5,31.09,21.93,19.91,19.74,30.746742,21.468151,27.386723,19.445705,25.692692,20.25297,29.91,20.39,19.84,19.11,26.58,19.99,19.81,21.48,28.13,20.95,25.83,20.08,8.7,21,617.11,75.89,36.59,24.85,19.91,19.89
9.11,14.49,-8.32,0.17,-8.18,0.11,-0.11,-7.23,0.22,-0.22,-6.87,0.23,-0.9,-0.9,-1.14,-1.14,-1.88,-1.88,-2.07,-2.07,2293.71,78.71,39.27,24.8,19.59,19.61,37.94,19.98,62.98,39.22,19.38,19.77,636.82,77.46,37.78,25.42,19.9,20.4,20.49,73.07,32.79,22.92,19.94,19.89,624.04,83.23,36.72,23.73,19.99,19.8,36.343132,23.229715,31.202713,,28.452662,20.729563,35.19,21.94,20.04,19.11,30.04,20.43,19.83,23.59,31.84,22.18,28.61,20.8,3.94,22.22,630.43,78.12,41.91,27.22,19.99,19.92
10.12,14.8,-8.3,0.19,-8.18,0.11,-0.11,-7.21,0.24,-0.24,-6.87,0.23,-1.01,-1.01,-1.21,-1.21,-2.02,-2.02,-2.19,-2.19,2293.71,80.28,45.51,27.15,19.59,19.64,43.27,20.01,66.01,43.67,19.38,19.88,644.92,80.22,43.7,28.58,19.9,20.46,20.5,75.23,37.07,24.69,19.93,19.9,636.23,84.51,42.46,26.47,20.13,19.79,42.321564,26.177797,35.505959,,31.716476,21.506561,40.83,24.4,20.14,19.11,34.11,21.16,19.85,26.57,36.04,24.09,31.78,21.95,,24.21,640.57,80.06,46.95,30.11,20.13,19.97
11.13,15.22,-8.29,0.2,-8.18,0.11,-0.11,-7.18,0.27,-0.27,-6.86,0.24,-1.06,-1.06,-1.31,-1.31,-2.11,-2.11,-2.22,-2.22,2293.71,82.07,51.07,29.99,19.61,19.73,48.38,20.02,68.7,47.38,19.4,20.14,653.92,82.63,49.22,36,19.88,20.52,20.49,78.46,41.64,28.05,19.9,19.92,648.56,85.43,47.56,29.68,20.38,19.73,46.899448,30.030737,40.140671,,35.311356,22.671419,46.44,27.63,20.31,19.12,38.29,22.35,19.85,30.23,40.39,26.62,35.34,23.75,,26.74,651.24,82.15,51.64,34.22,20.38,20.08
12.15,15.68,-8.23,0.26,-8.18,0.11,-0.11,-7.15,0.3,-0.3,-6.85,0.25,-1.07,-1.07,-1.36,-1.36,-2.14,-2.14,-2.21,-2.21,2293.69,84.12,55.45,33.01,19.6,19.83,52.64,19.47,71.22,50.1,19.39,20.46,665.28,86.68,53.84,44.39,19.87,20.68,20.51,82.98,46,32.19,19.88,19.98,665.62,86.84,51.87,33.66,20.76,19.65,52.078304,34.232632,44.67886,,39.195282,24.272997,51.68,31.26,20.46,19.11,42.5,23.98,19.85,34.41,44.97,29.7,39.28,26.06,,29.82,665.45,85.15,55.68,38.67,20.76,20.24
13.16,15.08,-8.12,0.37,-8.12,0.17,-0.17,-7.01,0.44,-0.44,-6.73,0.37,-1.08,-1.08,-1.42,-1.42,-2.21,-2.21,-2.22,-2.22,2293.69,86.83,59.08,36.34,19.64,19.98,56.54,19.49,73.56,53.87,19.4,20.97,673.51,90.56,57.66,51.38,19.87,20.87,20.51,86.61,50.02,41.93,19.88,20.03,686.53,90.21,55.51,37.23,21.29,19.52,56.957481,38.450245,49.193363,,43.221565,26.247606,56.35,35.02,20.46,19.1,46.97,26.02,19.85,38.74,49.36,32.99,43.38,28.9,,32.88,680.02,88.55,59.17,44.15,21.29,20.46
14.17,14.95,-8.03,0.46,-8.08,0.21,-0.21,-6.9,0.55,-0.55,-6.6,0.5,-1.08,-1.08,-1.45,-1.45,-2.23,-2.23,-2.2,-2.2,2293.7,90.29,62.08,40.38,19.62,20.23,59.56,19.5,75.65,56.76,19.41,21.69,683.18,94.33,61.22,55.78,19.86,21.21,20.53,89.82,53.7,51.04,19.87,20.13,705.39,93.69,58.57,41.56,22.02,19.28,60.53952,42.462078,53.379162,,47.052795,28.46048,60.41,39.59,20.61,19.12,50.56,28.18,19.87,42.73,53.47,36.37,47.48,31.96,,36.61,694.28,92.03,62.24,49.1,22.02,20.82
15.19,15.46,-7.94,0.55,-8.03,0.26,-0.26,-6.86,0.59,-0.59,-6.54,0.56,-1.09,-1.09,-1.46,-1.46,-2.26,-2.26,-2.2,-2.2,2293.7,92.71,64.58,44.79,19.64,20.6,62.52,19.49,77.05,58.77,19.4,22.44,693.74,96.85,64.01,59.71,19.88,21.71,20.55,92.65,57.15,55.04,19.87,20.29,726.48,96.67,61.31,46.26,22.94,18.91,64.527199,45.933937,56.971645,,50.714127,30.797899,63.85,43.72,20.66,19.11,54.24,30.59,19.89,46.38,57.24,39.76,51.36,35.54,,39.22,710.11,94.72,64.82,52.91,22.94,21.26
16.2,14.69,-7.81,0.68,-7.94,0.35,-0.35,-6.72,0.73,-0.73,-6.38,0.72,-1.08,-1.08,-1.47,-1.47,-2.27,-2.27,-2.2,-2.2,2293.7,94.45,66.8,49.81,19.67,21.14,65.22,19.5,78.33,59.35,19.43,23.47,704.84,98.78,66.32,62.83,19.9,22.32,20.59,94.82,60.31,57.78,19.88,20.56,735.93,99.15,63.96,49.43,24.04,18.36,67.644203,49.019699,60.569141,,54.161354,33.23407,66.77,46.9,21.1,19.15,57.64,33.18,19.9,49.76,60.51,42.83,55.15,38.69,,42.49,720.38,96.8,67.14,55.84,24.04,21.87
17.21,15.42,-7.72,0.77,-7.91,0.38,-0.38,-6.68,0.77,-0.77,-6.36,0.74,-1.08,-1.08,-1.52,-1.52,-2.26,-2.26,-2.21,-2.21,2293.7,95.83,68.64,52.4,19.71,21.76,67.42,19.52,79.49,62.62,19.44,24.6,714.87,100.39,68.52,64.18,19.93,23.06,20.62,96.75,63.27,59.49,19.9,20.89,749.39,100.98,66.16,54.32,25.37,17.63,70.414101,51.565693,63.664551,,57.300674,36.688137,69.22,49.71,20.72,19.14,60.59,35.68,19.93,52.8,63.44,46.15,58.67,41.83,,45.63,732.13,98.49,69.22,58.6,25.37,22.58
18.23,15.38,-7.62,0.87,-7.87,0.42,-0.42,-6.61,0.84,-0.84,-6.25,0.85,-1.08,-1.08,-1.52,-1.52,-2.26,-2.26,-2.18,-2.18,2293.72,97.15,70.3,54.71,19.75,22.52,69.22,19.56,80.39,64.31,19.46,25.83,716.13,101.87,70.47,66.06,19.97,23.96,20.65,98.36,65.56,60.32,19.9,21.32,759.4,102.54,68.16,55.09,26.87,16.71,72.846252,53.900215,66.314812,,60.231617,39.586731,71.34,52.18,20.78,19.17,63.23,38.16,19.94,55.65,66.09,49.08,61.88,44.59,,47.97,737.76,99.98,70.98,60.1,26.87,23.41
19.24,14.92,-7.48,1.01,-7.71,0.58,-0.58,-6.45,1,-1,-6.07,1.03,-1.08,-1.08,-1.59,-1.59,-2.26,-2.26,-2.12,-2.12,2293.71,98.53,71.61,56.8,19.76,23.32,70.8,19.63,81.02,63.83,19.47,27.11,722.28,103.32,71.74,67.21,19.99,24.91,20.64,99.7,67.63,62.31,19.9,21.81,768.94,103.99,69.65,56.86,28.53,15.64,74.886681,55.69186,68.615036,,62.771168,41.912643,73.15,54.39,20.83,19.17,65.57,40.49,19.96,57.85,68.4,51.51,64.6,47.13,,50.34,745.61,101.39,72.33,61.4,28.53,24.29
20.26,15.3,-7.46,1.03,-7.71,0.58,-0.58,-6.43,1.02,-1.02,-6.04,1.06,-1.08,-1.08,-1.6,-1.6,-2.26,-2.26,-2.14,-2.14,2293.71,100.02,72.7,57.74,19.8,24.21,72.13,19.91,81.68,65.3,19.51,28.33,732.13,104.49,73.03,68.5,20,25.94,20.65,101.15,69.23,63.24,19.88,22.35,775.84,105.41,71.06,57.5,30.27,14.43,76.685181,57.327641,70.669029,,65.031822,44.042469,74.66,56.34,20.8,19.16,67.66,42.59,19.96,59.83,70.5,53.79,67.06,49.37,,52.63,753.98,102.77,73.54,62.46,30.27,25.21
21.27,15.73,-7.39,1.1,-7.71,0.58,-0.58,-6.39,1.06,-1.06,-5.99,1.11,-1.08,-1.08,-1.6,-1.6,-2.27,-2.27,-2.14,-2.14,2293.71,101.7,73.62,59.59,19.81,25.12,73.25,20.14,82.23,67.93,19.54,29.6,732.91,105.29,74.12,69.61,20.01,26.99,20.67,102.5,70.51,63.73,19.91,22.98,783.9,106.87,72.22,58.94,31.98,13.17,78.362511,58.929104,72.461815,,67.033531,45.835018,76.01,58.02,20.83,19.17,69.62,44.46,19.97,61.58,72.2,55.73,69.21,51.44,,54.37,758.4,104.09,74.54,63.96,31.98,26.17
22.28,15.45,-7.28,1.21,-7.63,0.66,-0.66,-6.31,1.14,-1.14,-5.9,1.2,-1.08,-1.08,-1.62,-1.62,-2.28,-2.28,-2.09,-2.09,2293.72,103.68,74.35,60.14,19.84,26.03,74.3,20.34,82.73,69.26,19.6,30.74,738.66,105.89,75.02,70.05,20.05,28.1,20.69,103.75,71.32,64.46,19.92,23.6,790.39,108.47,73.11,60.44,33.67,11.96,79.857872,60.385349,74.056335,,68.763916,47.426819,77.25,59.51,21.23,19.2,71.44,46.07,19.99,63.1,73.72,57.44,71.03,53.19,,56.1,764.52,105.45,75.31,64.87,33.67,27.12
23.32,15.87,-7.26,1.23,-7.62,0.67,-0.67,-6.27,1.18,-1.18,-5.85,1.25,-1.08,-1.08,-1.62,-1.62,-2.28,-2.28,-2.12,-2.12,2035.61,105.87,75.03,61.12,19.91,26.89,75.05,20.49,83.24,71.25,19.62,31.94,744.86,107.25,75.66,70.83,20.11,29.22,20.73,105.26,72.14,65.45,19.92,24.2,796.64,110.1,73.89,61.19,35.47,10.69,81.156281,61.713333,75.503555,,70.23661,48.861599,78.42,60.94,22.72,19.2,73.12,47.54,20,64.37,75.26,59.05,72.64,54.73,,57.55,770.75,107.12,75.99,65.97,35.47,28.06
24.35,16.21,-7.27,1.22,-7.62,0.67,-0.67,-6.23,1.22,-1.22,-5.81,1.29,-1.07,-1.07,-1.62,-1.62,-2.34,-2.34,-2.16,-2.16,1519.43,108.45,75.53,61.65,19.89,27.89,75.73,20.55,83.35,72.06,19.65,33.03,747.22,109.09,76.3,71.06,20.17,30.2,20.74,106.88,72.76,65.08,19.91,24.85,799.89,112.42,74.49,62.27,36.92,9.45,82.275589,62.90099,76.677124,,71.656876,50.066109,79.25,62.03,20.66,19.21,74.45,48.83,20,65.57,76.39,60.21,74.07,56.09,,58.56,773.55,109.21,76.49,66.42,36.92,28.99
25.36,14.61,-7.14,1.35,-7.49,0.8,-0.8,-6.09,1.36,-1.36,-5.66,1.44,-1.08,-1.08,-1.63,-1.63,-2.39,-2.39,-2.26,-2.26,1458.96,112.68,76.07,62.65,19.95,28.82,76.36,20.71,83.52,73.26,19.68,34.19,754.86,112.96,76.73,71.35,20.15,31.47,20.77,108.76,73.48,65.45,19.91,25.66,805.92,115.21,75.04,63.2,38.56,8.24,83.300613,63.984623,77.900871,58.22208,72.822975,51.225212,80.16,63.22,20.07,19.21,75.79,50.16,20.01,66.62,77.69,61.09,75.34,57.24,,59.78,780.39,112.4,76.97,67.18,38.56,30.03
26.4,15.23,-7.11,1.38,-7.46,0.83,-0.83,-6.05,1.4,-1.4,-5.62,1.48,-1.07,-1.07,-1.63,-1.63,-2.47,-2.47,-2.28,-2.28,1316.07,118.8,76.52,63.43,20.01,29.56,76.89,20.83,83.58,74.1,19.69,35.01,763.51,117.12,77.2,72.44,20.18,32.4,20.77,110.23,74.08,65.16,19.92,26.26,812.2,119.23,75.51,63.68,39.99,7.36,84.245659,65.026672,78.993576,59.311939,73.942894,52.265366,80.99,64.19,20.05,19.23,76.94,51.16,20.02,67.57,78.82,61.69,76.52,58.22,,60.92,787.85,116.34,77.38,67.76,39.99,30.81
27.41,15.66,-7.07,1.42,-7.43,0.86,-0.86,-6.02,1.43,-1.43,-5.59,1.51,-1.08,-1.08,-1.64,-1.64,-2.63,-2.63,-2.42,-2.42,1345.26,125.91,76.99,64.38,20.04,30.52,77.34,21.03,83.15,74.74,19.71,36.03,767.1,124.22,77.58,72.11,20.18,33.41,20.77,113.71,74.56,64.99,19.95,26.95,820.36,125.51,76.01,64.47,41.34,,85.103294,65.954849,80.058182,60.338669,74.963646,53.277142,81.78,65.09,20.13,19.24,77.93,52.18,20.05,68.54,79.89,62.62,77.67,59.1,,62.02,793.73,122.34,77.66,68.14,41.34,31.73
28.44,12.7,-6.81,1.68,-7.2,1.09,-1.09,-5.79,1.66,-1.66,-5.33,1.77,-1.08,-1.08,-1.68,-1.68,-2.74,-2.74,-2.42,-2.42,1187.71,138.2,77.39,64.65,20.1,31.42,77.82,21.23,82.21,75.1,19.73,37.04,770.07,137.6,77.89,71.67,20.21,34.56,20.8,117.13,75.17,62.57,19.94,27.81,824.04,,76.42,65.23,42.64,,85.907333,66.852127,81.113976,61.31786,75.981934,54.263325,82.42,65.88,20.06,19.25,79.03,53.09,20.04,69.16,80.97,63.43,78.84,59.12,,62.78,797.05,130.98,77.82,67.84,42.64,32.71
29.47,14.88,-6.83,1.66,-7.2,1.09,-1.09,-5.81,1.64,-1.64,-5.33,1.77,-1.15,-1.15,-1.67,-1.67,-2.92,-2.92,-2.68,-2.68,1003.93,158.16,77.87,65.25,20.14,32.18,78.17,21.47,82.44,76.61,19.76,37.91,777.45,159.49,78.14,71.23,20.22,35.45,20.83,126.22,75.67,62.52,19.95,28.41,829.34,149.27,76.9,65.7,43.84,,86.568565,67.637939,82.14753,62.257889,76.955925,55.138939,83.31,66.55,20.32,19.24,79.87,54.06,20.06,69.73,81.92,64.14,79.93,60.3,,,803.39,148.28,78.2,68.26,43.84,33.49
30.49,15.13,-6.82,1.67,-7.2,1.09,-1.09,-5.79,1.66,-1.66,-5.33,1.77,-1.21,-1.21,-1.68,-1.68,-3.08,-3.08,-2.92,-2.92,787.77,177.6,78.25,66.35,20.2,32.83,78.67,21.73,86,78.52,19.76,38.74,780.64,178.91,78.51,71.44,20.24,36.25,20.85,138.1,76.06,63.28,19.97,29.27,836.72,173.36,77.24,66.16,44.99,,86.999733,68.398315,83.048706,63.117344,77.87648,56.061584,84.63,67.28,19.97,19.27,80.32,54.89,20.08,70.66,83.25,64.79,80.99,61.36,,,808.68,166.99,79.21,69.15,44.99,34.27
31.51,15.47,-6.84,1.65,-7.19,1.1,-1.1,-5.77,1.68,-1.68,-5.33,1.77,-1.25,-1.25,-1.68,-1.68,-3.09,-3.09,-2.97,-2.97,673.67,186.58,79.7,67.37,20.27,33.59,80.19,21.99,89.12,79.89,19.79,39.41,784.24,191.43,79.37,73.7,20.27,37.14,20.86,159.72,76.4,64.1,19.96,30.08,841.28,195.17,77.68,66.78,46.09,,87.7257,69.28463,84.006691,64.048721,78.714066,57.034126,85.74,68.41,20.01,19.26,80.85,55.64,20.1,72.06,84.65,65.86,82.14,62.12,,,812.76,183.22,80.45,70.37,46.09,35.06
32.53,15.82,-6.83,1.66,-7.2,1.09,-1.09,-5.74,1.71,-1.71,-5.29,1.81,-1.34,-1.34,-1.72,-1.72,-3.12,-3.12,-2.99,-2.99,672.74,194.03,81.33,68.73,20.38,34.43,81.7,22.13,91.48,80.87,19.8,40.37,788.39,198.28,81.08,77.4,20.26,37.65,20.87,179.18,77.33,66.33,19.96,30.89,845.11,212.34,78.09,67.72,47.14,,88.942863,70.483711,85.254509,65.221825,79.396843,57.981716,86.74,69.95,19.98,19.28,81.51,56.55,20.09,73.28,86.26,67.13,83.43,63.25,,,816.75,195.96,81.86,72.21,47.14,35.83
33.55,16.14,-6.81,1.68,-7.19,1.1,-1.1,-5.7,1.75,-1.75,-5.25,1.85,-1.34,-1.34,-1.72,-1.72,-3.19,-3.19,-3.13,-3.13,715.07,204.29,82.39,70.4,20.47,35.31,82.51,22.31,93.35,81.99,19.84,41.28,799.07,205.84,82.53,80.46,20.35,38.52,20.92,191.4,78.83,69.02,19.95,31.73,849.82,224.94,79.57,69.23,48.19,,89.953209,71.803459,86.541672,66.659744,80.320274,58.964359,87.45,71.03,20.24,19.29,82.93,57.48,20.1,74.46,88.13,68.55,84.97,64.44,,,824.44,206.62,83.33,74.22,48.19,36.71
34.58,16.3,-6.81,1.68,-7.15,1.14,-1.14,-5.66,1.79,-1.79,-5.21,1.89,-1.33,-1.33,-1.74,-1.74,-3.25,-3.25,-3.15,-3.15,748.03,216.4,83.02,71.66,20.51,35.66,83.39,22.45,96.16,82.95,19.88,42.07,803.88,214.87,83.56,82.47,20.36,39.25,20.93,199.54,80.32,71.1,19.99,32.42,855.16,237.58,81.22,70.59,49.29,,90.780571,72.986771,87.956146,67.944702,82.028656,60.128826,88.17,71.98,20.13,19.32,84.43,58.51,20.14,75.38,89.88,69.78,87.05,65.83,,,829.52,217.1,84.86,75.75,49.29,37.35
35.61,16.46,-6.77,1.72,-7.11,1.18,-1.18,-5.61,1.84,-1.84,-5.16,1.94,-1.34,-1.34,-1.76,-1.76,-3.37,-3.37,-3.25,-3.25,839.73,229.74,84.36,73.1,20.58,36.41,84.85,22.65,101.39,84.14,19.89,42.97,808.35,225.72,84.27,84.85,20.35,39.91,20.92,208.86,81.48,74.21,19.98,33.36,861.41,251.3,82.25,71.62,50.46,,92.003639,73.977798,89.293144,69.144493,83.950478,61.445278,88.97,72.98,20.17,19.33,85.82,59.64,20.12,76.23,91.16,70.85,88.76,67.21,,,834.88,228.9,86.75,77.59,50.46,38.16
36.63,15.34,-6.63,1.86,-7.01,1.28,-1.28,-5.48,1.97,-1.97,-5.04,2.06,-1.34,-1.34,-1.79,-1.79,-3.48,-3.48,-3.28,-3.28,901.03,244.3,86.35,74.42,20.56,37.48,86.99,22.8,106.69,85.55,19.89,43.75,814.97,237.37,85.49,87.73,20.36,40.88,20.94,219.23,82.72,79.96,19.99,34.16,862.59,265.89,83.04,72.81,51.72,,92.592018,74.870346,90.218575,70.142159,85.874626,62.666904,89.63,73.93,20.17,19.34,86.93,60.7,20.13,76.99,91.87,71.97,89.94,68.55,,,838.78,241.7,88.86,80.09,51.72,39.07
37.66,15.84,-6.64,1.85,-6.98,1.31,-1.31,-5.46,1.99,-1.99,-5,2.1,-1.34,-1.34,-1.8,-1.8,-3.56,-3.56,-3.42,-3.42,848.21,259.58,88.56,75.64,20.64,38.34,89.46,22.98,112.03,86.29,19.93,44.69,820.47,247.62,87.24,90.8,20.4,41.72,20.97,231.65,84.4,83.22,19.99,35.12,868.28,281.2,84.49,73.8,52.98,,92.87133,75.732002,90.990807,71.132751,87.78421,63.92635,90.27,74.77,20.17,19.36,87.86,61.84,20.16,77.71,92.34,73.02,90.94,69.88,,,844.38,255.01,91.34,81.95,52.98,39.97
38.68,16.24,-6.64,1.85,-6.95,1.34,-1.34,-5.43,2.02,-2.02,-4.98,2.12,-1.34,-1.34,-1.8,-1.8,-3.68,-3.68,-3.58,-3.58,838.24,275.7,90.82,76.94,20.72,38.94,91.84,23.16,117.26,87.89,19.94,45.48,826.52,257.61,89.11,93.98,20.43,42.4,21,245.37,86.33,85.32,20,35.9,871.48,294.07,86.69,75.73,54.22,,93.080376,76.428986,91.555191,72.28727,89.425232,65.207489,90.88,75.54,20.2,19.38,88.67,62.85,20.17,78.52,92.59,74.04,91.73,71.03,,,849,268.19,94.04,83.97,54.22,40.68
39.7,16.03,-6.44,2.05,-6.78,1.51,-1.51,-5.29,2.16,-2.16,-4.8,2.3,-1.4,-1.4,-1.86,-1.86,-3.84,-3.84,-3.62,-3.62,840.35,291.93,93.02,79.19,20.83,39.76,94.13,23.38,122.11,89.44,19.97,46.26,828.5,268.3,91.21,97.52,20.45,43.33,21,256.33,88.43,88.66,20.01,36.93,876.74,305.6,89.29,77.18,55.49,,93.163467,77.089958,91.853027,73.42691,90.510216,66.492882,91.4,76.4,20.16,19.39,89.45,63.99,20.19,79.24,92.74,75.06,92.14,72.32,,,852.62,280.54,96.81,86.4,55.49,41.57
40.72,14.62,-6.3,2.19,-6.62,1.67,-1.67,-5.15,2.3,-2.3,-4.63,2.47,-1.42,-1.42,-1.97,-1.97,-3.91,-3.91,-3.63,-3.63,831.49,306.92,95.16,80.29,20.85,40.37,96.23,23.51,125.51,91.66,20.03,46.94,837.57,280.27,93.15,101.46,20.53,44.09,21.46,268.65,90.61,91.02,20.05,37.69,881.15,315.27,91.8,79.14,56.76,,93.238243,77.718277,92.198929,74.608109,91.210266,67.669731,91.93,76.99,21.22,19.4,90.09,64.97,20.37,79.85,92.89,76.01,92.43,73.5,,,859.36,292.78,99.25,88.71,56.76,42.27
41.76,14.89,-6.3,2.19,-6.61,1.68,-1.68,-5.14,2.31,-2.31,-4.62,2.48,-1.42,-1.42,-1.97,-1.97,-4.07,-4.07,-3.79,-3.79,821.91,319.69,97.36,81.36,20.85,41.47,98.29,23.58,129.12,94.89,20.02,48.05,842.77,292.6,95.27,104.68,20.39,44.97,21.44,284.24,92.83,92.31,20.06,38.56,884,324.19,94.25,85.6,58.01,,93.34581,78.383545,92.549812,75.830673,91.636436,68.794144,92.64,77.85,21.66,19.41,90.62,66.27,20.39,80.62,92.9,76.91,92.7,74.49,,,863.39,305.18,101.77,91.77,58.01,43.26
42.78,15.24,-6.29,2.2,-6.61,1.68,-1.68,-5.11,2.34,-2.34,-4.63,2.47,-1.42,-1.42,-1.98,-1.98,-4.13,-4.13,-3.9,-3.9,816.26,326.38,99.45,82.48,20.93,42.13,100.11,23.29,132.63,98.92,19.99,48.72,847.48,305.35,97.39,107.76,20.41,45.68,21.47,299.86,95.17,95.27,20.09,39.42,887.85,333.23,96.61,88.33,59.09,,93.552208,78.982384,92.81205,77.000229,91.947746,69.995773,93.5,78.52,21.48,19.42,91.01,67.29,20.4,81.25,92.94,77.78,92.9,75.59,,,867.66,316.21,104.25,94.55,59.09,43.99
43.8,15.59,-6.31,2.18,-6.6,1.69,-1.69,-5.09,2.36,-2.36,-4.59,2.51,-1.42,-1.42,-1.99,-1.99,-4.28,-4.28,-3.95,-3.95,822.88,332.75,101.44,83.47,21.01,43.02,101.71,21.66,134.96,101.29,20.02,49.41,848.46,315.01,99.49,110.69,20.43,46.57,21.48,314.62,97.63,97.2,20.09,40.26,890.55,341.63,98.78,90.72,60.33,,93.671913,79.559097,93.091385,77.980537,92.341476,71.444054,94.39,79.02,21.5,19.46,91.33,68.31,20.42,81.8,92.99,78.65,93.09,76.63,,,869.5,326,106.46,96.67,60.33,44.82
44.82,15.23,-6.26,2.23,-6.54,1.75,-1.75,-5.01,2.44,-2.44,-4.53,2.57,-1.42,-1.42,-2.02,-2.02,-4.36,-4.36,-3.98,-3.98,822.95,338.75,103.22,84.48,21.08,43.6,103.1,21.73,136.8,102.44,20,50.06,851.42,325.53,101.43,112.75,20.47,47.45,21.5,327.49,99.69,99.02,20.12,41.34,894.02,349.48,100.75,92.24,61.54,,93.739746,80.140099,93.273277,78.843636,92.583267,72.687149,95.21,79.41,21.43,19.48,91.67,69.07,20.45,82.23,92.96,79.31,93.2,77.67,,,872.72,335.31,108.38,98.19,61.54,45.61
45.84,15.66,-6.23,2.26,-6.51,1.78,-1.78,-4.99,2.46,-2.46,-4.48,2.62,-1.42,-1.42,-2.03,-2.03,-4.45,-4.45,-4.03,-4.03,827,345.36,104.75,85.67,21.13,44.78,104.3,21.83,139.2,104.4,20.15,50.82,858.15,335,103.28,116.06,20.51,47.96,21.67,339.27,101.77,100.52,20.14,42.12,896.42,355.68,102.61,94.01,62.69,,93.688988,80.757401,93.392075,79.49218,92.662521,73.697884,95.98,79.71,23.27,19.54,92.16,69.87,20.48,82.52,92.96,80.08,93.33,78.47,,,877.28,343.83,110.32,100.13,62.69,46.42
46.86,15.45,-6.15,2.34,-6.53,1.76,-1.76,-4.93,2.52,-2.52,-4.41,2.69,-1.42,-1.42,-2.04,-2.04,-4.55,-4.55,-4.12,-4.12,845.17,352.83,106.11,86.48,21.2,45.2,105.28,21.97,142.02,107.07,20.15,51.51,857.08,342.51,104.93,119.39,20.53,48.97,21.71,350.19,103.59,101.75,20.13,43.17,898.37,361.72,104.18,95.5,63.78,,93.714813,81.452209,93.450241,80.262527,92.896698,74.276955,96.73,79.81,22.6,19.53,92.68,70.65,20.44,82.9,93.15,80.74,93.49,79.25,,,877.73,351.81,112.16,102.04,63.78,47.21
47.87,14.63,-6.04,2.45,-6.42,1.87,-1.87,-4.81,2.64,-2.64,-4.3,2.8,-1.42,-1.42,-2.08,-2.08,-4.65,-4.65,-4.25,-4.25,844.4,360.43,107.23,87.4,21.35,46.19,106.16,22.18,145.1,107.86,20.18,52.03,860.83,349.64,106.25,122.1,20.55,49.7,21.72,359.81,105.22,102.92,20.17,43.95,902.56,367.75,105.5,96.75,64.79,,93.775909,81.975822,93.370293,81.02063,93.103279,75.02742,97.26,79.96,22.28,19.55,93.14,71.33,20.47,83.18,93.89,81.29,93.65,80.07,,,881.69,359.41,113.86,103.41,64.79,47.97
48.89,15.08,-6.06,2.43,-6.39,1.9,-1.9,-4.78,2.67,-2.67,-4.29,2.81,-1.41,-1.41,-2.1,-2.1,-4.73,-4.73,-4.3,-4.3,850.26,367.92,108.21,87.89,21.35,47.24,106.82,22.15,147.89,108.89,20.2,52.67,863.88,355.86,107.45,124.23,20.6,50.71,21.75,368.28,106.45,105.25,20.2,44.39,905.24,373.99,106.61,97.28,65.74,,94.039391,82.448875,93.320435,81.622559,93.235321,75.851707,97.96,80.22,22.55,19.6,93.67,71.9,20.51,83.33,94.73,81.74,93.8,80.68,,,884.56,366.51,115.32,104.71,65.74,48.75
49.91,15.45,-6.05,2.44,-6.36,1.93,-1.93,-4.75,2.7,-2.7,-4.26,2.84,-1.41,-1.41,-2.12,-2.12,-4.81,-4.81,-4.33,-4.33,855.64,374.91,109.05,88.69,21.5,47.5,107.54,22.37,147.84,110.01,20.21,52.95,872.19,362.57,108.57,126.54,20.61,51.47,21.76,375.85,107.96,108.38,20.22,45.89,907.92,380.15,107.5,98.32,66.59,,94.418159,82.844948,93.377251,82.305145,93.282257,76.668625,98.65,80.66,22.59,19.61,94.41,72.43,20.51,83.42,95.68,82.2,94.58,81.48,,,890.05,373.37,116.18,106.39,66.59,49.45
50.93,15.78,-6.02,2.47,-6.36,1.93,-1.93,-4.73,2.72,-2.72,-4.23,2.87,-1.41,-1.41,-2.13,-2.13,-4.89,-4.89,-4.42,-4.42,861.61,381.9,109.86,89.42,21.58,48.45,108.19,22.52,152.57,112.76,20.22,53.42,872.09,369.86,109.43,127.28,20.63,52.15,21.78,383.41,109.23,111.7,20.23,46.62,912.12,386.42,108.1,99.76,67.39,,94.990906,83.255608,93.760185,82.87719,93.24408,77.320206,99.32,80.9,22.68,19.62,95.08,73.36,20.54,83.5,96.86,82.52,95.49,81.89,,,892.1,380.4,117.84,108.18,67.39,50.16
51.95,14.44,-5.79,2.7,-6.15,2.14,-2.14,-4.57,2.88,-2.88,-4.03,3.07,-1.41,-1.41,-2.24,-2.24,-5.03,-5.03,-4.53,-4.53,870.97,388.67,110.7,90.66,21.66,49.25,108.74,22.74,152.48,113.77,20.22,53.95,881.48,377.93,110.44,129.16,20.67,52.91,21.8,390.87,110.21,114.08,20.25,47.68,914.34,393.02,108.72,99.6,68.08,,95.785645,83.614784,94.736755,83.638077,93.240486,77.936455,98.92,81.16,23.05,19.64,95.63,73.78,20.56,82.84,98.29,82.88,96.76,82.16,,,897.91,387.62,118.51,109.45,68.08,50.95
52.97,14.78,-5.78,2.71,-6.15,2.14,-2.14,-4.54,2.91,-2.91,-4.03,3.07,-1.41,-1.41,-2.24,-2.24,-5.09,-5.09,-4.6,-4.6,882.08,395.58,111.47,91.62,21.75,49.56,109.49,22.98,153.26,116.12,20.24,54.19,882.81,385.82,111.06,130.75,20.63,53.55,21.82,398.59,111.19,115.44,20.26,48.36,918.27,399.64,109.29,99.94,68.68,,97.506172,83.889114,95.453201,84.483292,93.446198,78.651855,99.94,81.56,22.99,19.62,96.18,74.28,20.53,83.1,99.93,83.14,99.05,82.53,,,900.54,394.91,119.25,110.77,68.68,51.42
53.99,15.09,-5.77,2.72,-6.14,2.15,-2.15,-4.51,2.94,-2.94,-4.01,3.09,-1.41,-1.41,-2.24,-2.24,-5.18,-5.18,-4.66,-4.66,890.96,402.66,112.21,92.17,21.8,50.37,110.1,23.11,156.2,116.78,20.27,54.64,886.86,393.94,111.84,130.82,20.62,54.1,21.82,406.29,112.11,116.62,20.27,48.74,920.11,406.47,109.71,100.8,69.21,,100.252831,84.194145,96.271248,85.365395,93.871819,79.203712,101.06,81.96,22.97,19.62,96.65,74.83,20.57,83.45,101.68,83.36,100.76,82.84,,,903.48,402.34,120.41,111.44,69.21,51.96
55.01,15.38,-5.8,2.69,-6.12,2.17,-2.17,-4.49,2.96,-2.96,-3.98,3.12,-1.44,-1.44,-2.24,-2.24,-5.23,-5.23,-4.76,-4.76,912.46,410.57,112.79,92.05,21.89,50.8,110.53,23.22,156.89,117.25,20.3,54.91,888.41,402.2,112.5,131.79,20.65,54.74,21.86,414.27,112.71,118.38,20.29,49.69,924.05,413.6,110.36,101.73,69.71,,103.703293,84.472984,97.179329,86.051849,94.461517,79.645485,102.71,82.36,23.11,19.67,97.06,75.27,20.63,84.06,103.75,83.57,102.66,83.29,,,906.23,410.16,121.05,112.24,69.71,52.53
56.03,15.43,-5.68,2.81,-5.99,2.3,-2.3,-4.37,3.08,-3.08,-3.84,3.26,-1.46,-1.46,-2.27,-2.27,-5.32,-5.32,-4.9,-4.9,927.73,418.08,113.63,92.69,22.06,50.84,111.1,23.43,156.51,118.21,20.32,54.94,889.63,410.45,113.12,130.47,20.69,55.12,21.86,422.23,113.33,118.08,20.31,49.71,927.47,420.74,110.95,101,70.16,,108.130447,84.973824,98.565529,86.666939,95.026413,80.075417,106.41,82.81,23.17,19.73,97.35,75.9,20.66,84.61,106.49,83.78,104.91,83.79,,,908.55,417.88,121.51,112.09,70.16,52.65
57.05,15.51,-5.69,2.8,-5.99,2.3,-2.3,-4.38,3.07,-3.07,-3.84,3.26,-1.49,-1.49,-2.27,-2.27,-5.34,-5.34,-5,-5,939.9,425.07,114.24,93.08,22.16,51.17,111.71,23.48,159.32,119.04,20.31,55.19,894.79,418.56,113.73,131.33,20.71,55.48,21.87,429.66,114.02,119.86,20.34,51.14,929.75,428.14,111.43,100.81,70.5,,113.922096,85.677017,103.646431,87.238869,95.755745,80.581696,111.05,83.28,23.21,19.74,97.85,76.62,20.67,85.16,109.36,84.1,107.94,84.2,,,912.27,425.36,122.55,112.82,70.5,53.25
58.07,15.68,-5.72,2.77,-5.99,2.3,-2.3,-4.37,3.08,-3.08,-3.83,3.27,-1.53,-1.53,-2.28,-2.28,-5.43,-5.43,-5.11,-5.11,953.7,431.89,114.95,93.77,22.22,51.37,112.19,23.47,163.66,120.33,20.33,55.49,896.57,426.75,114.55,131.03,20.72,55.83,21.91,436.97,114.78,120.63,20.32,50.85,931.57,435.43,111.98,100.24,70.84,,120.41452,86.379883,110.536972,87.84832,96.622925,80.961761,113.16,83.79,23.23,19.73,98.46,77.5,20.66,85.63,111.65,84.67,110.94,84.45,,,914.07,432.76,123.99,113.2,70.84,53.39
59.1,15.22,-5.68,2.81,-5.94,2.35,-2.35,-4.33,3.12,-3.12,-3.78,3.32,-1.55,-1.55,-2.28,-2.28,-5.53,-5.53,-5.2,-5.2,969.34,438.16,115.68,94.5,22.29,51.75,112.85,23.52,166.89,121.78,20.36,55.61,893.89,434.92,115.25,129.88,20.78,56.06,21.95,443.47,115.24,120.83,20.35,51.61,933.21,442.61,112.41,100.57,71.12,,125.692047,86.980011,114.504166,88.427605,97.880531,81.288124,114.33,84.43,23.81,19.76,99.21,78.27,20.72,85.83,113.37,85.56,113.54,84.84,,,913.55,439.79,125.09,113.51,71.12,53.76
60.13,15.53,-5.68,2.81,-5.92,2.37,-2.37,-4.31,3.14,-3.14,-3.74,3.36,-1.6,-1.6,-2.29,-2.29,-5.6,-5.6,-5.34,-5.34,984,443.26,116.43,95.06,22.35,51.8,113.65,23.71,170.49,121.69,20.4,55.59,900.39,443.25,115.92,129.25,20.79,56.23,21.97,449.69,115.92,122.51,20.36,51.8,935.06,449.35,113.08,100.7,71.36,,129.500549,87.582024,118.253639,89.045563,101.4571,81.665314,115.17,85.21,21.66,19.76,100.29,78.89,20.75,86.04,114.8,86.24,115.72,85.33,,,917.73,446.39,126.37,113.84,71.36,53.85
61.15,15.77,-5.69,2.8,-5.91,2.38,-2.38,-4.29,3.16,-3.16,-3.73,3.37,-1.65,-1.65,-2.29,-2.29,-5.72,-5.72,-5.48,-5.48,978.87,447.83,117.18,96.15,22.44,51.61,114.23,23.84,174.97,122.29,20.42,55.72,903.98,451.48,116.61,130.7,20.8,56.47,21.99,455.83,116.88,123.11,20.38,52.42,938.43,456.25,113.61,100.07,71.55,,133.39711,88.171356,120.989685,89.674858,107.393562,81.998878,115.97,85.92,21.71,19.8,102.46,79.44,20.77,86.39,117.07,86.8,117.54,86.36,,,921.21,452.85,127.85,114.46,71.55,54.06
62.17,14.76,-5.48,3.01,-5.64,2.65,-2.65,-4.1,3.35,-3.35,-3.49,3.61,-1.7,-1.7,-2.38,-2.38,-5.86,-5.86,-5.62,-5.62,987.65,453.9,118.16,96.57,22.43,52.09,114.98,24.01,179.57,124.2,20.44,55.81,904.69,459.37,117.42,128.89,20.82,56.71,22.01,461.79,117.68,124.39,20.41,52.51,940.92,462.85,114.22,99.73,71.73,,136.549332,88.810341,123.264198,90.255142,112.559921,82.270218,116.77,86.54,21.72,19.8,106.8,79.95,20.8,86.6,118.89,87.24,119.26,87.16,,,922.8,459.48,129.41,114.76,71.73,54.28
63.19,14.86,-5.48,3.01,-5.64,2.65,-2.65,-4.1,3.35,-3.35,-3.5,3.6,-1.72,-1.72,-2.38,-2.38,-5.96,-5.96,-5.74,-5.74,984.52,460.51,119,96.96,22.58,52.24,115.55,24.17,185.59,124.67,20.4,56.02,908.68,466.19,118.3,128.15,20.84,56.8,22,468.58,118.68,125.11,20.41,52.71,944.14,469.41,114.95,98.49,71.89,,140.720871,89.49543,125.388916,90.908012,115.701378,82.520294,117.54,87.06,21.71,19.81,110.73,80.42,20.75,86.96,120.52,87.68,120.93,87.97,,,926.41,466.17,131.3,114.68,71.89,54.44
64.21,15.04,-5.47,3.02,-5.63,2.66,-2.66,-4.1,3.35,-3.35,-3.49,3.61,-1.74,-1.74,-2.39,-2.39,-6.03,-6.03,-5.82,-5.82,992.15,467.45,119.98,96.86,22.67,52.43,116.21,24.11,192.09,126.83,20.46,55.95,910.43,473.74,119.21,126.71,20.85,56.99,22.03,476.09,119.66,126.28,20.41,52.88,945.37,475.87,115.66,98.01,72.02,,147.509949,90.273315,127.759132,91.502449,117.904526,82.821663,118.18,87.56,21.63,19.84,113.73,80.85,20.8,87.31,122.3,88.12,122.54,88.68,,,927.9,473.29,133.32,114.94,72.02,54.56
65.23,15.24,-5.48,3.01,-5.65,2.64,-2.64,-4.09,3.36,-3.36,-3.51,3.59,-1.78,-1.78,-2.43,-2.43,-6.13,-6.13,-5.96,-5.96,975.84,474.4,121.08,97.31,22.66,52.44,117.17,24.14,200.3,123.95,20.48,56.09,912.16,480.8,119.97,128.31,20.87,56.97,22.03,483.59,120.44,126.6,20.43,53.47,947.39,482.36,116.35,97.78,72.16,,156.614975,91.105698,130.437195,92.125526,119.633522,83.129539,118.73,88.05,21.69,19.86,115.87,81.25,20.85,87.65,124.28,88.52,124.44,89.32,,,929.78,480.29,135.63,114.79,72.16,54.74
66.26,15.47,-5.49,3,-5.64,2.65,-2.65,-4.07,3.38,-3.38,-3.47,3.63,-1.84,-1.84,-2.48,-2.48,-6.21,-6.21,-6.02,-6.02,970.03,481.3,122.31,97.42,22.75,52.4,118.14,24.28,207.12,126.01,20.45,56.07,913.86,487.02,121.21,126.83,20.89,57.27,22.04,491.04,121.59,127.62,20.45,53.33,949.96,489.12,117.2,98.5,72.29,,168.003494,91.97805,133.404678,92.738632,121.354012,83.494537,119.54,88.58,21.76,19.92,117.2,81.66,20.91,88.05,126.61,88.94,126.8,89.94,,,931.91,487.12,137.88,115.28,72.29,54.77
67.28,15.71,-5.47,3.02,-5.61,2.68,-2.68,-4.05,3.4,-3.4,-3.46,3.64,-1.87,-1.87,-2.49,-2.49,-6.32,-6.32,-6.2,-6.2,952.48,488.03,123.9,97.81,23,52.37,119.39,24.25,212.49,127.42,20.51,55.87,915.88,493.63,122.41,126.31,20.93,57.1,22.05,498.38,123.11,128.15,20.49,53.53,951.75,495.63,118.07,98.27,72.4,,178.611954,92.787125,136.880539,93.325378,122.934357,83.913078,120.61,89.11,21.81,19.93,118.2,82.12,20.94,88.43,129.57,89.4,129.49,90.52,,,933.81,493.92,140,115.59,72.4,54.72
68.3,14.66,-5.46,3.03,-5.51,2.78,-2.78,-3.97,3.48,-3.48,-3.35,3.75,-1.96,-1.96,-2.6,-2.6,-6.48,-6.48,-6.34,-6.34,944.65,494.81,125.66,98.63,22.88,52.89,120.82,24.28,218.79,130.53,20.54,56.41,917.35,500.28,123.63,127.73,20.93,57.36,22.08,505.66,124.72,129.56,20.48,53.75,954.37,501.7,119.03,98.32,72.47,,187.720245,93.597122,140.700821,93.920341,124.720268,84.422592,121.99,89.69,21.87,19.94,119.14,82.63,20.96,88.82,132.62,89.81,132.18,91.05,,,935.86,500.61,142.36,116.95,72.47,55.1
69.32,15.15,-5.46,3.03,-5.47,2.82,-2.82,-3.94,3.51,-3.51,-3.32,3.78,-2.01,-2.01,-2.69,-2.69,-6.64,-6.64,-6.52,-6.52,932.75,501.42,128.44,99.54,22.9,52.98,122.58,24.41,225.61,129.53,20.55,56.25,922.1,506.99,125.66,128.28,20.95,57.27,22.12,513.14,126.72,129.84,20.5,53.73,956.37,507.68,120.09,98.64,72.58,,197.49675,94.450508,144.574966,94.570267,126.709625,84.925667,123.95,90.41,21.93,19.96,120.14,83.22,20.98,89.25,135.78,90.29,135,91.59,,,939.24,507.31,145.3,117.17,72.58,55.06
70.34,15.57,-5.45,3.04,-5.45,2.84,-2.84,-3.92,3.53,-3.53,-3.29,3.81,-2.1,-2.1,-2.77,-2.77,-6.85,-6.85,-6.67,-6.67,937.61,507.98,132.13,100.6,22.93,52.95,125.21,24.59,231.53,134.98,20.59,56.14,925.14,513.58,128.06,128.34,20.95,57.48,22.16,520.86,129.25,130.7,20.51,53.88,958.29,513.68,121.3,99.05,72.64,,202.454681,95.396332,148.586899,95.213837,128.82048,85.343666,126.37,91.31,22.01,19.98,121.24,83.98,21.01,89.79,139.24,90.82,138.29,92.22,,,941.72,514.02,148.45,118.73,72.64,55.11
71.37,14.91,-5.3,3.19,-5.21,3.08,-3.08,-3.75,3.7,-3.7,-3.07,4.03,-2.22,-2.22,-2.95,-2.95,-7.13,-7.13,-6.94,-6.94,928.28,514.09,139.47,102.51,22.95,52.97,130.65,24.71,236.34,137.4,20.56,56.48,927.22,522.26,132.71,127.18,20.92,57.49,22.14,529.01,132.85,132.41,20.49,54.31,960.58,519.38,122.76,99.69,72.69,,206.031387,96.386818,152.763855,95.918274,131.370651,85.830261,129.19,92.39,22.01,19.96,122.5,84.71,20.97,90.18,143.7,91.39,142.27,92.6,,,943.9,521.18,152.83,119.84,72.69,55.31
72.39,15.13,-5.3,3.19,-5.21,3.08,-3.08,-3.75,3.7,-3.7,-3.07,4.03,-2.28,-2.28,-3.04,-3.04,-7.38,-7.38,-7.1,-7.1,932.57,521.47,143.24,104.8,22.95,53.22,137.02,24.74,240.38,139.12,20.58,56.3,927.45,529.75,138.07,128.78,20.96,57.45,22.17,536.56,138.96,131.19,20.52,53.54,962.55,525.01,124.76,100.43,72.77,,209.918671,97.607857,156.873764,96.734917,134.272171,86.300117,132.63,93.66,22.13,19.98,123.97,85.44,21.02,91.13,148.86,92.18,147.34,93.41,,,945,528.2,157.08,120.86,72.77,55.13
73.41,15.55,-5.28,3.21,-5.21,3.08,-3.08,-3.71,3.74,-3.74,-3.07,4.03,-2.38,-2.38,-3.19,-3.19,-7.68,-7.68,-7.25,-7.25,925.69,529.74,151.64,106.37,23.08,53.64,142,24.8,243.83,144.82,20.58,56.32,931.22,537.58,142.1,128.81,20.95,57.44,22.17,547.03,143.74,129.87,20.52,54.11,965.02,531.01,127.98,101.22,72.81,,215.035568,99.1035,161.24205,97.734291,137.921677,86.777641,137.53,95.32,22.3,19.95,125.84,86.23,21.03,92.27,153.94,93.09,152.55,94.34,,,948.12,536.34,161.86,122.22,72.81,55.38
74.43,14.93,-5.26,3.23,-5.07,3.22,-3.22,-3.6,3.85,-3.85,-2.95,4.15,-2.51,-2.51,-3.42,-3.42,-8.02,-8.02,-7.54,-7.54,928.55,537.22,160.64,109.13,23.05,53.54,153.1,24.76,249.44,150.56,20.58,56.32,933.93,546.15,151.15,127.11,20.95,57.56,22.17,556.46,151.06,128.52,20.54,54.85,967.07,537.48,132.41,102.79,72.87,,220.232681,100.707191,166.581757,98.871193,141.898605,87.121201,144.13,97.35,22.41,19.98,127.96,87.13,21.04,93.31,159.39,94.18,156.97,95.09,,,950.5,544.33,168.94,123.62,72.87,55.57
75.46,15.68,-5.21,3.28,-5.03,3.26,-3.26,-3.57,3.88,-3.88,-2.9,4.2,-2.66,-2.66,-3.57,-3.57,-8.37,-8.37,-7.78,-7.78,926.67,544.36,167.69,111.56,23.04,53.55,161.51,24.76,253.18,154.58,20.6,56.15,934.48,553.61,159.69,126.55,20.98,57.61,22.2,565.77,160.76,126.9,20.54,55.3,969.06,544.14,136.74,104.83,72.91,,224.752289,102.697479,171.89563,100.298103,146.047867,87.646797,153,99.82,22.58,20.01,130.71,88.11,21.11,96.11,166.01,95.65,162.07,96.25,,,951.77,551.97,175.61,124.88,72.91,55.65
76.48,15.86,-5.12,3.37,-4.92,3.37,-3.37,-3.45,4,-4,-2.82,4.28,-2.87,-2.87,-3.83,-3.83,-8.75,-8.75,-8.03,-8.03,927.54,551.99,178.03,115.97,23.03,53.43,172.33,24.86,256.55,155.08,20.59,56.3,940.33,560.62,166.17,128.23,20.99,57.51,22.22,573.38,168.16,128.61,20.55,54.39,971.95,551.76,141.04,106.86,72.94,,228.66684,105.051422,177.694992,102.05307,150.57547,88.182343,161.53,102.96,22.83,20.03,135.14,89.3,21.14,97.92,174.02,97.43,169.08,97.54,,,956.14,559.44,181.99,126.95,72.94,55.41
77.5,14.3,-4.69,3.8,-4.47,3.82,-3.82,-3.12,4.33,-4.33,-2.43,4.67,-3.01,-3.01,-4.11,-4.11,-9.16,-9.16,-8.23,-8.23,930.15,560.46,195.62,120.83,23.1,53.68,191.97,24.8,260.63,158.99,20.6,56.14,939.61,567.82,178.58,132.5,20.98,57.33,22.22,581.63,177.75,128.34,20.56,55.15,972.39,558.99,151.94,110.71,72.94,,231.647415,107.777908,183.656311,104.157303,154.90332,88.765274,171.78,106.88,23.05,20.01,142.05,90.72,21.15,100.79,181.48,99.81,177.39,98.99,,,956,567.23,192.91,130.27,72.94,55.58
78.53,14.99,-4.71,3.78,-4.47,3.82,-3.82,-3.05,4.4,-4.4,-2.44,4.66,-3.19,-3.19,-4.37,-4.37,-9.51,-9.51,-8.58,-8.58,932.87,569.2,208.94,126.08,23.09,53.24,204.77,24.9,264.55,163.99,20.6,55.7,945.11,575.35,193.39,137.97,20.97,57.29,22.22,590.26,192,134,20.56,54.1,975.58,564.97,161.48,114.6,72.92,,235.364792,111.314789,190.212601,106.80114,159.861343,89.541634,185.52,111.54,23.23,20.02,152.53,92.38,21.18,105.45,190.46,102.92,180.82,101.28,,,960.34,574.95,204.07,135.33,72.92,55.08
79.55,14.8,-4.35,4.14,-4.09,4.2,-4.2,-2.71,4.74,-4.74,-2.13,4.97,-3.43,-3.43,-4.67,-4.67,-9.91,-9.91,-8.88,-8.88,926.85,578.07,219.91,131.85,23.06,52.96,216.72,24.94,269.91,167.15,20.62,55.7,946.39,583,205.38,143.63,21.01,56.83,22.21,598.72,208.03,133.15,20.56,54.43,977.3,571.14,167.98,119.21,72.82,,239.83075,114.897774,196.760803,109.944664,165.955582,90.52076,196.61,116.71,23.42,20.02,164.54,94.33,21.26,112.25,198.93,106.9,187.56,104.19,,,961.84,582.73,214.24,139,72.82,54.98
80.57,15.27,-4.37,4.12,-4.09,4.2,-4.2,-2.67,4.78,-4.78,-2.14,4.96,-3.62,-3.62,-4.85,-4.85,-10.25,-10.25,-9.2,-9.2,931.19,587.39,229.9,137.9,23.05,52.67,227.22,24.9,275.48,176.39,20.6,55.62,946.77,591.34,216.64,149.15,21.01,56.21,22.24,606.9,217.1,136.9,20.57,55.06,978.46,577.43,183.92,126.01,72.66,,245.348419,120.00576,204.093643,113.906662,172.029709,91.49437,207.28,122.29,23.57,20.02,172.56,96.71,21.28,118.29,207.58,111.46,195.56,107.61,,,962.62,590.76,224.61,145.27,72.66,54.89
81.6,15.12,-4.14,4.35,-3.89,4.4,-4.4,-2.44,5.01,-5.01,-1.95,5.15,-3.81,-3.81,-5.07,-5.07,-10.49,-10.49,-9.46,-9.46,932.65,596.91,239.25,143.97,23.1,51.68,235.68,24.89,281.87,180.35,20.6,55.23,952.55,599.96,225.28,153.61,21.03,55.77,22.28,615.09,230.07,139.1,20.6,54.45,981.08,584.6,201.42,134.63,72.49,,251.952484,128.357101,212.175064,118.468834,178.484985,92.914215,217.32,127.84,23.78,20.05,190.94,99.5,21.34,121.87,216.53,116.99,204.41,111.97,,,966.81,599.14,235.58,150.33,72.49,54.28
82.63,12.76,-3.77,4.72,-3.49,4.8,-4.8,-2.08,5.37,-5.37,-1.6,5.5,-4.05,-4.05,-5.34,-5.34,-10.86,-10.86,-9.8,-9.8,935.36,606.25,248.35,147.22,23.06,51.47,243.9,24.9,288.67,187.41,20.6,55.37,953.74,608.82,234.95,156.67,21.05,55.16,22.26,623.02,240.19,144.74,20.59,54.17,981.68,592.81,214.99,141.11,72.33,,259.258484,135.182343,220.642715,123.521545,185.462677,94.998993,226.94,131.78,23.96,20.08,203.85,102.62,21.38,127.15,225.64,123.07,213.52,117.12,,,967.71,607.73,245.43,155.43,72.33,54.04
83.66,15.1,-3.79,4.7,-3.46,4.83,-4.83,-2.04,5.41,-5.41,-1.58,5.52,-4.2,-4.2,-5.48,-5.48,-10.99,-10.99,-10,-10,937.55,615.44,256.18,149.45,23.1,51.33,251.25,24.96,295.03,192.56,20.61,55.52,955.51,617.58,242.77,160.68,21.06,54.69,22.27,631.63,250.4,149.35,20.6,54.53,984.76,601.92,226.22,148.88,72.26,,266.698029,141.538208,229.020477,128.928741,192.364029,97.617752,236.27,135.64,24.11,20.07,217.34,106,21.44,131.72,234.59,129.47,225.27,122.69,,,970.13,616.64,254.12,160.18,72.26,54.02
84.68,15.28,-3.59,4.9,-3.27,5.02,-5.02,-1.87,5.58,-5.58,-1.42,5.68,-4.42,-4.42,-5.66,-5.66,-11.22,-11.22,-10.2,-10.2,944.04,624.27,263.61,152.01,23.01,50.51,257.82,25.08,302.77,197.75,20.62,55.65,959.5,626.15,249.96,164.3,21.07,54.52,22.29,640.05,259.9,155.14,20.63,54.17,984.63,610.32,236,153.97,72.46,,274.054749,147.591507,236.916595,134.422302,199.427094,100.73513,244.77,140.07,24.26,20.09,225.84,109.57,21.48,136.52,243.32,135.53,235.87,128.6,,,972.07,625.2,262.45,164.63,72.46,53.71
85.7,14.19,-3.21,5.28,-2.84,5.45,-5.45,-1.5,5.95,-5.95,-1.04,6.06,-4.56,-4.56,-5.87,-5.87,-11.47,-11.47,-10.35,-10.35,952.82,632.8,270.43,155.1,22.93,50.2,263.53,25.09,309.47,201.32,20.61,55.91,961.44,634.49,256.54,167.81,21.07,54.53,22.3,649.35,268.91,157.94,20.64,53.75,986.69,619.29,245.44,159.39,73.14,,280.832458,152.790939,244.363586,139.783447,207.051483,104.362,252.67,144.63,24.41,20.12,234.32,113.36,21.49,141.35,251.53,141.14,247.63,134.65,,,974.06,633.98,270.16,168.31,73.14,53.6
86.73,15.11,-3.14,5.35,-2.77,5.52,-5.52,-1.44,6.01,-6.01,-1.01,6.09,-4.72,-4.72,-6.06,-6.06,-11.66,-11.66,-10.51,-10.51,958.17,641.03,276.37,158.24,23.02,50.08,269.76,25.09,317.69,211.24,20.64,56.18,963.78,642.4,263.65,172.39,21.07,54.44,22.31,657.99,277.94,162.63,20.62,53.61,988.82,628.13,252.36,161.59,73.96,,287.093109,157.851593,250.939072,144.790039,214.275803,108.32473,260.58,149.35,24.52,20.08,243.83,117.31,21.52,146.1,258.73,146.28,252.13,140.52,,,976.3,642.39,277.6,173.22,73.96,53.58
87.75,14.03,-2.74,5.75,-2.35,5.94,-5.94,-1.07,6.38,-6.38,-0.64,6.46,-4.88,-4.88,-6.3,-6.3,-11.94,-11.94,-10.66,-10.66,960.58,648.92,284.32,162.69,23.01,50.26,276.81,25.14,325.4,220.85,20.61,56.37,966.99,649.95,269.74,177.28,21.07,54.31,22.31,666.01,283.23,165.91,20.62,53.96,990.29,636.82,260.25,164.71,74.77,,293.280029,161.470566,256.856995,149.179214,221.700684,112.655365,267.98,154.26,24.66,20.11,251.8,121.6,21.52,149.59,266.15,151.35,258.78,146.13,,,978.64,650.43,284.59,178.29,74.77,53.73
88.78,15.07,-2.73,5.76,-2.32,5.97,-5.97,-1.06,6.39,-6.39,-0.62,6.48,-4.96,-4.96,-6.44,-6.44,-12.07,-12.07,-10.8,-10.8,966.34,656.23,290.83,167.97,22.93,50.32,284.68,25.09,331.72,226.33,20.62,56.71,968.42,657.13,276.49,182.42,21.09,54.41,22.33,671.96,293.4,170.14,20.64,54.14,991.52,645.31,267.29,169.8,75.77,,298.750153,165.996262,260.819275,153.13205,228.877502,117.398598,275.46,159.19,24.82,20.15,258.73,125.98,21.54,152.66,278.33,156.73,265.49,151.18,,,979.97,657.66,291.94,183.33,75.77,53.89
89.8,14.58,-2.54,5.95,-2.07,6.22,-6.22,-0.84,6.61,-6.61,-0.39,6.71,-5.06,-5.06,-6.65,-6.65,-12.24,-12.24,-10.84,-10.84,973.11,662.33,297.73,173.42,22.97,50.13,291.23,25.1,338.38,230.65,20.66,56.98,974.72,659.69,284.33,188.83,21.1,54.59,22.32,674.3,303.98,176.38,20.62,54.45,994.17,653.21,275.33,174.45,76.95,,302.859314,168.962646,266.615265,156.996674,235.928543,122.272362,282.16,164.34,24.94,20.13,267.38,130.27,21.59,156.31,288.51,162.02,271.87,155.66,,,984.45,662.38,299.95,188.75,76.95,54.04
90.82,15.8,-2.48,6.01,-1.98,6.31,-6.31,-0.76,6.69,-6.69,-0.34,6.76,-5.19,-5.19,-6.83,-6.83,-12.46,-12.46,-11.03,-11.03,973.57,667.71,305.18,180.78,22.96,50.82,299.77,25.05,345.11,237.57,20.67,57.03,973.67,658.53,292.01,196.84,21.1,54.84,22.34,671.86,312.57,181.3,20.65,54.86,995.07,661.08,281.23,180.14,78.06,,306.46347,172.749069,272.733765,161.136627,242.968597,127.159988,292.06,169.58,25.08,20.13,274.36,134.33,21.62,161.4,292.34,166.87,278.33,160.09,,,984.37,664.79,307.22,195.32,78.06,54.39
91.85,15.37,-2.25,6.24,-1.68,6.61,-6.61,-0.5,6.95,-6.95,-0.09,7.01,-5.28,-5.28,-7,-7,-12.6,-12.6,-11.13,-11.13,1072.56,670,312.95,187.62,22.98,51.03,306.89,25.07,351.27,242.7,20.68,57.25,975.69,658.71,298.8,203.69,21.11,55.03,22.35,671.11,325.21,187.45,20.64,55.13,997.91,668.34,289.55,187.23,79,,311.207764,177.925156,278.608734,165.287872,249.618988,131.852234,298.95,174.85,25.22,20.15,281.42,138.22,21.63,167.36,296.46,171.96,284.72,164.38,,,986.8,667.04,315.56,201.74,79,54.61
92.87,15.81,-2.12,6.37,-1.52,6.77,-6.77,-0.35,7.1,-7.1,0.03,7.13,-5.44,-5.44,-7.17,-7.17,-12.8,-12.8,-11.26,-11.26,1096.22,670.87,319.6,193.34,22.98,50.32,316.4,25.04,358.28,248.85,20.69,57.25,980.26,660.07,308.54,210.98,21.13,55.37,22.39,672.93,338.01,196.99,20.66,55.2,999.33,675.18,298.16,194.97,79.81,,316.486298,181.310364,284.081024,169.81308,256.1091,136.247589,304.46,180.4,25.41,20.18,289.27,142.43,21.68,173.37,302.8,177.45,291.57,169.4,,,989.79,669.76,324.52,209.03,79.81,54.53
93.9,15.01,-1.81,6.68,-1.18,7.11,-7.11,-0.04,7.41,-7.41,0.34,7.44,-5.52,-5.52,-7.33,-7.33,-12.91,-12.91,-11.32,-11.32,1048.48,672.31,328.22,199.28,22.89,50.84,326.39,25.22,366.28,259.49,20.7,57.71,981.26,662.26,316.62,218.95,21.15,55.34,22.39,675.26,347.51,205.79,20.66,55.9,999.97,681.39,307.79,202.67,80.54,,321.768372,187.983353,289.697479,174.368256,262.383575,140.459702,309.43,185.75,25.55,20.16,297.1,146.97,21.73,180.19,308.85,183.6,298.63,175.14,,,990.61,672.8,333.28,217.24,80.54,54.95
94.92,16.03,-1.76,6.73,-1.06,7.23,-7.23,0.05,7.5,-7.5,0.39,7.49,-5.65,-5.65,-7.49,-7.49,-13.09,-13.09,-11.47,-11.47,1053.98,674.16,335.29,206.55,22.94,51.29,332.68,25.22,374.06,267.87,20.72,58.06,981.21,665.04,322.98,227.06,21.14,55.56,22.39,678.91,354.3,213.08,20.68,55.81,1000.66,684.8,316.73,208.86,81.21,,327.51828,191.342758,295.835724,179.515259,268.652405,144.289551,314.84,191.1,25.65,20.18,304.6,152.05,21.76,186.6,315.02,190.49,306.06,181.28,,,990.94,675.73,340.67,224.68,81.21,55.18
95.95,14.83,-1.39,7.1,-0.66,7.63,-7.63,0.41,7.86,-7.86,0.75,7.85,-5.7,-5.7,-7.68,-7.68,-13.27,-13.27,-11.48,-11.48,1058.36,676.38,341.64,213.04,22.92,51.9,339.81,25.27,379.48,270.53,20.68,58.45,983.31,668.06,330.9,234.05,21.13,55.92,22.39,683.34,359.07,216.33,20.67,56.43,1004.44,685.42,328.27,218.32,81.82,,332.983398,195.657486,302.027161,184.502747,275.623138,147.858398,321.7,196.65,25.75,20.16,313.66,156.81,21.74,194.02,321.84,197.86,313.16,187.95,,,993.88,678.3,347.87,230.45,81.82,55.67
96.97,16.01,-1.33,7.16,-0.55,7.74,-7.74,0.5,7.95,-7.95,0.83,7.93,-5.83,-5.83,-7.83,-7.83,-13.37,-13.37,-11.56,-11.56,1019.03,678.9,348.62,221.44,22.82,51.83,345.89,25.29,384.02,278.79,20.7,58.7,984.18,671.06,335.13,241.85,21.11,55.92,22.37,687.53,363.77,220.49,20.68,57.56,1004.52,685.09,341.17,226.27,82.46,,338.580994,199.840332,308.462677,190.107498,281.8302,150.995636,346.76,202.41,25.85,20.17,321.39,161.29,21.73,200.66,331.19,205.2,320.46,194.57,,,994.35,680.64,354.54,237.77,82.46,56
98,16.24,-1.18,7.31,-0.35,7.94,-7.94,0.66,8.11,-8.11,1.01,8.11,-5.98,-5.98,-7.95,-7.95,-13.62,-13.62,-11.87,-11.87,1001.23,681.48,354.31,228.81,22.8,52.44,350.67,25.22,388.58,287.93,20.68,58.91,985.77,674.01,338.55,247.63,21.11,56.14,22.36,691.1,365.5,226.12,20.67,57.9,1007.46,685.95,350.23,233,83.14,,343.988129,204.242065,314.566132,195.747162,287.666168,154.194534,335.22,207.84,25.92,20.16,329.17,165.25,21.75,206.58,338.73,212.22,329.67,200.24,,,996.61,683.13,359.43,244.7,83.14,56.35
99.05,14.86,-0.81,7.68,0.06,8.35,-8.35,1.04,8.49,-8.49,1.4,8.5,-6.01,-6.01,-8.09,-8.09,-13.73,-13.73,-11.92,-11.92,1023.42,684.38,358.96,235.26,22.83,53.3,352.12,25.19,389.61,289.76,20.71,58.89,988.03,677.39,341.26,253.03,21.1,56.48,22.36,695.03,364.48,229.76,20.65,58.36,1008.6,689.88,356.03,239.8,83.78,,349.906982,210.873978,320.584137,200.756836,295.343872,158.655014,341.72,212.96,26.3,20.17,335.48,169.34,21.77,214.36,346.19,218.75,338.32,206.41,,,998.31,686.67,362.07,249.52,83.78,56.76
100.08,15.7,-0.73,7.76,0.08,8.37,-8.37,1.1,8.55,-8.55,1.47,8.57,-6.16,-6.16,-8.21,-8.21,-13.92,-13.92,-12.15,-12.15,1015.41,687.31,362.66,242.09,22.89,52.83,355.46,25.22,391.59,299.8,20.7,58.46,990.08,680.61,342.67,257.15,21.11,56.64,22.34,698.99,362.85,231.52,20.65,57.71,1010.19,692.12,357.76,241.93,84.32,,354.851837,214.731827,326.912384,206.105576,301.909088,163.078888,349.13,217.94,26.35,20.13,341.91,173.76,21.81,219.8,352.7,224.49,345.41,210.87,,,1000.13,689.76,363.51,254.5,84.32,56.41
101.1,16.54,-0.7,7.79,0.15,8.44,-8.44,1.14,8.59,-8.59,1.55,8.65,-6.28,-6.28,-8.32,-8.32,-14.08,-14.08,-12.26,-12.26,1032.7,690.4,363.28,247.47,22.98,53.42,357.55,25.43,393.3,302.72,20.72,58.11,991.8,683.4,342.76,261.48,21.13,56.7,22.34,702.87,361.28,235.48,20.64,57.39,1011.92,694.35,356.66,247.47,84.74,,359.524445,217.959839,333.19931,211.294632,309.230377,167.983948,355.84,222.62,26.44,20.15,347.47,177.91,21.85,225.15,359.94,229.53,351.38,214.83,,,1001.86,692.75,363.45,258.93,84.74,56.4
102.13,14.26,-0.33,8.16,0.62,8.91,-8.91,1.57,9.02,-9.02,1.99,9.09,-6.37,-6.37,-8.47,-8.47,-14.18,-14.18,-12.35,-12.35,1039.81,693.32,360,253.08,22.97,52.86,359.91,25.36,394.62,305.74,20.74,57.41,993.35,685.86,343.62,267.41,21.15,56.98,22.37,706.49,359.77,238.41,20.67,57.49,1013.58,696.69,356.54,252.07,85.04,,364.630371,227.961044,339.074738,215.885178,316.674347,173.040329,359.63,226.9,27.95,20.19,352.08,181.77,21.91,230.94,364.93,233.98,356.73,218.6,,,1003.47,695.59,362.91,263.34,85.04,56.19
103.15,15,-0.29,8.2,0.68,8.97,-8.97,1.63,9.08,-9.08,2.06,9.16,-6.46,-6.46,-8.51,-8.51,-14.28,-14.28,-12.5,-12.5,1022.38,696.38,364.95,258.96,22.92,53.08,363.41,25.34,396.57,305.26,20.71,57.03,995.06,688.43,342.98,272.68,21.12,56.97,22.37,709.87,359.17,241.51,20.67,57.41,1015.24,698.65,357.04,255.71,85.3,,371.647003,230.070038,344.108215,220.797913,324.81424,177.939133,365.42,231.22,28.03,20.18,355.21,185.32,21.88,235.84,370.06,238.34,362.1,222.24,,,1005.15,698.33,364.14,266.82,85.3,56.12
104.18,15.74,-0.23,8.26,0.71,9,-9,1.66,9.11,-9.11,2.15,9.25,-6.58,-6.58,-8.62,-8.62,-14.41,-14.41,-12.61,-12.61,1018.98,699.1,362.61,264.93,22.87,53.68,365.96,25.54,397.4,312.78,20.74,57.05,997.73,690.9,337.72,275.09,21.15,56.87,22.39,712.93,358.71,244.58,20.68,57.97,1016.9,700.26,354.59,679.32,85.57,,379.638763,234.154633,349.712738,225.139969,331.259033,182.676376,370.81,235.57,28.14,20.21,357.89,188.49,21.93,240.57,375.37,242.8,367.43,225.48,,,1007.32,700.8,362.21,274.34,85.57,56.39
105.21,15,-0.06,8.43,0.96,9.25,-9.25,1.86,9.31,-9.31,2.39,9.49,-6.63,-6.63,-8.67,-8.67,-14.49,-14.49,-12.72,-12.72,1023.42,701.48,357.13,271.08,22.8,53.91,367.55,25.6,398.47,312.98,20.71,56.66,997.29,692.89,331.68,279.61,21.17,56.99,22.39,715.83,358.69,248.44,20.68,57.97,1018.56,701.44,354.31,625.93,85.82,,385.509674,239.258911,355.045044,228.524536,336.936462,187.195419,375.66,239.77,28.26,20.24,360.09,191.33,21.93,245.33,380.84,246.99,372.57,228.79,,,1007.93,702.91,360.06,278.03,85.82,56.39
106.23,15.68,-0.01,8.48,1.01,9.3,-9.3,1.9,9.35,-9.35,2.46,9.56,-6.73,-6.73,-8.74,-8.74,-14.59,-14.59,-12.82,-12.82,1012.97,703.59,347.92,275.4,22.87,54.36,369.41,25.74,401.16,318.36,20.72,56.54,998.95,694.98,333.76,288.97,21.14,57.13,22.38,718.58,358.91,252.76,20.66,58.82,1020.22,702.36,353.87,623.12,85.99,,391.186768,242.949295,360.31955,232.277267,343.108795,191.251175,380.82,243.84,28.3,20.22,361.8,194.15,21.92,249.83,386.36,251.25,377.44,231.96,,,1009.59,704.88,359.12,283.87,85.99,56.71
107.26,14.83,0.31,8.8,1.48,9.77,-9.77,2.26,9.71,-9.71,2.89,9.99,-6.79,-6.79,-8.87,-8.87,-14.67,-14.67,-12.91,-12.91,1072.89,705.48,344.72,281.46,22.97,54.3,371.97,25.7,402.29,320.94,20.75,56.33,1000.42,696.2,324.72,292.18,21.15,57.26,22.38,721.26,359.52,253.93,20.66,57.78,1021.88,703.53,354.24,641.06,86.24,,395.675964,247.624985,365.914703,235.072845,348.364075,195.477417,389.89,247.85,28.37,20.21,363.2,196.8,21.99,255.33,392.02,255.29,382.08,235.35,,,1011.15,706.62,357.1,287.13,86.24,56.42
108.29,14.96,0.32,8.81,1.48,9.77,-9.77,2.27,9.72,-9.72,2.88,9.98,-6.83,-6.83,-8.86,-8.86,-14.71,-14.71,-12.93,-12.93,1079.69,707.26,343.31,285.58,23.01,54.96,374.26,25.52,404.51,322.16,20.73,56.6,1003.22,698.08,328.56,295.97,21.18,57.04,22.39,723.72,360.23,257.56,20.66,58.44,1023.54,704.77,354.06,633.31,86.44,,400.433502,251.204147,371.089569,239.017807,352.622772,198.78331,392.95,251.69,28.42,20.2,364.3,199.35,21.98,259.57,397.06,259.7,386.47,238.26,,,1013.38,708.45,358.14,290.32,86.44,56.76
109.31,15.37,0.35,8.84,1.49,9.78,-9.78,2.3,9.75,-9.75,2.92,10.02,-6.9,-6.9,-8.87,-8.87,-14.78,-14.78,-13.02,-13.02,1027.18,708.85,338.84,288.87,23.08,54.32,377.37,25.49,406.86,331.15,20.75,56.74,1000.92,699.93,320.81,301.99,21.18,57.12,22.41,726.04,361.32,259.87,20.67,57.79,1025.2,706.21,354.93,583.44,86.64,,405.472137,255.107086,376.069275,242.560852,357.041321,201.427643,399.63,255.45,28.49,20.21,365,201.68,22.03,263.67,402,263.78,390.4,241.64,,,1013.06,710.26,356.55,295.47,86.64,56.49
110.34,14.34,0.44,8.93,1.7,9.99,-9.99,2.48,9.93,-9.93,3.1,10.2,-6.95,-6.95,-8.92,-8.92,-14.8,-14.8,-13.06,-13.06,1025.04,710.35,338.66,293.62,23.12,54.6,379.25,25.59,408.55,336.82,20.78,56.75,1000.11,701.62,320.05,306.37,21.17,57.2,22.4,728.22,362.24,263.73,20.69,58.42,1026.86,707.12,356.99,588.55,86.8,,410.570801,258.910858,381.709137,245.973633,361.105255,204.979218,406.49,259.15,28.52,20.22,365.73,203.96,22.07,267.83,406.94,267.81,394.19,244.87,,,1013.49,711.83,357.3,300.13,86.8,56.74
111.37,15,0.45,8.94,1.76,10.05,-10.05,2.53,9.98,-9.98,3.16,10.26,-7.02,-7.02,-8.93,-8.93,-14.8,-14.8,-13.16,-13.16,1006.67,711.71,340.24,296.27,22.99,53.38,381.53,25.41,410.04,335.24,20.71,56.68,1005.28,703.29,322.33,310.13,21.17,56.95,22.36,730.25,363.71,266.85,20.68,58.15,1028.52,707.9,358.89,591.3,87.06,,414.918701,262.474701,386.85611,249.468964,364.737488,207.44043,411.2,262.89,28.55,20.19,366.53,206.35,22.09,272.15,412.05,271.76,397.81,248.07,,,1016.9,713.29,359.04,302.12,87.06,56.29
112.4,15.57,0.47,8.96,1.81,10.1,-10.1,2.57,10.02,-10.02,3.21,10.31,-7.11,-7.11,-8.96,-8.96,-14.86,-14.86,-13.2,-13.2,1005.36,712.99,341.13,298.53,23.13,53.69,386.01,25.39,413.06,344.34,20.77,56.74,1004.04,705.14,322.01,318.73,21.21,57.27,22.4,732.23,364.85,270.31,20.71,58.11,1030.18,708.95,359.85,576.56,87.24,,418.889984,265.877319,391.480988,252.940765,368.417511,209.806915,415.73,266.75,28.45,20.23,367.34,208.79,22.15,276.3,417.03,275.73,401.42,251.41,,,1017.11,714.83,360.18,307.97,87.24,56.45
113.43,15.74,0.67,9.16,2.09,10.38,-10.38,2.81,10.26,-10.26,3.43,10.53,-7.19,-7.19,-8.99,-8.99,-14.81,-14.81,-13.17,-13.17,1000.23,714.14,342.83,301.87,23.08,54.35,388.9,25.33,415.28,345.36,20.8,57.31,1002.76,706.86,324.04,321.41,21.23,57.12,22.41,734.2,366.6,274.51,20.73,58.05,1031.84,710.11,361.4,577.91,87.5,,422.869354,269.146484,396.2341,256.353241,371.96225,212.146271,418.79,270.59,28.52,20.25,368.13,211.18,22.18,281.39,421.88,279.35,404.91,254.76,,,1017.3,716.33,362.03,310.79,87.5,56.71
114.46,15.45,0.69,9.18,2.16,10.45,-10.45,2.83,10.28,-10.28,3.47,10.57,-7.22,-7.22,-9,-9,-14.87,-14.87,-13.26,-13.26,1003.8,715.18,348.23,307.2,23.3,53.63,392.67,25.26,418.09,351.56,20.74,56.84,1002.49,708.43,325.55,328.92,21.24,57.46,22.43,735.85,367.76,277.44,20.72,57.62,1033.51,711.51,364.01,598.44,87.78,,426.653503,272.828339,400.068054,259.84964,375.453094,214.400436,421.52,274.52,28.58,20.27,369.16,213.67,22.16,285.99,426.32,283.47,408.07,258.21,,,1018,717.75,364.73,316.28,87.78,56.39
115.48,15.87,0.72,9.21,2.2,10.49,-10.49,2.87,10.32,-10.32,3.5,10.6,-7.25,-7.25,-9.01,-9.01,-14.88,-14.88,-13.3,-13.3,1005.11,716.26,350.35,313.24,23.19,54.22,396.48,25.34,420.54,350.69,20.79,57.44,1008.27,709.95,329.96,340.46,21.19,57.09,22.42,737.43,369.44,282.12,20.71,57.86,1035.17,712.8,366.38,605.83,88.06,,430.448578,276.497864,403.927521,263.176361,379.099274,216.568069,423.42,278.58,28.55,20.21,370.09,216.29,22.17,290.78,431.06,287.92,411.18,261.66,,,1021.72,719.11,367.33,321.63,88.06,56.65
116.51,15.59,0.92,9.41,2.48,10.77,-10.77,3.06,10.51,-10.51,3.71,10.81,-7.32,-7.32,-9.06,-9.06,-14.88,-14.88,-13.3,-13.3,1003.03,717.41,354.63,318.23,22.95,53.48,399.02,25.26,422.57,355.03,20.77,57.31,1007.45,711.48,333.04,347.89,21.21,57.7,22.43,738.86,371.92,286.45,20.73,57.96,1036.83,714.01,369.45,548.21,88.37,,434.036224,280.100342,408.258698,266.295776,382.129639,218.852753,421.91,282.91,28.62,20.22,371.3,218.87,22.21,296.15,435.93,292.09,412.65,265.26,,,1022.14,720.44,370.32,326.9,88.37,56.61
117.54,16.04,0.89,9.38,2.5,10.79,-10.79,3.1,10.55,-10.55,3.73,10.83,-7.33,-7.33,-9.07,-9.07,-14.89,-14.89,-13.37,-13.37,1004.69,718.68,358.47,324.01,23.1,53.42,403.39,25.19,424.86,361.67,20.79,57.45,1005.64,713.23,340.04,355.83,21.23,57.76,22.44,740.15,374.5,290.32,20.72,58.21,1038.49,714.9,372.61,544.62,88.77,,437.951965,283.784973,411.916931,269.780334,385.262299,221.093231,424.42,287.32,28.68,20.23,372.77,221.68,22.23,301.15,441.02,295.23,415.66,269,,,1022.07,721.74,374.1,332.96,88.77,56.71
118.57,15.97,1.2,9.69,2.9,11.19,-11.19,3.41,10.86,-10.86,4.01,11.11,-7.41,-7.41,-9.16,-9.16,-14.86,-14.86,-13.38,-13.38,1137.83,720,363.11,330.83,23.23,53.46,405.39,25.29,427.58,365.13,20.79,57.43,1008,715.14,341.1,363.4,21.19,57.84,22.44,741.42,376.72,294.59,20.71,57.71,1040.15,715.77,375.53,555.52,89.18,,441.853607,287.470428,415.632782,273.046967,387.915649,223.28508,427.34,291.7,28.74,20.24,374.46,224.44,22.23,306.78,446.33,299.02,418.1,272.91,,,1024.07,723.08,376.81,338.49,89.18,56.61
119.61,16.02,1.19,9.68,2.9,11.19,-11.19,3.42,10.87,-10.87,4.01,11.11,-7.4,-7.4,-9.16,-9.16,-14.87,-14.87,-13.34,-13.34,1013.4,721.48,367.05,336.56,23.06,53.8,408.75,25.33,430.3,374.36,20.8,57.61,1009.64,717.09,345.86,369.7,21.21,58.25,22.46,742.66,379.37,299.81,20.72,57.75,1041.81,717.02,380.73,500.31,89.72,,445.418823,290.969696,418.857452,276.682648,390.726471,225.531525,430.4,296.11,28.76,20.24,376.03,227.56,22.26,312.15,451.69,304.37,421.05,277.11,,,1025.72,724.56,380.66,345.11,89.72,56.85
120.64,15.64,1.17,9.66,3.01,11.3,-11.3,3.54,10.99,-10.99,4.09,11.19,-7.41,-7.41,-9.17,-9.17,-14.9,-14.9,-13.36,-13.36,1007.08,723.09,374.17,345.04,22.93,53.94,414.98,25.44,433.14,376.08,20.81,57.78,1007.42,719.38,399.1,369.04,21.2,58.43,22.42,743.85,383.28,306.83,20.72,59.01,1043.47,718.46,384.9,545.68,90.23,,448.972565,294.707764,422.162659,280.347504,393.70401,227.875076,433.34,300.67,28.81,20.24,377.8,230.65,22.23,317.77,457.25,310.31,424.01,281.42,,,1025.44,726.2,394.92,349.25,90.23,57.29
121.67,14.63,1.36,9.85,3.15,11.44,-11.44,3.8,11.25,-11.25,4.31,11.41,-7.42,-7.42,-9.18,-9.18,-14.94,-14.94,-13.39,-13.39,1009.34,724.72,381.83,354.3,22.98,54.13,420.45,25.57,436.62,379.63,20.8,58.13,1008.06,721.58,410.37,377.25,21.2,58.62,22.43,745.11,387.35,313.25,20.73,58.59,1045.13,720.03,390.31,547.28,90.81,,452.598969,299.017517,425.434601,284.29776,396.819794,230.175095,437.12,305.65,28.95,20.27,380.07,234.03,22.25,323.87,462.95,317.99,427.22,285.99,,,1026.59,727.86,401.3,356.11,90.81,57.37
122.7,15.41,1.39,9.88,3.26,11.55,-11.55,3.92,11.37,-11.37,4.41,11.51,-7.41,-7.41,-9.19,-9.19,-14.96,-14.96,-13.47,-13.47,1054.61,726.5,391,364.25,23.1,54.49,425.23,25.66,441.54,384.51,20.78,58.32,1012.77,724.1,418.56,385.85,21.2,58.51,22.41,746.49,391.5,320.9,20.72,58.47,1046.79,722.26,400.38,549.28,91.39,,456.297028,303.364624,428.978516,288.512146,399.517761,232.563309,440.34,310.63,29.32,20.29,382.38,237.43,22.27,330.83,469.28,328.34,430.72,291.24,,,1029.78,729.84,408.6,363.88,91.39,57.45
123.73,16.11,1.46,9.95,3.35,11.64,-11.64,3.98,11.43,-11.43,4.42,11.52,-7.46,-7.46,-9.19,-9.19,-14.98,-14.98,-13.39,-13.39,1027.97,728.57,392.52,369.81,23.1,54.55,431.48,25.56,447.18,392.68,20.83,58.49,1011.62,727.29,430.85,395.68,21.24,59.02,22.4,747.91,400.3,334.48,20.74,58.74,1048.45,724.84,412.97,525.19,92.06,,460.151001,307.542877,432.030518,292.820862,402.385132,235.012253,443.49,315.5,29.48,20.31,385.03,241.18,22.34,337.66,476.45,339.14,435.7,298.46,,,1030.04,732.15,416.76,373.16,92.06,57.7
124.76,15.75,1.79,10.28,3.77,12.06,-12.06,4.28,11.73,-11.73,4.67,11.77,-7.48,-7.48,-9.24,-9.24,-14.99,-14.99,-13.37,-13.37,1138.87,730.82,395.2,372.58,23.14,54.8,436.57,25.51,453.27,398.56,20.81,58.46,1012.47,731.19,434.82,400.34,21.24,59.61,22.42,749.28,412.56,351.28,20.73,58.47,1050.11,727.53,418.34,494.71,92.79,,463.768158,310.916718,435.229218,297.199097,404.649078,237.485291,446.13,320.13,29.53,20.29,388.24,245.3,22.33,344.09,482.73,348.74,442.11,307.21,,,1031.29,734.71,422.84,380.69,92.79,57.84
125.79,15.28,2.05,10.54,4.11,12.4,-12.4,4.55,12,-12,4.88,11.98,-7.48,-7.48,-9.29,-9.29,-15.01,-15.01,-13.39,-13.39,1138.44,733.26,397.32,372.04,23.17,55.15,439.94,25.57,455.99,403.84,20.8,58.81,1013.64,735.69,437.6,404.72,21.24,59.78,22.43,750.99,426.69,375.16,20.74,59.44,1051.77,730.37,422.64,421.39,93.49,,467.269897,314.658722,438.349976,301.84491,406.975403,240.142593,448.63,324.57,29.53,20.22,392.25,250.31,22.34,351.18,487.45,355.06,449.65,318.35,,,1032.7,737.58,428.05,388.94,93.49,58.29
126.82,15.8,2.02,10.51,4.16,12.45,-12.45,4.62,12.07,-12.07,4.89,11.99,-7.46,-7.46,-9.31,-9.31,-15.07,-15.07,-13.38,-13.38,1137.37,735.38,394.95,371.57,23.05,55.16,444.61,25.53,456.98,411.45,20.84,58.97,1012.58,741.96,439.57,406.63,21.24,59.82,22.42,753.8,441.25,414.47,20.74,59.63,1053.43,733.37,426.91,406.63,94.17,,471.014709,318.615265,441.169434,305.558167,409.389099,242.955963,450.9,328.69,29.6,20.25,397.4,256.4,22.38,356.39,491.47,363.35,457.3,333.86,,,1033,741.13,431.93,401.03,94.17,58.39
127.84,15.51,2.56,11.05,4.65,12.94,-12.94,4.97,12.42,-12.42,5.19,12.29,-7.4,-7.4,-9.34,-9.34,-15.01,-15.01,-13.3,-13.3,1102.86,737.11,395.24,371.83,23.22,55.32,447.32,25.59,459.86,412.6,20.84,58.87,1011.31,749.12,440.08,406.03,21.25,60.24,22.43,757.13,444.82,403.61,20.73,59.34,1055.09,736.02,426.87,380.86,94.91,,474.695282,321.932953,443.940796,309.13855,411.334717,246.030289,453.62,332.63,29.62,20.26,403.41,263.67,22.37,361.62,494.84,367.91,463.72,346.43,,,1033.2,744.84,433.37,398.52,94.91,58.44
128.88,14.77,2.89,11.38,5.03,13.32,-13.32,5.3,12.75,-12.75,5.41,12.51,-7.31,-7.31,-9.33,-9.33,-15,-15,-13.24,-13.24,1140.02,738.97,394.97,372.7,23.3,55.85,449.55,25.69,458.92,416.29,20.86,59.07,1015.99,756.5,442.86,404.44,21.23,60.92,22.43,760.46,441.33,396.27,20.75,60.21,1056.75,738.57,428.97,368.01,95.65,,478.219269,325.60022,446.330017,312.526428,413.825195,249.207138,455.82,336.48,28.48,20.22,411.06,272.2,22.38,365.99,497.44,373.32,469.5,357.83,,,1036.37,748.62,433.41,397.43,95.65,59.01
129.91,15.41,2.89,11.38,5.03,13.32,-13.32,5.29,12.74,-12.74,5.41,12.51,-7.31,-7.31,-9.33,-9.33,-15.02,-15.02,-13.27,-13.27,1037.59,740.44,396.68,371.36,23.23,55.64,452.04,25.6,461.82,418.57,20.84,59.06,1016.54,765.2,447.98,399.99,21.25,61.11,22.43,763.73,438.15,388.37,20.73,60.32,1058.41,740.86,429.66,372.71,96.39,,481.543396,328.880768,448.255249,315.810791,415.180725,252.718216,456.95,339.86,28.54,20.29,416.31,278.95,22.37,370.21,500.27,379.44,472.39,363.02,,,1037.47,752.56,434.86,394.57,96.39,59.03
130.93,15.7,2.87,11.36,5.03,13.32,-13.32,5.32,12.77,-12.77,5.43,12.53,-7.3,-7.3,-9.33,-9.33,-14.99,-14.99,-13.2,-13.2,1134.63,741.53,399.39,371.69,23.19,55.84,453.95,25.5,464.14,422.96,20.86,59.26,1015.65,778.91,,404.55,21.27,61.58,22.43,766.69,434.69,381.26,20.74,60.6,1060.07,742.84,432.03,338.38,97.07,,484.798401,332.206299,450.065399,318.949799,416.533081,256.135132,458.16,343.24,28.59,20.29,419.77,284.23,22.41,374.5,503.76,384.78,472.44,366.98,,,1037.86,757.49,432.56,395.11,97.07,59.32
131.96,15.18,2.95,11.44,5.1,13.39,-13.39,5.42,12.87,-12.87,5.48,12.58,-7.25,-7.25,-9.33,-9.33,-14.98,-14.98,-13.2,-13.2,1138.68,742.35,398.71,372.28,23.17,56.11,457.26,25.56,466.49,429.52,20.83,59.35,1018.69,792.13,,411.09,21.26,61.98,22.43,769.38,432.55,378.03,20.74,61.21,1061.73,744.6,433.44,353.19,97.8,,487.981537,335.778412,451.727966,322.142426,417.744629,259.405151,459.22,346.56,28.6,20.29,422.58,288.77,22.39,378.89,506.8,389.76,470.67,370.36,,,1040.21,762.12,432.8,397.73,97.8,59.66
132.99,15.67,3.04,11.53,5.11,13.4,-13.4,5.45,12.9,-12.9,5.51,12.61,-7.19,-7.19,-9.28,-9.28,-14.91,-14.91,-13.14,-13.14,1154.82,743.21,398.9,373.52,23.33,56.03,460.47,25.65,467.5,429.11,20.87,59.33,1018.03,818.34,,415.94,21.24,62.23,22.43,771.68,431.25,375.61,20.73,61.24,1063.39,746.22,434.04,406.38,98.48,,491.293762,339.385925,458.542389,325.8479,418.968689,262.626373,460.35,349.86,28.56,20.25,424.78,292.63,22.35,383.02,510.01,393.81,468.98,372.98,,,1040.71,769.86,432.92,398.54,98.48,59.71
134.02,15.74,3.07,11.56,5.17,13.46,-13.46,5.52,12.97,-12.97,5.57,12.67,-7.12,-7.12,-9.23,-9.23,-14.88,-14.88,-13.11,-13.11,1041.77,744.08,396.64,374.45,23.32,56.64,462.93,25.73,469.05,429.66,20.87,59.61,1019.29,836.73,,415.75,21.2,62.39,22.42,773.59,430.98,375.24,20.72,61.32,1065.05,747.87,434.31,435.94,99.22,,494.205933,342.737274,457.649689,328.920685,420.039551,265.634613,461.55,353.22,28.59,20.25,426.55,296.08,22.34,386.77,512.28,397.16,467.59,374.08,,,1042.17,775.56,432.75,398.78,99.22,59.99
135.05,15.43,3.22,11.71,5.26,13.55,-13.55,5.64,13.09,-13.09,5.67,12.77,-7.12,-7.12,-9.21,-9.21,-14.89,-14.89,-13.04,-13.04,1158.27,745.11,396.35,375.27,23.25,56.44,463.34,25.74,469.35,429.64,20.88,59.74,1020,859.96,,423.29,21.24,62.81,22.42,775.25,430.78,372.39,20.7,61.67,1066.71,749.61,434.7,457.48,99.96,,496.804779,345.851807,458.046997,331.972748,421.487122,268.576996,462.58,356.71,28.6,20.27,429.15,299.81,22.34,389.9,511.62,400.05,465.93,375.01,,,1043.35,782.48,432.8,400.15,99.96,60.17
136.09,13.83,4.01,12.5,5.86,14.15,-14.15,6.14,13.59,-13.59,6.19,13.29,-6.9,-6.9,-9.09,-9.09,-14.9,-14.9,-13.14,-13.14,1165,746.32,397.05,376.69,23.34,57.09,461.55,25.74,468.1,427,20.94,59.78,1019.3,884.03,,427.97,21.26,63.37,22.42,776.5,431.16,370.63,20.73,61.29,1068.37,751.43,434.7,473.23,100.76,,498.734558,348.213593,459.465088,335.102631,422.698608,271.99176,463.29,359.9,28.6,20.26,431.73,303.51,22.38,393.96,511.63,401.91,464.34,375.64,,,1043.83,789.57,432.75,400.57,100.76,60.39
137.12,15.91,3.91,12.4,5.73,14.02,-14.02,6.02,13.47,-13.47,6.07,13.17,-6.9,-6.9,-9.04,-9.04,-14.87,-14.87,-13.12,-13.12,1165.66,747.56,397.98,378.15,23.36,57.29,460.79,25.77,468.12,425.78,20.95,60.02,1021.92,914.99,,431.92,21.26,63.73,22.42,777.55,431.88,372.11,20.72,61.66,1070.03,753.45,434.77,486.19,101.68,,500.742187,351.118927,460.44754,338.045105,422.85199,275.589386,463.54,362.84,28.56,20.32,433.4,306.7,22.37,397.54,510.09,403.65,463.43,377.4,,,1045.98,798.39,433.19,401.99,101.68,60.68
138.15,15.99,3.94,12.43,5.74,14.03,-14.03,6.02,13.47,-13.47,6.08,13.18,-6.9,-6.9,-9.01,-9.01,-14.86,-14.86,-13.12,-13.12,1162.22,748.48,401.28,379.77,23.31,57.92,461.09,25.72,468.56,427.78,20.97,60.41,1019.73,949.81,,436.32,21.28,63.98,22.42,778.3,433.31,373.15,20.72,62.15,1071.69,755.32,436.2,524.31,102.63,,502.635681,353.830902,461.143738,340.737823,422.713318,278.854675,463.91,365.58,28.58,20.33,434.7,309.77,22.35,400.03,508.26,405.23,463.22,378.26,,,1045.71,807.98,434.84,404.26,102.63,61.12
139.18,15.6,4.08,12.57,5.87,14.16,-14.16,6.19,13.64,-13.64,6.25,13.35,-6.83,-6.83,-8.96,-8.96,-14.87,-14.87,-13.07,-13.07,1130.11,749.38,399.46,381.97,23.36,57.9,459.8,25.68,467.79,422.81,20.98,60.39,1016.02,975.17,,440.46,21.28,64.69,22.4,777.94,434.58,373.21,20.71,62.13,1073.35,757.34,435.26,518.84,103.7,,504.389984,355.878601,462.212006,343.22403,421.465576,281.391968,464.32,368.29,28.58,20.31,435.61,312.35,22.36,402.2,508.13,407.04,463.27,379.08,,,1044.69,814.96,434.27,404.61,103.7,61.28
140.21,15.75,4.1,12.59,5.86,14.15,-14.15,6.19,13.64,-13.64,6.25,13.35,-6.83,-6.83,-8.89,-8.89,-14.81,-14.81,-13.08,-13.08,1096.15,750.43,402.28,383.32,23.48,57.89,460.59,25.68,467.39,421.44,21.05,60.43,1014.59,1007.53,,442.19,21.29,65.51,22.39,988.13,436.53,376.1,20.73,62.35,1075.01,759.57,436.51,538.07,104.93,,506.201508,358.036041,462.673431,345.562286,419.661438,284.101318,464.63,371.03,28.58,20.3,436.26,314.79,22.37,403.7,509.07,409,463.62,380.17,,,1044.8,876.42,435.68,405.76,104.93,61.55
141.24,15.99,4.07,12.56,5.86,14.15,-14.15,6.2,13.65,-13.65,6.27,13.37,-6.83,-6.83,-8.84,-8.84,-14.78,-14.78,-13.12,-13.12,1101.15,751.22,408.55,385.06,23.46,58.16,461.01,25.8,467.71,423.45,21.01,60.32,1020.63,1016.23,,447.12,21.32,66.37,22.38,1009.47,439.68,381.06,20.72,62.37,1076.67,761.87,433.93,555.02,106.3,,507.719391,359.90213,462.960724,347.517792,418.287537,286.518555,465.13,373.58,28,20.34,437.25,317.02,22.33,405.2,511.19,411.2,464.46,381.6,,,1048.65,884.7,437.47,409.17,106.3,61.81
142.27,15.79,4.27,12.76,6.04,14.33,-14.33,6.38,13.83,-13.83,6.44,13.54,-6.8,-6.8,-8.77,-8.77,-14.74,-14.74,-13.13,-13.13,1110.03,752.05,423.89,387.48,23.57,58.54,462.63,25.93,468.01,421.22,21.03,60.49,1021.86,1040.26,,453.11,21.35,67.01,22.38,1014.26,447.24,386.29,20.73,62.28,1078.33,764.67,436.14,570.71,107.79,,509.477631,360.824127,464.475464,349.475372,417.49527,289.163147,465.77,376.08,28.33,20.31,440.33,319.24,22.34,407.06,513.83,413.94,466.49,384.18,,,1050.1,892.81,443.82,412.03,107.79,62.08
143.3,15.88,4.26,12.75,6.03,14.32,-14.32,6.39,13.84,-13.84,6.44,13.54,-6.8,-6.8,-8.71,-8.71,-14.69,-14.69,-13.11,-13.11,1109.78,752.97,432.94,390.75,23.48,58.73,465.17,25.91,469.57,424.88,21.09,60.68,1023.15,1169.45,,458.93,21.35,67.92,22.37,1016.35,459.44,394.16,20.71,63.02,1079.99,767.12,438.56,563.82,109.2,,511.765289,362.917511,465.725006,351.971191,416.634247,291.756836,466.43,378.63,28.45,20.26,445.42,321.79,22.36,408.42,516.98,417.36,470.22,388.39,,,1051.57,926.47,450.13,417.18,109.2,62.59
144.33,13.35,4.38,12.87,6.18,14.47,-14.47,6.66,14.11,-14.11,6.64,13.74,-6.8,-6.8,-8.7,-8.7,-14.73,-14.73,-13.11,-13.11,1037.84,754.06,437.13,393.98,23.43,59.38,467.08,25.88,470.83,427.28,21.01,60.48,1027.46,1174.14,,468.37,21.39,68.53,22.38,1018.57,473.06,407.51,20.72,64.01,1081.65,769.41,438.14,570.55,110.46,,513.290527,364.665863,466.972748,354.523163,415.779938,294.045624,467.29,381.26,28.59,20.33,451.38,324.93,22.33,409.74,521.12,421.34,475.73,394.36,,,1054.56,929.04,454.79,424.28,110.46,63.1
145.36,15.64,4.39,12.88,6.18,14.47,-14.47,6.59,14.04,-14.04,6.57,13.67,-6.81,-6.81,-8.68,-8.68,-14.69,-14.69,-13.13,-13.13,1056.18,755.56,442.16,397.94,23.4,59.58,469.33,25.75,472.31,429.73,20.98,60.83,1025.02,1174.67,,479.76,21.42,69.67,22.36,1019.43,484.9,419.8,20.72,64.53,1083.31,771.87,440.87,599.49,111.83,,513.855652,366.40094,467.995117,356.925018,415.193481,295.95694,468.39,383.8,28.73,20.36,457.45,328.42,22.35,411.28,526.34,425.9,481.58,401.37,,,1054.16,930.38,460.06,431.81,111.83,63.65
146.4,15.84,4.39,12.88,6.17,14.46,-14.46,6.62,14.07,-14.07,6.59,13.69,-6.81,-6.81,-8.65,-8.65,-14.77,-14.77,-13.17,-13.17,1027.61,757.92,444.85,401.29,23.42,59.87,472.14,25.67,474.36,435.38,21.08,61.08,1029.18,1181.9,,489,21.49,70.7,22.39,1021.09,494.15,432,20.74,64.74,1084.97,775,443.81,637.39,113.52,,513.661499,368.14621,467.891327,358.988678,414.576813,297.618286,470.12,386.41,28.77,20.33,463.53,332.53,22.39,412.92,531.83,430.85,487.05,408.65,,,1057.08,933.98,464.29,439.42,113.52,64.1
147.43,16.04,4.4,12.89,6.18,14.47,-14.47,6.65,14.1,-14.1,6.58,13.68,-6.81,-6.81,-8.6,-8.6,-14.77,-14.77,-13.23,-13.23,1042.25,760.74,432.89,403.98,23.47,60.11,474.23,25.73,475.99,434.44,21.1,61.23,1029.42,1184.38,,494.05,21.56,71.66,22.41,1022.05,501.25,443.24,20.76,65.24,1086.63,778.55,444.23,777.64,116.1,,513.547241,369.921204,467.5112,361.121674,414.120941,299.698151,471.86,389.11,28.83,20.31,469.04,337.04,22.38,414.81,537.01,436.07,491.81,416.23,,,1058.02,936.43,463.59,443.93,116.1,64.56
148.46,15.91,4.87,13.36,6.44,14.73,-14.73,7.41,14.86,-14.86,7.08,14.18,-6.78,-6.78,-8.53,-8.53,-14.69,-14.69,-13.18,-13.18,1000.17,758.66,438.82,407.48,23.52,60.54,473.54,25.7,474.4,434.92,21.13,61.13,1016.76,1166.14,,482.18,21.62,72.76,22.39,1007.67,507.83,451.86,20.77,66.85,1088.29,776.71,448.41,,119.75,,511.522522,372.244019,468.423889,362.732269,413.826294,301.703949,479.79,391.66,29.09,20.32,472.54,340.55,22.38,418.22,539.39,440.05,496.05,421.25,,,1052.53,927.3,467.36,444.11,119.75,65.32
149.51,15.79,4.9,13.39,6.44,14.73,-14.73,7.41,14.86,-14.86,7.08,14.18,-6.77,-6.77,-8.49,-8.49,-14.67,-14.67,-13.19,-13.19,993.09,755.89,445.65,410.84,23.63,61.59,475.98,25.86,474.27,437.09,21.18,61.32,1014.09,1155.1,,482.36,21.62,73.81,22.37,1003.05,513.53,461.4,20.77,66.91,1089.95,776.51,451.53,,124.6,,507.62851,373.637909,465.857483,364.415039,414.312561,304.556671,481.56,394.27,29.33,20.33,476.87,345.2,22.36,420.23,541.03,444.36,501.29,427.68,,,1052.02,922.64,471.25,447.92,124.6,65.91
150.54,15.82,4.88,13.37,6.43,14.72,-14.72,7.41,14.86,-14.86,7.09,14.19,-6.76,-6.76,-8.44,-8.44,-14.66,-14.66,-13.2,-13.2,989.73,756.09,452.39,414.61,23.7,62.02,478.55,26,474.93,439.71,21.2,61.62,1014.45,1152.32,,485.53,21.67,74.8,22.37,1001.1,518.19,469.5,20.78,67.74,1091.61,777.14,454.75,,129.02,,501.359009,375.130707,463.349457,366.472565,414.874268,307.41983,483.19,396.87,29.39,20.33,481.12,350.07,22.37,422.47,543.67,448.52,505.77,433.82,,,1053.03,921.66,475.07,452.34,129.02,66.54
151.58,15.61,5.03,13.52,6.54,14.83,-14.83,7.5,14.95,-14.95,7.11,14.21,-6.75,-6.75,-8.39,-8.39,-14.64,-14.64,-13.21,-13.21,990.12,761.67,449.1,418.42,23.79,62.85,482.34,26.08,475.92,443.22,21.23,62.01,1013.13,1152.36,,489.54,21.72,75.82,22.38,999.53,522,475.72,20.8,68.74,1093.27,776.08,457.26,,132.69,,497.463867,376.674316,460.968964,368.376953,415.408844,309.686188,484.59,399.34,29.48,20.3,484.79,354.81,22.39,424.73,546.98,452.94,509.86,439.6,,,1053.2,922.41,476.07,456.73,132.69,67.36
152.61,15.7,5.03,13.52,6.55,14.84,-14.84,7.5,14.95,-14.95,7.13,14.23,-6.74,-6.74,-8.35,-8.35,-14.63,-14.63,-13.22,-13.22,991.96,771.45,452.69,422.71,24.04,63.49,484.4,26.08,477.06,445.54,21.25,62.7,1012.64,1145.25,,491.67,21.74,77.05,22.39,999.11,524.99,479.04,20.83,69.82,1094.93,778.17,459.49,,136.11,,495.326813,378.314301,459.318146,370.422668,415.848816,311.512451,486.24,401.91,29.58,20.35,488.01,359.43,22.4,427.12,550,457.39,513.26,444.74,,,1053.79,923.5,478.56,459.74,136.11,68.27
153.64,15.73,4.99,13.48,6.57,14.86,-14.86,7.51,14.96,-14.96,7.1,14.2,-6.73,-6.73,-8.3,-8.3,-14.61,-14.61,-13.23,-13.23,1005.3,789.54,455,426.65,24.05,63.9,485.81,26.15,477.33,445.33,21.31,63.41,1011.65,1147.18,,495.69,21.77,78.13,22.39,999.04,527.41,481.52,20.84,70.43,1096.59,781.34,461.57,,140.04,,493.981537,379.9534,458.415802,372.550598,416.485565,313.573242,487.77,404.34,29.68,20.38,491.04,363.94,22.42,429.29,552.47,461.38,516.28,449.65,,,1054.12,929.28,480.33,462.3,140.04,68.97
154.67,15.82,5.01,13.5,6.56,14.85,-14.85,7.51,14.96,-14.96,7.12,14.22,-6.72,-6.72,-8.26,-8.26,-14.6,-14.6,-13.24,-13.24,992.89,805.86,453.64,431.19,23.97,64.72,492.38,26.19,479.78,453.42,21.3,64.33,1010.74,1151.73,,494.49,21.81,78.98,22.43,999.23,531.12,483.61,20.88,71.93,1098.25,786.53,463.72,,144.9,,493.177429,381.62088,457.924561,374.740112,417.054535,315.512695,489.31,407.01,29.76,20.4,493.77,368.17,22.46,432.09,554.15,465.3,519.37,454.37,,,1054.5,935.84,482.07,465.68,144.9,69.99
155.71,15.65,5.03,13.52,6.44,14.73,-14.73,7.43,14.88,-14.88,7.02,14.12,-6.71,-6.71,-8.21,-8.21,-14.58,-14.58,-13.25,-13.25,1046.05,860.56,457.85,434.9,23.99,65.42,490.32,26.27,480.38,449.73,21.3,64.78,1012.96,1153.66,,498.64,21.82,80.02,22.43,999.63,534.59,485.98,20.92,73.95,1099.91,793.04,465.87,,150.21,,492.598724,383.310059,457.718689,376.943939,417.759583,317.395782,491.12,409.66,28.24,20.42,496.48,372.25,22.47,434.33,555.69,468.99,522.41,458.51,,,1056.44,951.72,484.67,467.31,150.21,71.04
156.75,15.9,5.01,13.5,6.44,14.73,-14.73,7.44,14.89,-14.89,7.02,14.12,-6.7,-6.7,-8.17,-8.17,-14.57,-14.57,-13.26,-13.26,990.08,900.63,457.55,439.03,24,66.37,498.28,26.39,483.05,459.83,21.32,65.5,1013.75,1155.45,,499.14,21.87,80.9,22.42,1000.53,536.33,487.31,20.91,74.94,1101.57,799.6,468.9,,154.92,,492.311096,384.979736,457.706635,378.968048,418.363403,319.003662,492.87,412.51,28.32,20.45,498.82,376.45,22.49,436.87,556.47,472.35,525.73,462.21,,,1057.66,964.05,486.46,471.33,154.92,71.93
157.79,15.81,5.02,13.51,6.34,14.63,-14.63,7.44,14.89,-14.89,7.02,14.12,-6.7,-6.7,-8.12,-8.12,-14.55,-14.55,-13.27,-13.27,990.82,926.16,461.6,442.49,24.04,66.84,496.56,26.46,483.96,457.25,21.36,65.73,1012.57,1148.41,,502.73,21.92,81.84,22.44,1001.88,538.73,488.52,20.92,76.79,1103.24,806.79,471.09,,158.31,,492.25058,386.328735,457.844849,380.947266,418.907806,320.681763,494.43,415.25,28.33,20.43,500.96,380.52,22.5,439.02,557.21,475.21,538.83,465.74,,,1057.9,970.81,488.84,472.75,158.31,72.8
158.82,15.98,5.04,13.53,6.01,14.3,-14.3,7.37,14.82,-14.82,7.02,14.12,-6.69,-6.69,-8.08,-8.08,-14.54,-14.54,-13.28,-13.28,991.08,944.74,466.59,446.12,24.09,67.98,498.49,26.34,484.85,459.13,21.41,66.41,1014.57,1147.86,,505.28,21.96,82.28,22.46,1000.65,539.9,490.85,20.95,77.65,1104.9,817.81,473.08,,161.15,,492.329437,388.060822,458.142059,382.85556,419.470825,322.248962,495.71,417.72,28.43,20.49,502.98,384.42,22.53,441.36,558.69,477.7,545.15,469.16,,,1059.73,977.76,491.1,475.34,161.15,73.58
159.85,15.72,5.1,13.59,5.59,13.88,-13.88,7.35,14.8,-14.8,7.02,14.12,-6.68,-6.68,-8.03,-8.03,-14.52,-14.52,-13.29,-13.29,1042.66,963.83,467.81,449.43,24,69.12,499.97,26.22,486.34,460.7,21.41,67.02,1013.49,1149.76,,506.33,21.94,82.84,22.45,1002.83,541.39,493.54,20.96,78.87,1106.56,829.47,475.56,,163.93,,492.539978,390.010284,458.613373,384.816132,420.033386,323.927887,497.17,420.18,28.49,20.5,504.87,388.33,22.51,443.38,561.11,480.54,547.74,472.09,,,1060.02,986.47,492.78,477.5,163.93,74.46
160.89,15.3,5.1,13.59,3.71,12,-12,7.2,14.65,-14.65,7.02,14.12,-6.67,-6.67,-7.99,-7.99,-14.5,-14.5,-13.29,-13.29,1056.61,975.3,470.06,452.24,24.29,69.66,500.63,26.22,486.97,461.16,21.37,67.35,1013.49,1152.54,,508.74,21.96,83.41,22.46,1003.24,543.25,495.37,20.96,79.66,1108.22,839.8,476.75,,166.9,,492.793304,391.885162,459.233368,386.812347,420.608185,325.908173,498.53,422.71,28.47,20.43,506.8,392.19,22.47,445.21,564.78,485.47,552.63,474.64,,,1060.85,992.72,494.26,479.38,166.9,75.02
161.92,11,5.59,14.08,-16.74,-8.45,8.45,7.33,14.78,-14.78,7.44,14.54,-6.66,-6.66,-7.94,-7.94,-14.49,-14.49,-13.3,-13.3,1064.91,981.75,475.84,454.92,24.44,69.98,502.49,26.5,488.38,461.62,21.43,67.32,1013.34,1146.4,,510.85,22.01,84.33,22.47,1002.82,544.65,497.76,20.97,80.01,1109.88,881.13,479.48,,170.44,,493.026978,393.997864,460.00473,388.759552,421.183838,327.817596,500.28,425.34,28.5,20.55,522.3,396.3,22.53,446.77,601.35,496.15,575.43,477.15,,,1061.61,1003.02,497.09,481.29,170.44,75.41
161.97,9.97,5.75,14.24,-17.7,-9.41,9.41,7.48,14.93,-14.93,7.56,14.66,-6.65,-6.65,-7.9,-7.9,-14.47,-14.47,-13.31,-13.31,1071.64,981.75,478.15,454.92,24.46,69.98,502.49,26.53,488.38,462.41,21.43,67.34,1013.34,1143.32,,511.08,22.01,84.39,22.47,1001.51,544.65,499.14,20.97,80.06,1111.54,881.13,479.16,,170.59,,493.026978,393.997864,460.302338,388.921509,421.183838,327.817596,500.28,425.58,28.5,20.55,524.35,396.75,22.53,446.77,628.86,500.45,575.43,477.15,,,1062.44,1001.93,497.59,481.89,170.59,75.44
